solid OpenSCAD_Model
  facet normal -1 0 0
    outer loop
      vertex 0 0 0
      vertex 0 178 161
      vertex 0 178 0
    endloop
  endfacet
  facet normal -1 -0 0
    outer loop
      vertex 0 178 161
      vertex 0 0 0
      vertex 0 0 161
    endloop
  endfacet
  facet normal 0 0 1
    outer loop
      vertex 118 178 161
      vertex 115 175 161
      vertex 118 0 161
    endloop
  endfacet
  facet normal 0 0 1
    outer loop
      vertex 118 178 161
      vertex 3 175 161
      vertex 115 175 161
    endloop
  endfacet
  facet normal 0 0 1
    outer loop
      vertex 3 175 161
      vertex 0 178 161
      vertex 3 3 161
    endloop
  endfacet
  facet normal -0 0 1
    outer loop
      vertex 0 178 161
      vertex 3 175 161
      vertex 118 178 161
    endloop
  endfacet
  facet normal -0 0 1
    outer loop
      vertex 115 3 161
      vertex 118 0 161
      vertex 115 175 161
    endloop
  endfacet
  facet normal -0 0 1
    outer loop
      vertex 3 3 161
      vertex 118 0 161
      vertex 115 3 161
    endloop
  endfacet
  facet normal 0 0 1
    outer loop
      vertex 3 3 161
      vertex 0 0 161
      vertex 118 0 161
    endloop
  endfacet
  facet normal 0 0 1
    outer loop
      vertex 0 0 161
      vertex 3 3 161
      vertex 0 178 161
    endloop
  endfacet
  facet normal 1 0 0
    outer loop
      vertex 118 14 50
      vertex 118 2.4 3
      vertex 118 14 3
    endloop
  endfacet
  facet normal 1 0 0
    outer loop
      vertex 118 165.5 63.6699
      vertex 118 166 50
      vertex 118 166.087 63.3806
    endloop
  endfacet
  facet normal 1 0 0
    outer loop
      vertex 118 164.956 64.0332
      vertex 118 166 50
      vertex 118 165.5 63.6699
    endloop
  endfacet
  facet normal 1 0 0
    outer loop
      vertex 118 164.464 64.4645
      vertex 118 166 50
      vertex 118 164.956 64.0332
    endloop
  endfacet
  facet normal 1 0 0
    outer loop
      vertex 118 155.071 67.2726
      vertex 118 164.464 64.4645
      vertex 118 164.033 64.9562
    endloop
  endfacet
  facet normal 1 0 0
    outer loop
      vertex 118 156.061 67.609
      vertex 118 164.033 64.9562
      vertex 118 163.67 65.5
    endloop
  endfacet
  facet normal 1 0 0
    outer loop
      vertex 118 157 68.0718
      vertex 118 163.67 65.5
      vertex 118 163.381 66.0866
    endloop
  endfacet
  facet normal 1 0 0
    outer loop
      vertex 118 157 68.0718
      vertex 118 163.381 66.0866
      vertex 118 163.17 66.7059
    endloop
  endfacet
  facet normal 1 0 0
    outer loop
      vertex 118 157.87 68.6532
      vertex 118 163.17 66.7059
      vertex 118 163.043 67.3474
    endloop
  endfacet
  facet normal 1 -0 0
    outer loop
      vertex 118 159.928 71
      vertex 118 163.381 69.9134
      vertex 118 160.391 71.9385
    endloop
  endfacet
  facet normal 1 0 0
    outer loop
      vertex 118 163.381 69.9134
      vertex 118 159.928 71
      vertex 118 163.17 69.2941
    endloop
  endfacet
  facet normal 1 -0 0
    outer loop
      vertex 118 159.347 70.1299
      vertex 118 163.17 69.2941
      vertex 118 159.928 71
    endloop
  endfacet
  facet normal 1 0 0
    outer loop
      vertex 118 163.17 69.2941
      vertex 118 159.347 70.1299
      vertex 118 163.043 68.6526
    endloop
  endfacet
  facet normal 1 0 0
    outer loop
      vertex 118 163.043 68.6526
      vertex 118 159.347 70.1299
      vertex 118 163 68
    endloop
  endfacet
  facet normal 1 -0 0
    outer loop
      vertex 118 158.657 69.3431
      vertex 118 163 68
      vertex 118 159.347 70.1299
    endloop
  endfacet
  facet normal 1 0 0
    outer loop
      vertex 118 163 68
      vertex 118 158.657 69.3431
      vertex 118 163.043 67.3474
    endloop
  endfacet
  facet normal 1 -0 0
    outer loop
      vertex 118 157.87 68.6532
      vertex 118 163.043 67.3474
      vertex 118 158.657 69.3431
    endloop
  endfacet
  facet normal 1 0 0
    outer loop
      vertex 118 163.17 66.7059
      vertex 118 157.87 68.6532
      vertex 118 157 68.0718
    endloop
  endfacet
  facet normal 1 0 0
    outer loop
      vertex 118 163.67 65.5
      vertex 118 157 68.0718
      vertex 118 156.061 67.609
    endloop
  endfacet
  facet normal 1 0 0
    outer loop
      vertex 118 164.033 64.9562
      vertex 118 156.061 67.609
      vertex 118 155.071 67.2726
    endloop
  endfacet
  facet normal 1 0 0
    outer loop
      vertex 118 164.464 64.4645
      vertex 118 155.071 67.2726
      vertex 118 166 50
    endloop
  endfacet
  facet normal 1 -0 0
    outer loop
      vertex 118 154.044 67.0684
      vertex 118 166 50
      vertex 118 155.071 67.2726
    endloop
  endfacet
  facet normal 1 -0 0
    outer loop
      vertex 118 153 67
      vertex 118 166 50
      vertex 118 154.044 67.0684
    endloop
  endfacet
  facet normal 1 0 0
    outer loop
      vertex 118 151.956 67.0684
      vertex 118 166 50
      vertex 118 153 67
    endloop
  endfacet
  facet normal 1 0 0
    outer loop
      vertex 118 150.929 67.2726
      vertex 118 166 50
      vertex 118 151.956 67.0684
    endloop
  endfacet
  facet normal 1 0 0
    outer loop
      vertex 118 136 66.3397
      vertex 118 150.929 67.2726
      vertex 118 149.939 67.609
    endloop
  endfacet
  facet normal 1 0 0
    outer loop
      vertex 118 137.088 67.0665
      vertex 118 149.939 67.609
      vertex 118 149 68.0718
    endloop
  endfacet
  facet normal 1 0 0
    outer loop
      vertex 118 138.071 67.9289
      vertex 118 149 68.0718
      vertex 118 148.13 68.6532
    endloop
  endfacet
  facet normal 1 0 0
    outer loop
      vertex 118 138.071 67.9289
      vertex 118 148.13 68.6532
      vertex 118 147.343 69.3431
    endloop
  endfacet
  facet normal 1 -0 0
    outer loop
      vertex 118 141 75
      vertex 118 145.068 73.9558
      vertex 118 145 75
    endloop
  endfacet
  facet normal 1 0 0
    outer loop
      vertex 118 140.914 73.6947
      vertex 118 145.068 73.9558
      vertex 118 141 75
    endloop
  endfacet
  facet normal 1 0 0
    outer loop
      vertex 118 145.068 73.9558
      vertex 118 140.914 73.6947
      vertex 118 145.273 72.9294
    endloop
  endfacet
  facet normal 1 0 0
    outer loop
      vertex 118 140.659 72.4118
      vertex 118 145.273 72.9294
      vertex 118 140.914 73.6947
    endloop
  endfacet
  facet normal 1 0 0
    outer loop
      vertex 118 145.273 72.9294
      vertex 118 140.659 72.4118
      vertex 118 145.609 71.9385
    endloop
  endfacet
  facet normal 1 0 0
    outer loop
      vertex 118 140.239 71.1732
      vertex 118 145.609 71.9385
      vertex 118 140.659 72.4118
    endloop
  endfacet
  facet normal 1 0 0
    outer loop
      vertex 118 145.609 71.9385
      vertex 118 140.239 71.1732
      vertex 118 146.072 71
    endloop
  endfacet
  facet normal 1 0 0
    outer loop
      vertex 118 139.66 70
      vertex 118 146.072 71
      vertex 118 140.239 71.1732
    endloop
  endfacet
  facet normal 1 0 0
    outer loop
      vertex 118 146.072 71
      vertex 118 139.66 70
      vertex 118 146.653 70.1299
    endloop
  endfacet
  facet normal 1 0 0
    outer loop
      vertex 118 138.934 68.9124
      vertex 118 146.653 70.1299
      vertex 118 139.66 70
    endloop
  endfacet
  facet normal 1 0 0
    outer loop
      vertex 118 146.653 70.1299
      vertex 118 138.934 68.9124
      vertex 118 147.343 69.3431
    endloop
  endfacet
  facet normal 1 0 0
    outer loop
      vertex 118 138.071 67.9289
      vertex 118 147.343 69.3431
      vertex 118 138.934 68.9124
    endloop
  endfacet
  facet normal 1 0 0
    outer loop
      vertex 118 149 68.0718
      vertex 118 138.071 67.9289
      vertex 118 137.088 67.0665
    endloop
  endfacet
  facet normal 1 0 0
    outer loop
      vertex 118 149.939 67.609
      vertex 118 137.088 67.0665
      vertex 118 136 66.3397
    endloop
  endfacet
  facet normal 1 0 0
    outer loop
      vertex 118 134.827 65.7612
      vertex 118 150.929 67.2726
      vertex 118 136 66.3397
    endloop
  endfacet
  facet normal 1 0 0
    outer loop
      vertex 118 150.929 67.2726
      vertex 118 134.827 65.7612
      vertex 118 166 50
    endloop
  endfacet
  facet normal 1 -0 0
    outer loop
      vertex 118 133.588 65.3407
      vertex 118 166 50
      vertex 118 134.827 65.7612
    endloop
  endfacet
  facet normal 1 -0 0
    outer loop
      vertex 118 132.305 65.0855
      vertex 118 166 50
      vertex 118 133.588 65.3407
    endloop
  endfacet
  facet normal 1 -0 0
    outer loop
      vertex 118 131 65
      vertex 118 166 50
      vertex 118 132.305 65.0855
    endloop
  endfacet
  facet normal 1 0 0
    outer loop
      vertex 118 129.695 65.0855
      vertex 118 166 50
      vertex 118 131 65
    endloop
  endfacet
  facet normal 1 0 0
    outer loop
      vertex 118 128.412 65.3407
      vertex 118 166 50
      vertex 118 129.695 65.0855
    endloop
  endfacet
  facet normal 1 0 0
    outer loop
      vertex 118 14 50
      vertex 118 128.412 65.3407
      vertex 118 127.173 65.7612
    endloop
  endfacet
  facet normal 1 -0 0
    outer loop
      vertex 118 58.4 87
      vertex 118 121 75
      vertex 118 119.6 87
    endloop
  endfacet
  facet normal 1 0 0
    outer loop
      vertex 118 58.4 87
      vertex 118 119.6 87
      vertex 118 58.4 90
    endloop
  endfacet
  facet normal 1 0 0
    outer loop
      vertex 118 121 75
      vertex 118 58.4 87
      vertex 118 121.086 73.6947
    endloop
  endfacet
  facet normal 1 0 0
    outer loop
      vertex 118 121.086 73.6947
      vertex 118 58.4 87
      vertex 118 121.341 72.4118
    endloop
  endfacet
  facet normal 1 0 0
    outer loop
      vertex 118 121.341 72.4118
      vertex 118 58.4 87
      vertex 118 121.761 71.1732
    endloop
  endfacet
  facet normal 1 0 0
    outer loop
      vertex 118 121.761 71.1732
      vertex 118 58.4 87
      vertex 118 122.34 70
    endloop
  endfacet
  facet normal 1 0 0
    outer loop
      vertex 118 122.34 70
      vertex 118 58.4 87
      vertex 118 123.066 68.9124
    endloop
  endfacet
  facet normal 1 0 0
    outer loop
      vertex 118 123.066 68.9124
      vertex 118 58.4 87
      vertex 118 123.929 67.9289
    endloop
  endfacet
  facet normal 1 0 0
    outer loop
      vertex 118 14 50
      vertex 118 123.929 67.9289
      vertex 118 58.4 87
    endloop
  endfacet
  facet normal 1 0 0
    outer loop
      vertex 118 123.929 67.9289
      vertex 118 14 50
      vertex 118 124.912 67.0665
    endloop
  endfacet
  facet normal 1 0 0
    outer loop
      vertex 118 124.912 67.0665
      vertex 118 14 50
      vertex 118 126 66.3397
    endloop
  endfacet
  facet normal 1 0 0
    outer loop
      vertex 118 126 66.3397
      vertex 118 14 50
      vertex 118 127.173 65.7612
    endloop
  endfacet
  facet normal 1 0 0
    outer loop
      vertex 118 14 50
      vertex 118 58.4 87
      vertex 118 42.4 87
    endloop
  endfacet
  facet normal 1 0 0
    outer loop
      vertex 118 128.412 65.3407
      vertex 118 14 50
      vertex 118 166 50
    endloop
  endfacet
  facet normal 1 0 0
    outer loop
      vertex 118 178 161
      vertex 118 175.6 95
      vertex 118 178 95
    endloop
  endfacet
  facet normal 1 0 0
    outer loop
      vertex 118 175.6 95
      vertex 118 173 68
      vertex 118 175.6 3
    endloop
  endfacet
  facet normal 1 0 0
    outer loop
      vertex 118 135.6 90
      vertex 118 175.6 95
      vertex 118 178 161
    endloop
  endfacet
  facet normal 1 0 0
    outer loop
      vertex 118 175.6 95
      vertex 118 172.957 68.6526
      vertex 118 173 68
    endloop
  endfacet
  facet normal 1 0 0
    outer loop
      vertex 118 175.6 95
      vertex 118 172.83 69.2941
      vertex 118 172.957 68.6526
    endloop
  endfacet
  facet normal 1 0 0
    outer loop
      vertex 118 175.6 95
      vertex 118 172.619 69.9134
      vertex 118 172.83 69.2941
    endloop
  endfacet
  facet normal 1 0 0
    outer loop
      vertex 118 175.6 95
      vertex 118 172.33 70.5
      vertex 118 172.619 69.9134
    endloop
  endfacet
  facet normal 1 0 0
    outer loop
      vertex 118 175.6 95
      vertex 118 171.967 71.0438
      vertex 118 172.33 70.5
    endloop
  endfacet
  facet normal 1 0 0
    outer loop
      vertex 118 175.6 95
      vertex 118 171.536 71.5355
      vertex 118 171.967 71.0438
    endloop
  endfacet
  facet normal 1 0 0
    outer loop
      vertex 118 175.6 95
      vertex 118 171.044 71.9668
      vertex 118 171.536 71.5355
    endloop
  endfacet
  facet normal 1 0 0
    outer loop
      vertex 118 175.6 95
      vertex 118 170.5 72.3301
      vertex 118 171.044 71.9668
    endloop
  endfacet
  facet normal 1 0 -0
    outer loop
      vertex 118 159.347 79.8701
      vertex 118 175.6 95
      vertex 118 158.657 80.6569
    endloop
  endfacet
  facet normal 1 0 0
    outer loop
      vertex 118 175.6 95
      vertex 118 169.913 72.6194
      vertex 118 170.5 72.3301
    endloop
  endfacet
  facet normal 1 0 -0
    outer loop
      vertex 118 159.928 79
      vertex 118 175.6 95
      vertex 118 159.347 79.8701
    endloop
  endfacet
  facet normal 1 0 0
    outer loop
      vertex 118 175.6 95
      vertex 118 169.294 72.8296
      vertex 118 169.913 72.6194
    endloop
  endfacet
  facet normal 1 0 -0
    outer loop
      vertex 118 168.653 72.9572
      vertex 118 175.6 95
      vertex 118 159.928 79
    endloop
  endfacet
  facet normal 1 0 0
    outer loop
      vertex 118 175.6 95
      vertex 118 168.653 72.9572
      vertex 118 169.294 72.8296
    endloop
  endfacet
  facet normal 1 0 0
    outer loop
      vertex 118 168.653 72.9572
      vertex 118 160.391 78.0615
      vertex 118 168 73
    endloop
  endfacet
  facet normal 1 0 0
    outer loop
      vertex 118 168 73
      vertex 118 160.391 78.0615
      vertex 118 167.347 72.9572
    endloop
  endfacet
  facet normal 1 -0 -0
    outer loop
      vertex 118 160.727 77.0705
      vertex 118 167.347 72.9572
      vertex 118 160.391 78.0615
    endloop
  endfacet
  facet normal 1 -0 -0
    outer loop
      vertex 118 160.932 76.0442
      vertex 118 166.706 72.8296
      vertex 118 160.727 77.0705
    endloop
  endfacet
  facet normal 1 0 0
    outer loop
      vertex 118 166.706 72.8296
      vertex 118 160.932 76.0442
      vertex 118 166.087 72.6194
    endloop
  endfacet
  facet normal 1 0 0
    outer loop
      vertex 118 166.087 72.6194
      vertex 118 161 75
      vertex 118 165.5 72.3301
    endloop
  endfacet
  facet normal 1 0 0
    outer loop
      vertex 118 165.5 72.3301
      vertex 118 161 75
      vertex 118 164.956 71.9668
    endloop
  endfacet
  facet normal 1 0 0
    outer loop
      vertex 118 164.956 71.9668
      vertex 118 160.932 73.9558
      vertex 118 164.464 71.5355
    endloop
  endfacet
  facet normal 1 -0 0
    outer loop
      vertex 118 160.727 72.9294
      vertex 118 164.464 71.5355
      vertex 118 160.932 73.9558
    endloop
  endfacet
  facet normal 1 0 0
    outer loop
      vertex 118 163.67 70.5
      vertex 118 160.391 71.9385
      vertex 118 163.381 69.9134
    endloop
  endfacet
  facet normal 1 0 0
    outer loop
      vertex 118 164.464 71.5355
      vertex 118 160.727 72.9294
      vertex 118 164.033 71.0438
    endloop
  endfacet
  facet normal 1 0 0
    outer loop
      vertex 118 164.033 71.0438
      vertex 118 160.391 71.9385
      vertex 118 163.67 70.5
    endloop
  endfacet
  facet normal 1 -0 0
    outer loop
      vertex 118 160.391 71.9385
      vertex 118 164.033 71.0438
      vertex 118 160.727 72.9294
    endloop
  endfacet
  facet normal 1 -0 0
    outer loop
      vertex 118 160.932 73.9558
      vertex 118 164.956 71.9668
      vertex 118 161 75
    endloop
  endfacet
  facet normal 1 -0 -0
    outer loop
      vertex 118 161 75
      vertex 118 166.087 72.6194
      vertex 118 160.932 76.0442
    endloop
  endfacet
  facet normal 1 0 0
    outer loop
      vertex 118 167.347 72.9572
      vertex 118 160.727 77.0705
      vertex 118 166.706 72.8296
    endloop
  endfacet
  facet normal 1 -0 -0
    outer loop
      vertex 118 160.391 78.0615
      vertex 118 168.653 72.9572
      vertex 118 159.928 79
    endloop
  endfacet
  facet normal 1 0 0
    outer loop
      vertex 118 175.6 95
      vertex 118 157.87 81.3468
      vertex 118 158.657 80.6569
    endloop
  endfacet
  facet normal 1 0 0
    outer loop
      vertex 118 175.6 95
      vertex 118 157 81.9282
      vertex 118 157.87 81.3468
    endloop
  endfacet
  facet normal 1 0 0
    outer loop
      vertex 118 175.6 95
      vertex 118 156.061 82.391
      vertex 118 157 81.9282
    endloop
  endfacet
  facet normal 1 0 0
    outer loop
      vertex 118 175.6 95
      vertex 118 155.071 82.7274
      vertex 118 156.061 82.391
    endloop
  endfacet
  facet normal 1 0 0
    outer loop
      vertex 118 175.6 95
      vertex 118 154.044 82.9316
      vertex 118 155.071 82.7274
    endloop
  endfacet
  facet normal 1 0 -0
    outer loop
      vertex 118 153 83
      vertex 118 175.6 95
      vertex 118 135.6 90
    endloop
  endfacet
  facet normal 1 0 0
    outer loop
      vertex 118 175.6 95
      vertex 118 153 83
      vertex 118 154.044 82.9316
    endloop
  endfacet
  facet normal 1 0 0
    outer loop
      vertex 118 153 83
      vertex 118 135.6 90
      vertex 118 151.956 82.9316
    endloop
  endfacet
  facet normal 1 0 0
    outer loop
      vertex 118 151.956 82.9316
      vertex 118 135.6 90
      vertex 118 150.929 82.7274
    endloop
  endfacet
  facet normal 1 0 0
    outer loop
      vertex 118 150.929 82.7274
      vertex 118 135.6 90
      vertex 118 149.939 82.391
    endloop
  endfacet
  facet normal 1 0 0
    outer loop
      vertex 118 149.939 82.391
      vertex 118 135.6 90
      vertex 118 149 81.9282
    endloop
  endfacet
  facet normal 1 0 0
    outer loop
      vertex 118 149 81.9282
      vertex 118 135.6 90
      vertex 118 148.13 81.3468
    endloop
  endfacet
  facet normal 1 -0 0
    outer loop
      vertex 118 135.6 87
      vertex 118 148.13 81.3468
      vertex 118 135.6 90
    endloop
  endfacet
  facet normal 1 -0 -0
    outer loop
      vertex 118 138.071 82.0711
      vertex 118 148.13 81.3468
      vertex 118 135.6 87
    endloop
  endfacet
  facet normal 1 0 0
    outer loop
      vertex 118 148.13 81.3468
      vertex 118 138.071 82.0711
      vertex 118 147.343 80.6569
    endloop
  endfacet
  facet normal 1 0 0
    outer loop
      vertex 118 145.068 76.0442
      vertex 118 141 75
      vertex 118 145 75
    endloop
  endfacet
  facet normal 1 -0 0
    outer loop
      vertex 118 140.914 76.3053
      vertex 118 145.068 76.0442
      vertex 118 145.273 77.0705
    endloop
  endfacet
  facet normal 1 -0 0
    outer loop
      vertex 118 140.659 77.5882
      vertex 118 145.273 77.0705
      vertex 118 145.609 78.0615
    endloop
  endfacet
  facet normal 1 0 0
    outer loop
      vertex 118 147.343 80.6569
      vertex 118 138.934 81.0876
      vertex 118 146.653 79.8701
    endloop
  endfacet
  facet normal 1 0 0
    outer loop
      vertex 118 145.068 76.0442
      vertex 118 140.914 76.3053
      vertex 118 141 75
    endloop
  endfacet
  facet normal 1 0 0
    outer loop
      vertex 118 145.273 77.0705
      vertex 118 140.659 77.5882
      vertex 118 140.914 76.3053
    endloop
  endfacet
  facet normal 1 0 0
    outer loop
      vertex 118 145.609 78.0615
      vertex 118 140.239 78.8268
      vertex 118 140.659 77.5882
    endloop
  endfacet
  facet normal 1 0 0
    outer loop
      vertex 118 146.072 79
      vertex 118 140.239 78.8268
      vertex 118 145.609 78.0615
    endloop
  endfacet
  facet normal 1 -0 -0
    outer loop
      vertex 118 139.66 80
      vertex 118 146.653 79.8701
      vertex 118 138.934 81.0876
    endloop
  endfacet
  facet normal 1 0 -0
    outer loop
      vertex 118 140.239 78.8268
      vertex 118 146.072 79
      vertex 118 139.66 80
    endloop
  endfacet
  facet normal 1 0 0
    outer loop
      vertex 118 146.653 79.8701
      vertex 118 139.66 80
      vertex 118 146.072 79
    endloop
  endfacet
  facet normal 1 -0 -0
    outer loop
      vertex 118 138.934 81.0876
      vertex 118 147.343 80.6569
      vertex 118 138.071 82.0711
    endloop
  endfacet
  facet normal 1 0 0
    outer loop
      vertex 118 138.071 82.0711
      vertex 118 135.6 87
      vertex 118 137.088 82.9335
    endloop
  endfacet
  facet normal 1 0 0
    outer loop
      vertex 118 178 161
      vertex 118 119.6 90
      vertex 118 135.6 90
    endloop
  endfacet
  facet normal 1 0 0
    outer loop
      vertex 118 119.6 90
      vertex 118 58.4 90
      vertex 118 119.6 87
    endloop
  endfacet
  facet normal 1 0 0
    outer loop
      vertex 118 178 161
      vertex 118 58.4 90
      vertex 118 119.6 90
    endloop
  endfacet
  facet normal 1 -0 0
    outer loop
      vertex 118 0 161
      vertex 118 58.4 90
      vertex 118 178 161
    endloop
  endfacet
  facet normal 1 0 0
    outer loop
      vertex 118 2.4 95
      vertex 118 42.4 87
      vertex 118 42.4 90
    endloop
  endfacet
  facet normal 1 0 0
    outer loop
      vertex 118 2.4 3
      vertex 118 14 50
      vertex 118 2.4 95
    endloop
  endfacet
  facet normal 1 0 0
    outer loop
      vertex 118 42.4 87
      vertex 118 2.4 95
      vertex 118 14 50
    endloop
  endfacet
  facet normal 1 0 0
    outer loop
      vertex 118 58.4 90
      vertex 118 0 161
      vertex 118 42.4 90
    endloop
  endfacet
  facet normal 1 0 0
    outer loop
      vertex 118 42.4 90
      vertex 118 0 161
      vertex 118 2.4 95
    endloop
  endfacet
  facet normal 1 0 0
    outer loop
      vertex 118 2.4 95
      vertex 118 0 161
      vertex 118 0 95
    endloop
  endfacet
  facet normal 1 -0 0
    outer loop
      vertex 118 172.957 67.3474
      vertex 118 175.6 3
      vertex 118 173 68
    endloop
  endfacet
  facet normal 1 -0 0
    outer loop
      vertex 118 172.83 66.7059
      vertex 118 175.6 3
      vertex 118 172.957 67.3474
    endloop
  endfacet
  facet normal 1 -0 0
    outer loop
      vertex 118 172.619 66.0866
      vertex 118 175.6 3
      vertex 118 172.83 66.7059
    endloop
  endfacet
  facet normal 1 -0 0
    outer loop
      vertex 118 172.33 65.5
      vertex 118 175.6 3
      vertex 118 172.619 66.0866
    endloop
  endfacet
  facet normal 1 0 0
    outer loop
      vertex 118 166 50
      vertex 118 172.33 65.5
      vertex 118 171.967 64.9562
    endloop
  endfacet
  facet normal 1 0 0
    outer loop
      vertex 118 166 50
      vertex 118 171.967 64.9562
      vertex 118 171.536 64.4645
    endloop
  endfacet
  facet normal 1 0 0
    outer loop
      vertex 118 166 50
      vertex 118 171.536 64.4645
      vertex 118 171.044 64.0332
    endloop
  endfacet
  facet normal 1 0 0
    outer loop
      vertex 118 166 50
      vertex 118 171.044 64.0332
      vertex 118 170.5 63.6699
    endloop
  endfacet
  facet normal 1 0 0
    outer loop
      vertex 118 166 50
      vertex 118 170.5 63.6699
      vertex 118 169.913 63.3806
    endloop
  endfacet
  facet normal 1 0 0
    outer loop
      vertex 118 166 50
      vertex 118 169.913 63.3806
      vertex 118 169.294 63.1704
    endloop
  endfacet
  facet normal 1 0 0
    outer loop
      vertex 118 166 50
      vertex 118 169.294 63.1704
      vertex 118 168.653 63.0428
    endloop
  endfacet
  facet normal 1 0 0
    outer loop
      vertex 118 166 50
      vertex 118 168.653 63.0428
      vertex 118 168 63
    endloop
  endfacet
  facet normal 1 0 0
    outer loop
      vertex 118 166 50
      vertex 118 168 63
      vertex 118 167.347 63.0428
    endloop
  endfacet
  facet normal 1 0 0
    outer loop
      vertex 118 166 50
      vertex 118 167.347 63.0428
      vertex 118 166.706 63.1704
    endloop
  endfacet
  facet normal 1 0 0
    outer loop
      vertex 118 166 50
      vertex 118 166.706 63.1704
      vertex 118 166.087 63.3806
    endloop
  endfacet
  facet normal 1 0 0
    outer loop
      vertex 118 172.33 65.5
      vertex 118 166 50
      vertex 118 175.6 3
    endloop
  endfacet
  facet normal 1 0 0
    outer loop
      vertex 118 175.6 3
      vertex 118 166 50
      vertex 118 166 3
    endloop
  endfacet
  facet normal 1 0 0
    outer loop
      vertex 118 137.088 82.9335
      vertex 118 135.6 87
      vertex 118 136 83.6603
    endloop
  endfacet
  facet normal 1 0 0
    outer loop
      vertex 118 135.6 87
      vertex 118 134.827 84.2388
      vertex 118 136 83.6603
    endloop
  endfacet
  facet normal 1 0 0
    outer loop
      vertex 118 135.6 87
      vertex 118 133.588 84.6593
      vertex 118 134.827 84.2388
    endloop
  endfacet
  facet normal 1 0 0
    outer loop
      vertex 118 135.6 87
      vertex 118 132.305 84.9144
      vertex 118 133.588 84.6593
    endloop
  endfacet
  facet normal 1 0 0
    outer loop
      vertex 118 135.6 87
      vertex 118 131 85
      vertex 118 132.305 84.9144
    endloop
  endfacet
  facet normal 1 0 0
    outer loop
      vertex 118 135.6 87
      vertex 118 129.695 84.9144
      vertex 118 131 85
    endloop
  endfacet
  facet normal 1 -0 0
    outer loop
      vertex 118 119.6 87
      vertex 118 129.695 84.9144
      vertex 118 135.6 87
    endloop
  endfacet
  facet normal 1 0 0
    outer loop
      vertex 118 121.086 76.3053
      vertex 118 119.6 87
      vertex 118 121 75
    endloop
  endfacet
  facet normal 1 0 0
    outer loop
      vertex 118 121.341 77.5882
      vertex 118 119.6 87
      vertex 118 121.086 76.3053
    endloop
  endfacet
  facet normal 1 0 0
    outer loop
      vertex 118 121.761 78.8268
      vertex 118 119.6 87
      vertex 118 121.341 77.5882
    endloop
  endfacet
  facet normal 1 0 0
    outer loop
      vertex 118 122.34 80
      vertex 118 119.6 87
      vertex 118 121.761 78.8268
    endloop
  endfacet
  facet normal 1 0 0
    outer loop
      vertex 118 123.066 81.0876
      vertex 118 119.6 87
      vertex 118 122.34 80
    endloop
  endfacet
  facet normal 1 0 0
    outer loop
      vertex 118 123.929 82.0711
      vertex 118 119.6 87
      vertex 118 123.066 81.0876
    endloop
  endfacet
  facet normal 1 0 0
    outer loop
      vertex 118 124.912 82.9335
      vertex 118 119.6 87
      vertex 118 123.929 82.0711
    endloop
  endfacet
  facet normal 1 0 0
    outer loop
      vertex 118 126 83.6603
      vertex 118 119.6 87
      vertex 118 124.912 82.9335
    endloop
  endfacet
  facet normal 1 0 0
    outer loop
      vertex 118 127.173 84.2388
      vertex 118 119.6 87
      vertex 118 126 83.6603
    endloop
  endfacet
  facet normal 1 0 0
    outer loop
      vertex 118 128.412 84.6593
      vertex 118 119.6 87
      vertex 118 127.173 84.2388
    endloop
  endfacet
  facet normal 1 0 0
    outer loop
      vertex 118 129.695 84.9144
      vertex 118 119.6 87
      vertex 118 128.412 84.6593
    endloop
  endfacet
  facet normal 0 0 -1
    outer loop
      vertex 61.3383 114.55 0
      vertex 63.6765 125.5 0
      vertex 63.6765 110.5 0
    endloop
  endfacet
  facet normal 0 0 -1
    outer loop
      vertex 61.3383 114.55 0
      vertex 61.3383 121.45 0
      vertex 63.6765 125.5 0
    endloop
  endfacet
  facet normal 0 0 -1
    outer loop
      vertex 56.6617 114.55 0
      vertex 61.3383 121.45 0
      vertex 61.3383 114.55 0
    endloop
  endfacet
  facet normal 0 0 -1
    outer loop
      vertex 56.6617 114.55 0
      vertex 56.6617 121.45 0
      vertex 61.3383 121.45 0
    endloop
  endfacet
  facet normal 0 0 -1
    outer loop
      vertex 54.3235 110.5 0
      vertex 56.6617 121.45 0
      vertex 56.6617 114.55 0
    endloop
  endfacet
  facet normal -0 0 -1
    outer loop
      vertex 56.6617 121.45 0
      vertex 54.3235 110.5 0
      vertex 54.3235 125.5 0
    endloop
  endfacet
  facet normal 0 0 -1
    outer loop
      vertex 232.4 0 0
      vertex 63.6765 110.5 0
      vertex 232.4 178 0
    endloop
  endfacet
  facet normal 0 0 -1
    outer loop
      vertex 232.4 0 0
      vertex 61.3383 106.45 0
      vertex 63.6765 110.5 0
    endloop
  endfacet
  facet normal 0 0 -1
    outer loop
      vertex 0 0 0
      vertex 61.3383 106.45 0
      vertex 232.4 0 0
    endloop
  endfacet
  facet normal 0 0 -1
    outer loop
      vertex 0 178 0
      vertex 54.3235 110.5 0
      vertex 0 0 0
    endloop
  endfacet
  facet normal -0 0 -1
    outer loop
      vertex 56.6617 106.45 0
      vertex 0 0 0
      vertex 54.3235 110.5 0
    endloop
  endfacet
  facet normal -0 0 -1
    outer loop
      vertex 61.3383 106.45 0
      vertex 0 0 0
      vertex 56.6617 106.45 0
    endloop
  endfacet
  facet normal 0 0 -1
    outer loop
      vertex 63.6765 125.5 0
      vertex 232.4 178 0
      vertex 63.6765 110.5 0
    endloop
  endfacet
  facet normal 0 0 -1
    outer loop
      vertex 61.3383 129.55 0
      vertex 232.4 178 0
      vertex 63.6765 125.5 0
    endloop
  endfacet
  facet normal 0 0 -1
    outer loop
      vertex 0 178 0
      vertex 61.3383 129.55 0
      vertex 56.6617 129.55 0
    endloop
  endfacet
  facet normal 0 0 -1
    outer loop
      vertex 61.3383 129.55 0
      vertex 0 178 0
      vertex 232.4 178 0
    endloop
  endfacet
  facet normal 0 0 -1
    outer loop
      vertex 54.3235 125.5 0
      vertex 0 178 0
      vertex 56.6617 129.55 0
    endloop
  endfacet
  facet normal 0 0 -1
    outer loop
      vertex 54.3235 110.5 0
      vertex 0 178 0
      vertex 54.3235 125.5 0
    endloop
  endfacet
  facet normal 0 -1 0
    outer loop
      vertex 232.4 0 95
      vertex 208.564 0 78.9059
      vertex 210 0 79
    endloop
  endfacet
  facet normal 0 -1 0
    outer loop
      vertex 232.4 0 95
      vertex 207.153 0 78.6252
      vertex 208.564 0 78.9059
    endloop
  endfacet
  facet normal 0 -1 0
    outer loop
      vertex 178.25 0 82.75
      vertex 205.79 0 78.1627
      vertex 207.153 0 78.6252
    endloop
  endfacet
  facet normal 0 -1 0
    outer loop
      vertex 178.25 0 82.75
      vertex 204.5 0 77.5263
      vertex 205.79 0 78.1627
    endloop
  endfacet
  facet normal 0 -1 0
    outer loop
      vertex 178.25 0 82.75
      vertex 203.304 0 76.7269
      vertex 204.5 0 77.5263
    endloop
  endfacet
  facet normal 0 -1 0
    outer loop
      vertex 178.25 0 82.75
      vertex 202.222 0 75.7782
      vertex 203.304 0 76.7269
    endloop
  endfacet
  facet normal 0 -1 0
    outer loop
      vertex 178.25 0 82.75
      vertex 201.273 0 74.6964
      vertex 202.222 0 75.7782
    endloop
  endfacet
  facet normal 0 -1 0
    outer loop
      vertex 178.25 0 82.75
      vertex 200.474 0 73.5
      vertex 201.273 0 74.6964
    endloop
  endfacet
  facet normal 0 -1 0
    outer loop
      vertex 178.25 0 82.75
      vertex 199.837 0 72.2095
      vertex 200.474 0 73.5
    endloop
  endfacet
  facet normal 0 -1 0
    outer loop
      vertex 178.25 0 82.75
      vertex 199.375 0 70.847
      vertex 199.837 0 72.2095
    endloop
  endfacet
  facet normal 0 -1 0
    outer loop
      vertex 178.25 0 82.75
      vertex 199.094 0 69.4358
      vertex 199.375 0 70.847
    endloop
  endfacet
  facet normal 0 -1 0
    outer loop
      vertex 178.25 0 82.75
      vertex 199 0 68
      vertex 199.094 0 69.4358
    endloop
  endfacet
  facet normal 0 -1 0
    outer loop
      vertex 178.25 0 53.25
      vertex 199 0 68
      vertex 178.25 0 82.75
    endloop
  endfacet
  facet normal 0 -1 -0
    outer loop
      vertex 199 0 68
      vertex 178.25 0 53.25
      vertex 199.094 0 66.5642
    endloop
  endfacet
  facet normal 0 -1 -0
    outer loop
      vertex 199.094 0 66.5642
      vertex 178.25 0 53.25
      vertex 199.375 0 65.153
    endloop
  endfacet
  facet normal 0 -1 -0
    outer loop
      vertex 199.375 0 65.153
      vertex 178.25 0 53.25
      vertex 199.837 0 63.7905
    endloop
  endfacet
  facet normal 0 -1 -0
    outer loop
      vertex 199.837 0 63.7905
      vertex 178.25 0 53.25
      vertex 200.474 0 62.5
    endloop
  endfacet
  facet normal 0 -1 -0
    outer loop
      vertex 200.474 0 62.5
      vertex 178.25 0 53.25
      vertex 201.273 0 61.3036
    endloop
  endfacet
  facet normal 0 -1 0
    outer loop
      vertex 207.153 0 57.3748
      vertex 232.4 0 0
      vertex 208.564 0 57.0941
    endloop
  endfacet
  facet normal 0 -1 0
    outer loop
      vertex 232.4 0 0
      vertex 207.153 0 57.3748
      vertex 178.25 0 53.25
    endloop
  endfacet
  facet normal 0 -1 -0
    outer loop
      vertex 205.79 0 57.8373
      vertex 178.25 0 53.25
      vertex 207.153 0 57.3748
    endloop
  endfacet
  facet normal 0 -1 -0
    outer loop
      vertex 204.5 0 58.4737
      vertex 178.25 0 53.25
      vertex 205.79 0 57.8373
    endloop
  endfacet
  facet normal 0 -1 -0
    outer loop
      vertex 203.304 0 59.2731
      vertex 178.25 0 53.25
      vertex 204.5 0 58.4737
    endloop
  endfacet
  facet normal 0 -1 -0
    outer loop
      vertex 202.222 0 60.2218
      vertex 178.25 0 53.25
      vertex 203.304 0 59.2731
    endloop
  endfacet
  facet normal 0 -1 -0
    outer loop
      vertex 201.273 0 61.3036
      vertex 178.25 0 53.25
      vertex 202.222 0 60.2218
    endloop
  endfacet
  facet normal 0 -1 0
    outer loop
      vertex 0 0 161
      vertex 118 0 95
      vertex 118 0 161
    endloop
  endfacet
  facet normal 0 -1 0
    outer loop
      vertex 178.25 0 82.75
      vertex 118 0 95
      vertex 141.75 0 82.75
    endloop
  endfacet
  facet normal 0 -1 0
    outer loop
      vertex 118 0 95
      vertex 141.75 0 53.25
      vertex 141.75 0 82.75
    endloop
  endfacet
  facet normal 0 -1 0
    outer loop
      vertex 0 0 0
      vertex 118 0 95
      vertex 0 0 161
    endloop
  endfacet
  facet normal 0 -1 0
    outer loop
      vertex 232.4 0 0
      vertex 141.75 0 53.25
      vertex 0 0 0
    endloop
  endfacet
  facet normal 0 -1 -0
    outer loop
      vertex 118 0 95
      vertex 0 0 0
      vertex 141.75 0 53.25
    endloop
  endfacet
  facet normal 0 -1 0
    outer loop
      vertex 118 0 95
      vertex 178.25 0 82.75
      vertex 232.4 0 95
    endloop
  endfacet
  facet normal 0 -1 0
    outer loop
      vertex 207.153 0 78.6252
      vertex 232.4 0 95
      vertex 178.25 0 82.75
    endloop
  endfacet
  facet normal 0 -1 0
    outer loop
      vertex 211.436 0 78.9059
      vertex 232.4 0 95
      vertex 210 0 79
    endloop
  endfacet
  facet normal 0 -1 0
    outer loop
      vertex 212.847 0 78.6252
      vertex 232.4 0 95
      vertex 211.436 0 78.9059
    endloop
  endfacet
  facet normal 0 -1 0
    outer loop
      vertex 214.21 0 78.1627
      vertex 232.4 0 95
      vertex 212.847 0 78.6252
    endloop
  endfacet
  facet normal 0 -1 0
    outer loop
      vertex 215.5 0 77.5263
      vertex 232.4 0 95
      vertex 214.21 0 78.1627
    endloop
  endfacet
  facet normal 0 -1 0
    outer loop
      vertex 216.696 0 76.7269
      vertex 232.4 0 95
      vertex 215.5 0 77.5263
    endloop
  endfacet
  facet normal 0 -1 0
    outer loop
      vertex 217.778 0 75.7782
      vertex 232.4 0 95
      vertex 216.696 0 76.7269
    endloop
  endfacet
  facet normal 0 -1 0
    outer loop
      vertex 218.727 0 74.6964
      vertex 232.4 0 95
      vertex 217.778 0 75.7782
    endloop
  endfacet
  facet normal 0 -1 0
    outer loop
      vertex 219.526 0 73.5
      vertex 232.4 0 95
      vertex 218.727 0 74.6964
    endloop
  endfacet
  facet normal 0 -1 0
    outer loop
      vertex 220.163 0 72.2095
      vertex 232.4 0 95
      vertex 219.526 0 73.5
    endloop
  endfacet
  facet normal 0 -1 0
    outer loop
      vertex 220.625 0 70.847
      vertex 232.4 0 95
      vertex 220.163 0 72.2095
    endloop
  endfacet
  facet normal 0 -1 0
    outer loop
      vertex 220.906 0 69.4358
      vertex 232.4 0 95
      vertex 220.625 0 70.847
    endloop
  endfacet
  facet normal 0 -1 0
    outer loop
      vertex 221 0 68
      vertex 232.4 0 95
      vertex 220.906 0 69.4358
    endloop
  endfacet
  facet normal 0 -1 0
    outer loop
      vertex 220.906 0 66.5642
      vertex 232.4 0 95
      vertex 221 0 68
    endloop
  endfacet
  facet normal 0 -1 0
    outer loop
      vertex 220.625 0 65.153
      vertex 232.4 0 95
      vertex 220.906 0 66.5642
    endloop
  endfacet
  facet normal 0 -1 0
    outer loop
      vertex 232.4 0 0
      vertex 220.625 0 65.153
      vertex 220.163 0 63.7905
    endloop
  endfacet
  facet normal 0 -1 0
    outer loop
      vertex 208.564 0 57.0941
      vertex 232.4 0 0
      vertex 210 0 57
    endloop
  endfacet
  facet normal 0 -1 0
    outer loop
      vertex 141.75 0 53.25
      vertex 232.4 0 0
      vertex 178.25 0 53.25
    endloop
  endfacet
  facet normal 0 -1 0
    outer loop
      vertex 210 0 57
      vertex 232.4 0 0
      vertex 211.436 0 57.0941
    endloop
  endfacet
  facet normal 0 -1 0
    outer loop
      vertex 220.625 0 65.153
      vertex 232.4 0 0
      vertex 232.4 0 95
    endloop
  endfacet
  facet normal 0 -1 0
    outer loop
      vertex 219.526 0 62.5
      vertex 232.4 0 0
      vertex 220.163 0 63.7905
    endloop
  endfacet
  facet normal 0 -1 0
    outer loop
      vertex 218.727 0 61.3036
      vertex 232.4 0 0
      vertex 219.526 0 62.5
    endloop
  endfacet
  facet normal 0 -1 0
    outer loop
      vertex 217.778 0 60.2218
      vertex 232.4 0 0
      vertex 218.727 0 61.3036
    endloop
  endfacet
  facet normal 0 -1 0
    outer loop
      vertex 216.696 0 59.2731
      vertex 232.4 0 0
      vertex 217.778 0 60.2218
    endloop
  endfacet
  facet normal 0 -1 0
    outer loop
      vertex 215.5 0 58.4737
      vertex 232.4 0 0
      vertex 216.696 0 59.2731
    endloop
  endfacet
  facet normal 0 -1 0
    outer loop
      vertex 214.21 0 57.8373
      vertex 232.4 0 0
      vertex 215.5 0 58.4737
    endloop
  endfacet
  facet normal 0 -1 0
    outer loop
      vertex 212.847 0 57.3748
      vertex 232.4 0 0
      vertex 214.21 0 57.8373
    endloop
  endfacet
  facet normal 0 -1 0
    outer loop
      vertex 211.436 0 57.0941
      vertex 232.4 0 0
      vertex 212.847 0 57.3748
    endloop
  endfacet
  facet normal 0 1 -0
    outer loop
      vertex 138.75 178 48
      vertex 135.25 178 74
      vertex 138.75 178 74
    endloop
  endfacet
  facet normal 0 1 0
    outer loop
      vertex 135.25 178 74
      vertex 138.75 178 48
      vertex 135.25 178 48
    endloop
  endfacet
  facet normal 0 1 -0
    outer loop
      vertex 144.75 178 48
      vertex 141.25 178 74
      vertex 144.75 178 74
    endloop
  endfacet
  facet normal 0 1 0
    outer loop
      vertex 141.25 178 74
      vertex 144.75 178 48
      vertex 141.25 178 48
    endloop
  endfacet
  facet normal 0 1 -0
    outer loop
      vertex 150.75 178 48
      vertex 147.25 178 74
      vertex 150.75 178 74
    endloop
  endfacet
  facet normal 0 1 0
    outer loop
      vertex 147.25 178 74
      vertex 150.75 178 48
      vertex 147.25 178 48
    endloop
  endfacet
  facet normal 0 1 -0
    outer loop
      vertex 156.75 178 48
      vertex 153.25 178 74
      vertex 156.75 178 74
    endloop
  endfacet
  facet normal 0 1 0
    outer loop
      vertex 153.25 178 74
      vertex 156.75 178 48
      vertex 153.25 178 48
    endloop
  endfacet
  facet normal 0 1 -0
    outer loop
      vertex 162.75 178 48
      vertex 159.25 178 74
      vertex 162.75 178 74
    endloop
  endfacet
  facet normal 0 1 0
    outer loop
      vertex 159.25 178 74
      vertex 162.75 178 48
      vertex 159.25 178 48
    endloop
  endfacet
  facet normal 0 1 -0
    outer loop
      vertex 168.75 178 48
      vertex 165.25 178 74
      vertex 168.75 178 74
    endloop
  endfacet
  facet normal 0 1 0
    outer loop
      vertex 165.25 178 74
      vertex 168.75 178 48
      vertex 165.25 178 48
    endloop
  endfacet
  facet normal 0 1 0
    outer loop
      vertex 232.4 178 95
      vertex 171.25 178 74
      vertex 118 178 95
    endloop
  endfacet
  facet normal 0 1 0
    outer loop
      vertex 217.347 178 64.9572
      vertex 232.4 178 95
      vertex 218 178 65
    endloop
  endfacet
  facet normal 0 1 0
    outer loop
      vertex 232.4 178 95
      vertex 218.653 178 64.9572
      vertex 218 178 65
    endloop
  endfacet
  facet normal 0 1 0
    outer loop
      vertex 232.4 178 95
      vertex 219.294 178 64.8296
      vertex 218.653 178 64.9572
    endloop
  endfacet
  facet normal 0 1 0
    outer loop
      vertex 232.4 178 95
      vertex 219.913 178 64.6194
      vertex 219.294 178 64.8296
    endloop
  endfacet
  facet normal 0 1 0
    outer loop
      vertex 232.4 178 95
      vertex 220.5 178 64.3301
      vertex 219.913 178 64.6194
    endloop
  endfacet
  facet normal 0 1 0
    outer loop
      vertex 232.4 178 95
      vertex 221.044 178 63.9668
      vertex 220.5 178 64.3301
    endloop
  endfacet
  facet normal 0 1 0
    outer loop
      vertex 232.4 178 95
      vertex 221.536 178 63.5355
      vertex 221.044 178 63.9668
    endloop
  endfacet
  facet normal 0 1 0
    outer loop
      vertex 232.4 178 95
      vertex 221.967 178 63.0438
      vertex 221.536 178 63.5355
    endloop
  endfacet
  facet normal 0 1 0
    outer loop
      vertex 232.4 178 95
      vertex 222.33 178 62.5
      vertex 221.967 178 63.0438
    endloop
  endfacet
  facet normal 0 1 0
    outer loop
      vertex 232.4 178 95
      vertex 222.619 178 61.9134
      vertex 222.33 178 62.5
    endloop
  endfacet
  facet normal 0 1 0
    outer loop
      vertex 232.4 178 95
      vertex 222.83 178 61.2941
      vertex 222.619 178 61.9134
    endloop
  endfacet
  facet normal 0 1 0
    outer loop
      vertex 232.4 178 95
      vertex 222.957 178 60.6526
      vertex 222.83 178 61.2941
    endloop
  endfacet
  facet normal 0 1 0
    outer loop
      vertex 232.4 178 95
      vertex 223 178 60
      vertex 222.957 178 60.6526
    endloop
  endfacet
  facet normal 0 1 0
    outer loop
      vertex 232.4 178 95
      vertex 222.957 178 59.3474
      vertex 223 178 60
    endloop
  endfacet
  facet normal 0 1 -0
    outer loop
      vertex 232.4 178 0
      vertex 222.957 178 59.3474
      vertex 232.4 178 95
    endloop
  endfacet
  facet normal 0 1 0
    outer loop
      vertex 212.05 178 28.5507
      vertex 218 178 55
      vertex 218.653 178 55.0428
    endloop
  endfacet
  facet normal 0 1 0
    outer loop
      vertex 175.5 178 30.5
      vertex 168.75 178 48
      vertex 171.25 178 48
    endloop
  endfacet
  facet normal 0 1 0
    outer loop
      vertex 160.5 178 30.5
      vertex 168.75 178 48
      vertex 175.5 178 30.5
    endloop
  endfacet
  facet normal 0 1 0
    outer loop
      vertex 165.25 178 48
      vertex 160.5 178 30.5
      vertex 162.75 178 48
    endloop
  endfacet
  facet normal 0 1 0
    outer loop
      vertex 162.75 178 48
      vertex 160.5 178 30.5
      vertex 159.25 178 48
    endloop
  endfacet
  facet normal 0 1 0
    outer loop
      vertex 159.25 178 48
      vertex 160.5 178 30.5
      vertex 156.75 178 48
    endloop
  endfacet
  facet normal 0 1 0
    outer loop
      vertex 156.75 178 48
      vertex 160.5 178 30.5
      vertex 153.25 178 48
    endloop
  endfacet
  facet normal 0 1 0
    outer loop
      vertex 153.25 178 48
      vertex 160.5 178 30.5
      vertex 150.75 178 48
    endloop
  endfacet
  facet normal 0 1 0
    outer loop
      vertex 150.75 178 48
      vertex 160.5 178 30.5
      vertex 147.25 178 48
    endloop
  endfacet
  facet normal 0 1 0
    outer loop
      vertex 147.25 178 48
      vertex 160.5 178 30.5
      vertex 144.75 178 48
    endloop
  endfacet
  facet normal 0 1 0
    outer loop
      vertex 144.75 178 48
      vertex 160.5 178 30.5
      vertex 141.25 178 48
    endloop
  endfacet
  facet normal 0 1 0
    outer loop
      vertex 141.25 178 48
      vertex 160.5 178 30.5
      vertex 138.75 178 48
    endloop
  endfacet
  facet normal 0 1 -0
    outer loop
      vertex 160.5 178 19.5
      vertex 138.75 178 48
      vertex 160.5 178 30.5
    endloop
  endfacet
  facet normal 0 1 0
    outer loop
      vertex 168.75 178 48
      vertex 160.5 178 30.5
      vertex 165.25 178 48
    endloop
  endfacet
  facet normal 0 1 0
    outer loop
      vertex 218 178 55
      vertex 207.95 178 28.5507
      vertex 171.25 178 48
    endloop
  endfacet
  facet normal 0 1 0
    outer loop
      vertex 212.496 178 28.2527
      vertex 218.653 178 55.0428
      vertex 219.294 178 55.1704
    endloop
  endfacet
  facet normal 0 1 0
    outer loop
      vertex 212.899 178 27.8991
      vertex 219.294 178 55.1704
      vertex 219.913 178 55.3806
    endloop
  endfacet
  facet normal 0 1 0
    outer loop
      vertex 213.253 178 27.4959
      vertex 219.913 178 55.3806
      vertex 220.5 178 55.6699
    endloop
  endfacet
  facet normal 0 1 0
    outer loop
      vertex 218 178 55
      vertex 210 178 29.1
      vertex 209.465 178 29.0649
    endloop
  endfacet
  facet normal 0 1 0
    outer loop
      vertex 213.551 178 27.05
      vertex 220.5 178 55.6699
      vertex 221.044 178 56.0332
    endloop
  endfacet
  facet normal 0 1 0
    outer loop
      vertex 213.788 178 26.569
      vertex 221.044 178 56.0332
      vertex 221.536 178 56.4645
    endloop
  endfacet
  facet normal 0 1 0
    outer loop
      vertex 213.96 178 26.0612
      vertex 221.536 178 56.4645
      vertex 221.967 178 56.9562
    endloop
  endfacet
  facet normal 0 1 0
    outer loop
      vertex 232.4 178 0
      vertex 221.967 178 56.9562
      vertex 222.33 178 57.5
    endloop
  endfacet
  facet normal 0 1 0
    outer loop
      vertex 232.4 178 0
      vertex 222.33 178 57.5
      vertex 222.619 178 58.0866
    endloop
  endfacet
  facet normal 0 1 0
    outer loop
      vertex 218 178 55
      vertex 210.535 178 29.0649
      vertex 210 178 29.1
    endloop
  endfacet
  facet normal 0 1 0
    outer loop
      vertex 218 178 55
      vertex 211.061 178 28.9603
      vertex 210.535 178 29.0649
    endloop
  endfacet
  facet normal 0 1 0
    outer loop
      vertex 218 178 55
      vertex 211.569 178 28.7879
      vertex 211.061 178 28.9603
    endloop
  endfacet
  facet normal 0 1 0
    outer loop
      vertex 218 178 55
      vertex 212.05 178 28.5507
      vertex 211.569 178 28.7879
    endloop
  endfacet
  facet normal 0 1 0
    outer loop
      vertex 218.653 178 55.0428
      vertex 212.496 178 28.2527
      vertex 212.05 178 28.5507
    endloop
  endfacet
  facet normal 0 1 0
    outer loop
      vertex 232.4 178 0
      vertex 222.619 178 58.0866
      vertex 222.83 178 58.7059
    endloop
  endfacet
  facet normal 0 1 0
    outer loop
      vertex 219.294 178 55.1704
      vertex 212.899 178 27.8991
      vertex 212.496 178 28.2527
    endloop
  endfacet
  facet normal 0 1 0
    outer loop
      vertex 219.913 178 55.3806
      vertex 213.253 178 27.4959
      vertex 212.899 178 27.8991
    endloop
  endfacet
  facet normal 0 1 0
    outer loop
      vertex 220.5 178 55.6699
      vertex 213.551 178 27.05
      vertex 213.253 178 27.4959
    endloop
  endfacet
  facet normal 0 1 0
    outer loop
      vertex 221.044 178 56.0332
      vertex 213.788 178 26.569
      vertex 213.551 178 27.05
    endloop
  endfacet
  facet normal 0 1 0
    outer loop
      vertex 221.536 178 56.4645
      vertex 213.96 178 26.0612
      vertex 213.788 178 26.569
    endloop
  endfacet
  facet normal 0 1 0
    outer loop
      vertex 221.967 178 56.9562
      vertex 214.065 178 25.5352
      vertex 213.96 178 26.0612
    endloop
  endfacet
  facet normal 0 1 0
    outer loop
      vertex 221.967 178 56.9562
      vertex 232.4 178 0
      vertex 214.065 178 25.5352
    endloop
  endfacet
  facet normal 0 1 0
    outer loop
      vertex 222.957 178 59.3474
      vertex 232.4 178 0
      vertex 222.83 178 58.7059
    endloop
  endfacet
  facet normal 0 1 0
    outer loop
      vertex 214.065 178 25.5352
      vertex 232.4 178 0
      vertex 214.1 178 25
    endloop
  endfacet
  facet normal 0 1 0
    outer loop
      vertex 214.1 178 25
      vertex 232.4 178 0
      vertex 214.065 178 24.4648
    endloop
  endfacet
  facet normal 0 1 0
    outer loop
      vertex 175.5 178 19.5
      vertex 232.4 178 0
      vertex 160.5 178 19.5
    endloop
  endfacet
  facet normal 0 1 0
    outer loop
      vertex 208.431 178 21.2121
      vertex 232.4 178 0
      vertex 175.5 178 19.5
    endloop
  endfacet
  facet normal 0 1 0
    outer loop
      vertex 210.535 178 20.9351
      vertex 232.4 178 0
      vertex 210 178 20.9
    endloop
  endfacet
  facet normal 0 1 0
    outer loop
      vertex 211.061 178 21.0397
      vertex 232.4 178 0
      vertex 210.535 178 20.9351
    endloop
  endfacet
  facet normal 0 1 0
    outer loop
      vertex 211.569 178 21.2121
      vertex 232.4 178 0
      vertex 211.061 178 21.0397
    endloop
  endfacet
  facet normal 0 1 0
    outer loop
      vertex 212.05 178 21.4493
      vertex 232.4 178 0
      vertex 211.569 178 21.2121
    endloop
  endfacet
  facet normal 0 1 0
    outer loop
      vertex 212.496 178 21.7472
      vertex 232.4 178 0
      vertex 212.05 178 21.4493
    endloop
  endfacet
  facet normal 0 1 0
    outer loop
      vertex 212.899 178 22.1009
      vertex 232.4 178 0
      vertex 212.496 178 21.7472
    endloop
  endfacet
  facet normal 0 1 0
    outer loop
      vertex 213.253 178 22.5041
      vertex 232.4 178 0
      vertex 212.899 178 22.1009
    endloop
  endfacet
  facet normal 0 1 0
    outer loop
      vertex 213.551 178 22.95
      vertex 232.4 178 0
      vertex 213.253 178 22.5041
    endloop
  endfacet
  facet normal 0 1 0
    outer loop
      vertex 213.788 178 23.431
      vertex 232.4 178 0
      vertex 213.551 178 22.95
    endloop
  endfacet
  facet normal 0 1 0
    outer loop
      vertex 213.96 178 23.9388
      vertex 232.4 178 0
      vertex 213.788 178 23.431
    endloop
  endfacet
  facet normal 0 1 0
    outer loop
      vertex 214.065 178 24.4648
      vertex 232.4 178 0
      vertex 213.96 178 23.9388
    endloop
  endfacet
  facet normal 0 1 -0
    outer loop
      vertex 118 178 95
      vertex 0 178 161
      vertex 118 178 161
    endloop
  endfacet
  facet normal 0 1 -0
    outer loop
      vertex 168.75 178 74
      vertex 118 178 95
      vertex 171.25 178 74
    endloop
  endfacet
  facet normal 0 1 -0
    outer loop
      vertex 165.25 178 74
      vertex 118 178 95
      vertex 168.75 178 74
    endloop
  endfacet
  facet normal 0 1 -0
    outer loop
      vertex 162.75 178 74
      vertex 118 178 95
      vertex 165.25 178 74
    endloop
  endfacet
  facet normal 0 1 -0
    outer loop
      vertex 159.25 178 74
      vertex 118 178 95
      vertex 162.75 178 74
    endloop
  endfacet
  facet normal 0 1 -0
    outer loop
      vertex 156.75 178 74
      vertex 118 178 95
      vertex 159.25 178 74
    endloop
  endfacet
  facet normal 0 1 -0
    outer loop
      vertex 153.25 178 74
      vertex 118 178 95
      vertex 156.75 178 74
    endloop
  endfacet
  facet normal 0 1 -0
    outer loop
      vertex 150.75 178 74
      vertex 118 178 95
      vertex 153.25 178 74
    endloop
  endfacet
  facet normal 0 1 -0
    outer loop
      vertex 147.25 178 74
      vertex 118 178 95
      vertex 150.75 178 74
    endloop
  endfacet
  facet normal 0 1 -0
    outer loop
      vertex 144.75 178 74
      vertex 118 178 95
      vertex 147.25 178 74
    endloop
  endfacet
  facet normal 0 1 -0
    outer loop
      vertex 141.25 178 74
      vertex 118 178 95
      vertex 144.75 178 74
    endloop
  endfacet
  facet normal 0 1 -0
    outer loop
      vertex 138.75 178 74
      vertex 118 178 95
      vertex 141.25 178 74
    endloop
  endfacet
  facet normal 0 1 -0
    outer loop
      vertex 135.25 178 74
      vertex 118 178 95
      vertex 138.75 178 74
    endloop
  endfacet
  facet normal 0 1 -0
    outer loop
      vertex 132.75 178 74
      vertex 118 178 95
      vertex 135.25 178 74
    endloop
  endfacet
  facet normal 0 1 -0
    outer loop
      vertex 132.75 178 48
      vertex 118 178 95
      vertex 132.75 178 74
    endloop
  endfacet
  facet normal 0 1 0
    outer loop
      vertex 118 178 95
      vertex 132.75 178 48
      vertex 0 178 0
    endloop
  endfacet
  facet normal 0 1 0
    outer loop
      vertex 138.75 178 48
      vertex 160.5 178 19.5
      vertex 135.25 178 48
    endloop
  endfacet
  facet normal 0 1 0
    outer loop
      vertex 135.25 178 48
      vertex 160.5 178 19.5
      vertex 132.75 178 48
    endloop
  endfacet
  facet normal 0 1 0
    outer loop
      vertex 0 178 0
      vertex 132.75 178 48
      vertex 160.5 178 19.5
    endloop
  endfacet
  facet normal 0 1 0
    outer loop
      vertex 118 178 95
      vertex 0 178 0
      vertex 0 178 161
    endloop
  endfacet
  facet normal 0 1 0
    outer loop
      vertex 0 178 0
      vertex 160.5 178 19.5
      vertex 232.4 178 0
    endloop
  endfacet
  facet normal 0 1 0
    outer loop
      vertex 216.706 178 64.8296
      vertex 232.4 178 95
      vertex 217.347 178 64.9572
    endloop
  endfacet
  facet normal 0 1 0
    outer loop
      vertex 216.087 178 64.6194
      vertex 232.4 178 95
      vertex 216.706 178 64.8296
    endloop
  endfacet
  facet normal 0 1 0
    outer loop
      vertex 215.5 178 64.3301
      vertex 232.4 178 95
      vertex 216.087 178 64.6194
    endloop
  endfacet
  facet normal 0 1 0
    outer loop
      vertex 232.4 178 95
      vertex 215.5 178 64.3301
      vertex 171.25 178 74
    endloop
  endfacet
  facet normal 0 1 -0
    outer loop
      vertex 214.956 178 63.9668
      vertex 171.25 178 74
      vertex 215.5 178 64.3301
    endloop
  endfacet
  facet normal 0 1 -0
    outer loop
      vertex 214.464 178 63.5355
      vertex 171.25 178 74
      vertex 214.956 178 63.9668
    endloop
  endfacet
  facet normal 0 1 -0
    outer loop
      vertex 214.033 178 63.0438
      vertex 171.25 178 74
      vertex 214.464 178 63.5355
    endloop
  endfacet
  facet normal 0 1 -0
    outer loop
      vertex 213.67 178 62.5
      vertex 171.25 178 74
      vertex 214.033 178 63.0438
    endloop
  endfacet
  facet normal 0 1 -0
    outer loop
      vertex 213.381 178 61.9134
      vertex 171.25 178 74
      vertex 213.67 178 62.5
    endloop
  endfacet
  facet normal 0 1 -0
    outer loop
      vertex 213.17 178 61.2941
      vertex 171.25 178 74
      vertex 213.381 178 61.9134
    endloop
  endfacet
  facet normal 0 1 -0
    outer loop
      vertex 213.043 178 60.6526
      vertex 171.25 178 74
      vertex 213.17 178 61.2941
    endloop
  endfacet
  facet normal 0 1 -0
    outer loop
      vertex 213 178 60
      vertex 171.25 178 74
      vertex 213.043 178 60.6526
    endloop
  endfacet
  facet normal 0 1 0
    outer loop
      vertex 171.25 178 48
      vertex 213 178 60
      vertex 213.043 178 59.3474
    endloop
  endfacet
  facet normal 0 1 0
    outer loop
      vertex 171.25 178 48
      vertex 213.043 178 59.3474
      vertex 213.17 178 58.7059
    endloop
  endfacet
  facet normal 0 1 0
    outer loop
      vertex 171.25 178 48
      vertex 213.17 178 58.7059
      vertex 213.381 178 58.0866
    endloop
  endfacet
  facet normal 0 1 0
    outer loop
      vertex 171.25 178 48
      vertex 213.381 178 58.0866
      vertex 213.67 178 57.5
    endloop
  endfacet
  facet normal 0 1 0
    outer loop
      vertex 171.25 178 48
      vertex 213.67 178 57.5
      vertex 214.033 178 56.9562
    endloop
  endfacet
  facet normal 0 1 0
    outer loop
      vertex 171.25 178 48
      vertex 214.033 178 56.9562
      vertex 214.464 178 56.4645
    endloop
  endfacet
  facet normal 0 1 0
    outer loop
      vertex 171.25 178 48
      vertex 214.464 178 56.4645
      vertex 214.956 178 56.0332
    endloop
  endfacet
  facet normal 0 1 0
    outer loop
      vertex 171.25 178 48
      vertex 214.956 178 56.0332
      vertex 215.5 178 55.6699
    endloop
  endfacet
  facet normal 0 1 0
    outer loop
      vertex 171.25 178 48
      vertex 215.5 178 55.6699
      vertex 216.087 178 55.3806
    endloop
  endfacet
  facet normal 0 1 0
    outer loop
      vertex 213 178 60
      vertex 171.25 178 48
      vertex 171.25 178 74
    endloop
  endfacet
  facet normal 0 1 0
    outer loop
      vertex 216.706 178 55.1704
      vertex 171.25 178 48
      vertex 216.087 178 55.3806
    endloop
  endfacet
  facet normal 0 1 0
    outer loop
      vertex 217.347 178 55.0428
      vertex 171.25 178 48
      vertex 216.706 178 55.1704
    endloop
  endfacet
  facet normal 0 1 0
    outer loop
      vertex 171.25 178 48
      vertex 217.347 178 55.0428
      vertex 218 178 55
    endloop
  endfacet
  facet normal 0 1 0
    outer loop
      vertex 218 178 55
      vertex 209.465 178 29.0649
      vertex 208.939 178 28.9603
    endloop
  endfacet
  facet normal 0 1 0
    outer loop
      vertex 218 178 55
      vertex 208.939 178 28.9603
      vertex 208.431 178 28.7879
    endloop
  endfacet
  facet normal 0 1 0
    outer loop
      vertex 218 178 55
      vertex 208.431 178 28.7879
      vertex 207.95 178 28.5507
    endloop
  endfacet
  facet normal 0 1 0
    outer loop
      vertex 171.25 178 48
      vertex 207.95 178 28.5507
      vertex 207.504 178 28.2527
    endloop
  endfacet
  facet normal 0 1 -0
    outer loop
      vertex 207.101 178 27.8991
      vertex 171.25 178 48
      vertex 207.504 178 28.2527
    endloop
  endfacet
  facet normal 0 1 0
    outer loop
      vertex 171.25 178 48
      vertex 207.101 178 27.8991
      vertex 175.5 178 30.5
    endloop
  endfacet
  facet normal 0 1 -0
    outer loop
      vertex 206.747 178 27.4959
      vertex 175.5 178 30.5
      vertex 207.101 178 27.8991
    endloop
  endfacet
  facet normal 0 1 -0
    outer loop
      vertex 206.449 178 27.05
      vertex 175.5 178 30.5
      vertex 206.747 178 27.4959
    endloop
  endfacet
  facet normal 0 1 -0
    outer loop
      vertex 206.212 178 26.569
      vertex 175.5 178 30.5
      vertex 206.449 178 27.05
    endloop
  endfacet
  facet normal 0 1 -0
    outer loop
      vertex 206.04 178 26.0612
      vertex 175.5 178 30.5
      vertex 206.212 178 26.569
    endloop
  endfacet
  facet normal 0 1 -0
    outer loop
      vertex 205.935 178 25.5352
      vertex 175.5 178 30.5
      vertex 206.04 178 26.0612
    endloop
  endfacet
  facet normal 0 1 -0
    outer loop
      vertex 205.9 178 25
      vertex 175.5 178 30.5
      vertex 205.935 178 25.5352
    endloop
  endfacet
  facet normal 0 1 0
    outer loop
      vertex 175.5 178 19.5
      vertex 205.9 178 25
      vertex 205.935 178 24.4648
    endloop
  endfacet
  facet normal 0 1 0
    outer loop
      vertex 175.5 178 19.5
      vertex 205.935 178 24.4648
      vertex 206.04 178 23.9388
    endloop
  endfacet
  facet normal 0 1 0
    outer loop
      vertex 175.5 178 19.5
      vertex 206.04 178 23.9388
      vertex 206.212 178 23.431
    endloop
  endfacet
  facet normal 0 1 0
    outer loop
      vertex 175.5 178 19.5
      vertex 206.212 178 23.431
      vertex 206.449 178 22.95
    endloop
  endfacet
  facet normal 0 1 0
    outer loop
      vertex 175.5 178 19.5
      vertex 206.449 178 22.95
      vertex 206.747 178 22.5041
    endloop
  endfacet
  facet normal 0 1 0
    outer loop
      vertex 175.5 178 19.5
      vertex 206.747 178 22.5041
      vertex 207.101 178 22.1009
    endloop
  endfacet
  facet normal 0 1 0
    outer loop
      vertex 175.5 178 19.5
      vertex 207.101 178 22.1009
      vertex 207.504 178 21.7472
    endloop
  endfacet
  facet normal 0 1 0
    outer loop
      vertex 175.5 178 19.5
      vertex 207.504 178 21.7472
      vertex 207.95 178 21.4493
    endloop
  endfacet
  facet normal 0 1 0
    outer loop
      vertex 175.5 178 19.5
      vertex 207.95 178 21.4493
      vertex 208.431 178 21.2121
    endloop
  endfacet
  facet normal 0 1 0
    outer loop
      vertex 232.4 178 0
      vertex 208.431 178 21.2121
      vertex 208.939 178 21.0397
    endloop
  endfacet
  facet normal 0 1 0
    outer loop
      vertex 205.9 178 25
      vertex 175.5 178 19.5
      vertex 175.5 178 30.5
    endloop
  endfacet
  facet normal 0 1 0
    outer loop
      vertex 232.4 178 0
      vertex 208.939 178 21.0397
      vertex 209.465 178 20.9351
    endloop
  endfacet
  facet normal 0 1 0
    outer loop
      vertex 232.4 178 0
      vertex 209.465 178 20.9351
      vertex 210 178 20.9
    endloop
  endfacet
  facet normal 1 -0 0
    outer loop
      vertex 3 3 161
      vertex 3 175 3
      vertex 3 175 161
    endloop
  endfacet
  facet normal 1 0 0
    outer loop
      vertex 3 175 3
      vertex 3 3 161
      vertex 3 3 3
    endloop
  endfacet
  facet normal -1 0 0
    outer loop
      vertex 115 175 3
      vertex 115 173 68
      vertex 115 175 161
    endloop
  endfacet
  facet normal -1 0 0
    outer loop
      vertex 115 175 3
      vertex 115 172.957 67.3474
      vertex 115 173 68
    endloop
  endfacet
  facet normal -1 0 0
    outer loop
      vertex 115 175 3
      vertex 115 172.83 66.7059
      vertex 115 172.957 67.3474
    endloop
  endfacet
  facet normal -1 0 0
    outer loop
      vertex 115 175 3
      vertex 115 172.619 66.0866
      vertex 115 172.83 66.7059
    endloop
  endfacet
  facet normal -1 0 0
    outer loop
      vertex 115 175 3
      vertex 115 172.33 65.5
      vertex 115 172.619 66.0866
    endloop
  endfacet
  facet normal -1 0 0
    outer loop
      vertex 115 175 3
      vertex 115 171.967 64.9562
      vertex 115 172.33 65.5
    endloop
  endfacet
  facet normal -1 0 0
    outer loop
      vertex 115 175 3
      vertex 115 171.536 64.4645
      vertex 115 171.967 64.9562
    endloop
  endfacet
  facet normal -1 0 0
    outer loop
      vertex 115 175 3
      vertex 115 171.044 64.0332
      vertex 115 171.536 64.4645
    endloop
  endfacet
  facet normal -1 0 0
    outer loop
      vertex 115 175 3
      vertex 115 170.5 63.6699
      vertex 115 171.044 64.0332
    endloop
  endfacet
  facet normal -1 0 0
    outer loop
      vertex 115 175 3
      vertex 115 169.913 63.3806
      vertex 115 170.5 63.6699
    endloop
  endfacet
  facet normal -1 0 0
    outer loop
      vertex 115 175 3
      vertex 115 169.294 63.1704
      vertex 115 169.913 63.3806
    endloop
  endfacet
  facet normal -1 0 0
    outer loop
      vertex 115 175 3
      vertex 115 168.653 63.0428
      vertex 115 169.294 63.1704
    endloop
  endfacet
  facet normal -1 0 0
    outer loop
      vertex 115 175 3
      vertex 115 168 63
      vertex 115 168.653 63.0428
    endloop
  endfacet
  facet normal -1 0 0
    outer loop
      vertex 115 175 3
      vertex 115 167.347 63.0428
      vertex 115 168 63
    endloop
  endfacet
  facet normal -1 0 0
    outer loop
      vertex 115 175 3
      vertex 115 166.706 63.1704
      vertex 115 167.347 63.0428
    endloop
  endfacet
  facet normal -1 0 0
    outer loop
      vertex 115 175 3
      vertex 115 166.087 63.3806
      vertex 115 166.706 63.1704
    endloop
  endfacet
  facet normal -1 0 0
    outer loop
      vertex 115 153 67
      vertex 115 166.087 63.3806
      vertex 115 175 3
    endloop
  endfacet
  facet normal -1 0 0
    outer loop
      vertex 115 166.087 63.3806
      vertex 115 153 67
      vertex 115 165.5 63.6699
    endloop
  endfacet
  facet normal -1 0 0
    outer loop
      vertex 115 165.5 63.6699
      vertex 115 153 67
      vertex 115 164.956 64.0332
    endloop
  endfacet
  facet normal -1 0 -0
    outer loop
      vertex 115 154.044 67.0684
      vertex 115 164.956 64.0332
      vertex 115 153 67
    endloop
  endfacet
  facet normal -1 0 0
    outer loop
      vertex 115 164.956 64.0332
      vertex 115 154.044 67.0684
      vertex 115 164.464 64.4645
    endloop
  endfacet
  facet normal -1 0 -0
    outer loop
      vertex 115 155.071 67.2726
      vertex 115 164.464 64.4645
      vertex 115 154.044 67.0684
    endloop
  endfacet
  facet normal -1 0 0
    outer loop
      vertex 115 164.464 64.4645
      vertex 115 155.071 67.2726
      vertex 115 164.033 64.9562
    endloop
  endfacet
  facet normal -1 0 0
    outer loop
      vertex 115 164.033 64.9562
      vertex 115 156.061 67.609
      vertex 115 163.67 65.5
    endloop
  endfacet
  facet normal -1 0 0
    outer loop
      vertex 115 158.657 69.3431
      vertex 115 163 68
      vertex 115 163.043 67.3474
    endloop
  endfacet
  facet normal -1 0 -0
    outer loop
      vertex 115 157 68.0718
      vertex 115 163.67 65.5
      vertex 115 156.061 67.609
    endloop
  endfacet
  facet normal -1 0 0
    outer loop
      vertex 115 163 68
      vertex 115 160.932 73.9558
      vertex 115 161 75
    endloop
  endfacet
  facet normal -1 0 0
    outer loop
      vertex 115 163 68
      vertex 115 160.727 72.9294
      vertex 115 160.932 73.9558
    endloop
  endfacet
  facet normal -1 0 0
    outer loop
      vertex 115 163 68
      vertex 115 160.391 71.9385
      vertex 115 160.727 72.9294
    endloop
  endfacet
  facet normal -1 0 0
    outer loop
      vertex 115 163 68
      vertex 115 159.928 71
      vertex 115 160.391 71.9385
    endloop
  endfacet
  facet normal -1 0 0
    outer loop
      vertex 115 163 68
      vertex 115 159.347 70.1299
      vertex 115 159.928 71
    endloop
  endfacet
  facet normal -1 0 0
    outer loop
      vertex 115 163 68
      vertex 115 158.657 69.3431
      vertex 115 159.347 70.1299
    endloop
  endfacet
  facet normal -1 0 0
    outer loop
      vertex 115 163.043 67.3474
      vertex 115 157.87 68.6532
      vertex 115 158.657 69.3431
    endloop
  endfacet
  facet normal -1 0 0
    outer loop
      vertex 115 163.17 66.7059
      vertex 115 157.87 68.6532
      vertex 115 163.043 67.3474
    endloop
  endfacet
  facet normal -1 0 -0
    outer loop
      vertex 115 157.87 68.6532
      vertex 115 163.17 66.7059
      vertex 115 157 68.0718
    endloop
  endfacet
  facet normal -1 0 0
    outer loop
      vertex 115 163.381 66.0866
      vertex 115 157 68.0718
      vertex 115 163.17 66.7059
    endloop
  endfacet
  facet normal -1 0 0
    outer loop
      vertex 115 163.67 65.5
      vertex 115 157 68.0718
      vertex 115 163.381 66.0866
    endloop
  endfacet
  facet normal -1 0 -0
    outer loop
      vertex 115 156.061 67.609
      vertex 115 164.033 64.9562
      vertex 115 155.071 67.2726
    endloop
  endfacet
  facet normal -1 0 0
    outer loop
      vertex 115 175 3
      vertex 115 151.956 67.0684
      vertex 115 153 67
    endloop
  endfacet
  facet normal -1 0 0
    outer loop
      vertex 115 133.588 65.3407
      vertex 115 151.956 67.0684
      vertex 115 175 3
    endloop
  endfacet
  facet normal -1 -0 0
    outer loop
      vertex 115 151.956 67.0684
      vertex 115 134.827 65.7612
      vertex 115 150.929 67.2726
    endloop
  endfacet
  facet normal -1 0 -0
    outer loop
      vertex 115 136 66.3397
      vertex 115 150.929 67.2726
      vertex 115 134.827 65.7612
    endloop
  endfacet
  facet normal -1 -0 0
    outer loop
      vertex 115 150.929 67.2726
      vertex 115 136 66.3397
      vertex 115 149.939 67.609
    endloop
  endfacet
  facet normal -1 0 -0
    outer loop
      vertex 115 137.088 67.0665
      vertex 115 149.939 67.609
      vertex 115 136 66.3397
    endloop
  endfacet
  facet normal -1 -0 0
    outer loop
      vertex 115 149.939 67.609
      vertex 115 137.088 67.0665
      vertex 115 149 68.0718
    endloop
  endfacet
  facet normal -1 -0 0
    outer loop
      vertex 115 149 68.0718
      vertex 115 138.071 67.9289
      vertex 115 148.13 68.6532
    endloop
  endfacet
  facet normal -1 -0 0
    outer loop
      vertex 115 148.13 68.6532
      vertex 115 138.071 67.9289
      vertex 115 147.343 69.3431
    endloop
  endfacet
  facet normal -1 0 0
    outer loop
      vertex 115 145.068 73.9558
      vertex 115 141 75
      vertex 115 145 75
    endloop
  endfacet
  facet normal -1 0 0
    outer loop
      vertex 115 140.914 73.6947
      vertex 115 145.068 73.9558
      vertex 115 145.273 72.9294
    endloop
  endfacet
  facet normal -1 0 0
    outer loop
      vertex 115 140.659 72.4118
      vertex 115 145.273 72.9294
      vertex 115 145.609 71.9385
    endloop
  endfacet
  facet normal -1 -0 0
    outer loop
      vertex 115 147.343 69.3431
      vertex 115 138.934 68.9124
      vertex 115 146.653 70.1299
    endloop
  endfacet
  facet normal -1 -0 0
    outer loop
      vertex 115 145.068 73.9558
      vertex 115 140.914 73.6947
      vertex 115 141 75
    endloop
  endfacet
  facet normal -1 -0 0
    outer loop
      vertex 115 145.273 72.9294
      vertex 115 140.659 72.4118
      vertex 115 140.914 73.6947
    endloop
  endfacet
  facet normal -1 -0 0
    outer loop
      vertex 115 145.609 71.9385
      vertex 115 140.239 71.1732
      vertex 115 140.659 72.4118
    endloop
  endfacet
  facet normal -1 0 0
    outer loop
      vertex 115 146.072 71
      vertex 115 140.239 71.1732
      vertex 115 145.609 71.9385
    endloop
  endfacet
  facet normal -1 0 -0
    outer loop
      vertex 115 140.239 71.1732
      vertex 115 146.072 71
      vertex 115 139.66 70
    endloop
  endfacet
  facet normal -1 -0 0
    outer loop
      vertex 115 146.653 70.1299
      vertex 115 139.66 70
      vertex 115 146.072 71
    endloop
  endfacet
  facet normal -1 0 -0
    outer loop
      vertex 115 139.66 70
      vertex 115 146.653 70.1299
      vertex 115 138.934 68.9124
    endloop
  endfacet
  facet normal -1 0 -0
    outer loop
      vertex 115 138.934 68.9124
      vertex 115 147.343 69.3431
      vertex 115 138.071 67.9289
    endloop
  endfacet
  facet normal -1 0 -0
    outer loop
      vertex 115 138.071 67.9289
      vertex 115 149 68.0718
      vertex 115 137.088 67.0665
    endloop
  endfacet
  facet normal -1 0 0
    outer loop
      vertex 115 151.956 67.0684
      vertex 115 133.588 65.3407
      vertex 115 134.827 65.7612
    endloop
  endfacet
  facet normal -1 0 0
    outer loop
      vertex 115 175 3
      vertex 115 132.305 65.0855
      vertex 115 133.588 65.3407
    endloop
  endfacet
  facet normal -1 0 0
    outer loop
      vertex 115 175 3
      vertex 115 131 65
      vertex 115 132.305 65.0855
    endloop
  endfacet
  facet normal -1 0 0
    outer loop
      vertex 115 175 3
      vertex 115 129.695 65.0855
      vertex 115 131 65
    endloop
  endfacet
  facet normal -1 0 0
    outer loop
      vertex 115 175 3
      vertex 115 128.412 65.3407
      vertex 115 129.695 65.0855
    endloop
  endfacet
  facet normal -1 0 0
    outer loop
      vertex 115 175 3
      vertex 115 127.173 65.7612
      vertex 115 128.412 65.3407
    endloop
  endfacet
  facet normal -1 0 0
    outer loop
      vertex 115 3 3
      vertex 115 127.173 65.7612
      vertex 115 175 3
    endloop
  endfacet
  facet normal -1 -0 0
    outer loop
      vertex 115 127.173 65.7612
      vertex 115 3 3
      vertex 115 126 66.3397
    endloop
  endfacet
  facet normal -1 -0 0
    outer loop
      vertex 115 126 66.3397
      vertex 115 3 3
      vertex 115 124.912 67.0665
    endloop
  endfacet
  facet normal -1 -0 0
    outer loop
      vertex 115 124.912 67.0665
      vertex 115 3 3
      vertex 115 123.929 67.9289
    endloop
  endfacet
  facet normal -1 0 0
    outer loop
      vertex 115 72.648 105.465
      vertex 115 121 75
      vertex 115 121.086 73.6947
    endloop
  endfacet
  facet normal -1 0 0
    outer loop
      vertex 115 72.2765 105.339
      vertex 115 121.086 73.6947
      vertex 115 121.341 72.4118
    endloop
  endfacet
  facet normal -1 0 0
    outer loop
      vertex 115 71.8916 105.262
      vertex 115 121.341 72.4118
      vertex 115 121.761 71.1732
    endloop
  endfacet
  facet normal -1 0 0
    outer loop
      vertex 115 71.1084 105.262
      vertex 115 121.761 71.1732
      vertex 115 122.34 70
    endloop
  endfacet
  facet normal -1 0 0
    outer loop
      vertex 115 3 3
      vertex 115 122.34 70
      vertex 115 123.066 68.9124
    endloop
  endfacet
  facet normal -1 -0 0
    outer loop
      vertex 115 123.929 67.9289
      vertex 115 3 3
      vertex 115 123.066 68.9124
    endloop
  endfacet
  facet normal -1 0 0
    outer loop
      vertex 115 121 75
      vertex 115 74.4743 107.845
      vertex 115 74.5 108.236
    endloop
  endfacet
  facet normal -1 0 0
    outer loop
      vertex 115 121 75
      vertex 115 74.3978 107.46
      vertex 115 74.4743 107.845
    endloop
  endfacet
  facet normal -1 0 0
    outer loop
      vertex 115 121 75
      vertex 115 74.2716 107.088
      vertex 115 74.3978 107.46
    endloop
  endfacet
  facet normal -1 0 0
    outer loop
      vertex 115 121 75
      vertex 115 74.0981 106.736
      vertex 115 74.2716 107.088
    endloop
  endfacet
  facet normal -1 0 0
    outer loop
      vertex 115 121 75
      vertex 115 73.8801 106.41
      vertex 115 74.0981 106.736
    endloop
  endfacet
  facet normal -1 0 0
    outer loop
      vertex 115 121 75
      vertex 115 73.6213 106.115
      vertex 115 73.8801 106.41
    endloop
  endfacet
  facet normal -1 0 0
    outer loop
      vertex 115 121 75
      vertex 115 73.3263 105.856
      vertex 115 73.6213 106.115
    endloop
  endfacet
  facet normal -1 0 0
    outer loop
      vertex 115 121 75
      vertex 115 73 105.638
      vertex 115 73.3263 105.856
    endloop
  endfacet
  facet normal -1 0 0
    outer loop
      vertex 115 121 75
      vertex 115 72.648 105.465
      vertex 115 73 105.638
    endloop
  endfacet
  facet normal -1 0 0
    outer loop
      vertex 115 121.086 73.6947
      vertex 115 72.2765 105.339
      vertex 115 72.648 105.465
    endloop
  endfacet
  facet normal -1 0 0
    outer loop
      vertex 115 121.341 72.4118
      vertex 115 71.8916 105.262
      vertex 115 72.2765 105.339
    endloop
  endfacet
  facet normal -1 -0 0
    outer loop
      vertex 115 122.34 70
      vertex 115 3 3
      vertex 115 54.8916 105.262
    endloop
  endfacet
  facet normal -1 0 0
    outer loop
      vertex 115 121.761 71.1732
      vertex 115 71.5 105.236
      vertex 115 71.8916 105.262
    endloop
  endfacet
  facet normal -1 0 0
    outer loop
      vertex 115 121.761 71.1732
      vertex 115 71.1084 105.262
      vertex 115 71.5 105.236
    endloop
  endfacet
  facet normal -1 0 0
    outer loop
      vertex 115 122.34 70
      vertex 115 54.8916 105.262
      vertex 115 71.1084 105.262
    endloop
  endfacet
  facet normal -1 0 0
    outer loop
      vertex 115 71.1084 105.262
      vertex 115 54.8916 105.262
      vertex 115 70.7235 105.339
    endloop
  endfacet
  facet normal -1 0 -0
    outer loop
      vertex 115 55.2765 105.339
      vertex 115 70.7235 105.339
      vertex 115 54.8916 105.262
    endloop
  endfacet
  facet normal -1 0 0
    outer loop
      vertex 115 70.7235 105.339
      vertex 115 55.2765 105.339
      vertex 115 70.352 105.465
    endloop
  endfacet
  facet normal -1 0 0
    outer loop
      vertex 115 68.5257 107.845
      vertex 115 57.5 108.236
      vertex 115 68.5 108.236
    endloop
  endfacet
  facet normal -1 0 0
    outer loop
      vertex 115 57.4743 107.845
      vertex 115 68.5257 107.845
      vertex 115 68.6022 107.46
    endloop
  endfacet
  facet normal -1 0 0
    outer loop
      vertex 115 57.3978 107.46
      vertex 115 68.6022 107.46
      vertex 115 68.7284 107.088
    endloop
  endfacet
  facet normal -1 0 0
    outer loop
      vertex 115 57.2716 107.088
      vertex 115 68.7284 107.088
      vertex 115 68.9019 106.736
    endloop
  endfacet
  facet normal -1 0 0
    outer loop
      vertex 115 57.0981 106.736
      vertex 115 68.9019 106.736
      vertex 115 69.1199 106.41
    endloop
  endfacet
  facet normal -1 0 0
    outer loop
      vertex 115 56.8801 106.41
      vertex 115 69.1199 106.41
      vertex 115 69.3787 106.115
    endloop
  endfacet
  facet normal -1 0 -0
    outer loop
      vertex 115 55.648 105.465
      vertex 115 70.352 105.465
      vertex 115 55.2765 105.339
    endloop
  endfacet
  facet normal -1 0 0
    outer loop
      vertex 115 68.5257 107.845
      vertex 115 57.4743 107.845
      vertex 115 57.5 108.236
    endloop
  endfacet
  facet normal -1 0 0
    outer loop
      vertex 115 68.6022 107.46
      vertex 115 57.3978 107.46
      vertex 115 57.4743 107.845
    endloop
  endfacet
  facet normal -1 0 0
    outer loop
      vertex 115 68.7284 107.088
      vertex 115 57.2716 107.088
      vertex 115 57.3978 107.46
    endloop
  endfacet
  facet normal -1 0 0
    outer loop
      vertex 115 68.9019 106.736
      vertex 115 57.0981 106.736
      vertex 115 57.2716 107.088
    endloop
  endfacet
  facet normal -1 0 0
    outer loop
      vertex 115 69.1199 106.41
      vertex 115 56.8801 106.41
      vertex 115 57.0981 106.736
    endloop
  endfacet
  facet normal -1 0 0
    outer loop
      vertex 115 69.3787 106.115
      vertex 115 56.6213 106.115
      vertex 115 56.8801 106.41
    endloop
  endfacet
  facet normal -1 -0 0
    outer loop
      vertex 115 69.3787 106.115
      vertex 115 56.3263 105.856
      vertex 115 56.6213 106.115
    endloop
  endfacet
  facet normal -1 0 0
    outer loop
      vertex 115 69.6737 105.856
      vertex 115 56.3263 105.856
      vertex 115 69.3787 106.115
    endloop
  endfacet
  facet normal -1 0 -0
    outer loop
      vertex 115 56.3263 105.856
      vertex 115 69.6737 105.856
      vertex 115 56 105.638
    endloop
  endfacet
  facet normal -1 0 0
    outer loop
      vertex 115 70.352 105.465
      vertex 115 55.648 105.465
      vertex 115 70 105.638
    endloop
  endfacet
  facet normal -1 0 0
    outer loop
      vertex 115 70 105.638
      vertex 115 56 105.638
      vertex 115 69.6737 105.856
    endloop
  endfacet
  facet normal -1 0 -0
    outer loop
      vertex 115 56 105.638
      vertex 115 70 105.638
      vertex 115 55.648 105.465
    endloop
  endfacet
  facet normal -1 0 0
    outer loop
      vertex 115 54.8916 105.262
      vertex 115 3 3
      vertex 115 54.5 105.236
    endloop
  endfacet
  facet normal -1 -0 0
    outer loop
      vertex 115 54.5 105.236
      vertex 115 3 3
      vertex 115 54.1084 105.262
    endloop
  endfacet
  facet normal -1 -0 0
    outer loop
      vertex 115 54.1084 105.262
      vertex 115 3 3
      vertex 115 53.7235 105.339
    endloop
  endfacet
  facet normal -1 -0 0
    outer loop
      vertex 115 53.7235 105.339
      vertex 115 3 3
      vertex 115 53.352 105.465
    endloop
  endfacet
  facet normal -1 -0 0
    outer loop
      vertex 115 53.352 105.465
      vertex 115 3 3
      vertex 115 53 105.638
    endloop
  endfacet
  facet normal -1 0 0
    outer loop
      vertex 115 51.6022 107.46
      vertex 115 3 161
      vertex 115 51.5257 107.845
    endloop
  endfacet
  facet normal -1 0 0
    outer loop
      vertex 115 3 161
      vertex 115 51.6022 107.46
      vertex 115 3 3
    endloop
  endfacet
  facet normal -1 -0 0
    outer loop
      vertex 115 51.7284 107.088
      vertex 115 3 3
      vertex 115 51.6022 107.46
    endloop
  endfacet
  facet normal -1 -0 0
    outer loop
      vertex 115 51.9019 106.736
      vertex 115 3 3
      vertex 115 51.7284 107.088
    endloop
  endfacet
  facet normal -1 -0 0
    outer loop
      vertex 115 52.1199 106.41
      vertex 115 3 3
      vertex 115 51.9019 106.736
    endloop
  endfacet
  facet normal -1 -0 0
    outer loop
      vertex 115 52.3787 106.115
      vertex 115 3 3
      vertex 115 52.1199 106.41
    endloop
  endfacet
  facet normal -1 -0 0
    outer loop
      vertex 115 52.6737 105.856
      vertex 115 3 3
      vertex 115 52.3787 106.115
    endloop
  endfacet
  facet normal -1 -0 0
    outer loop
      vertex 115 53 105.638
      vertex 115 3 3
      vertex 115 52.6737 105.856
    endloop
  endfacet
  facet normal -1 0 0
    outer loop
      vertex 115 172.957 68.6526
      vertex 115 175 161
      vertex 115 173 68
    endloop
  endfacet
  facet normal -1 0 0
    outer loop
      vertex 115 172.83 69.2941
      vertex 115 175 161
      vertex 115 172.957 68.6526
    endloop
  endfacet
  facet normal -1 0 0
    outer loop
      vertex 115 172.619 69.9134
      vertex 115 175 161
      vertex 115 172.83 69.2941
    endloop
  endfacet
  facet normal -1 0 0
    outer loop
      vertex 115 172.33 70.5
      vertex 115 175 161
      vertex 115 172.619 69.9134
    endloop
  endfacet
  facet normal -1 0 0
    outer loop
      vertex 115 171.967 71.0438
      vertex 115 175 161
      vertex 115 172.33 70.5
    endloop
  endfacet
  facet normal -1 0 0
    outer loop
      vertex 115 171.536 71.5355
      vertex 115 175 161
      vertex 115 171.967 71.0438
    endloop
  endfacet
  facet normal -1 0 0
    outer loop
      vertex 115 171.044 71.9668
      vertex 115 175 161
      vertex 115 171.536 71.5355
    endloop
  endfacet
  facet normal -1 0 0
    outer loop
      vertex 115 170.5 72.3301
      vertex 115 175 161
      vertex 115 171.044 71.9668
    endloop
  endfacet
  facet normal -1 0 0
    outer loop
      vertex 115 158.657 80.6569
      vertex 115 170.5 72.3301
      vertex 115 169.913 72.6194
    endloop
  endfacet
  facet normal -1 0 0
    outer loop
      vertex 115 159.347 79.8701
      vertex 115 169.913 72.6194
      vertex 115 169.294 72.8296
    endloop
  endfacet
  facet normal -1 0 0
    outer loop
      vertex 115 159.928 79
      vertex 115 169.294 72.8296
      vertex 115 168.653 72.9572
    endloop
  endfacet
  facet normal -1 0 0
    outer loop
      vertex 115 160.391 78.0615
      vertex 115 168.653 72.9572
      vertex 115 168 73
    endloop
  endfacet
  facet normal -1 0 0
    outer loop
      vertex 115 160.391 78.0615
      vertex 115 168 73
      vertex 115 167.347 72.9572
    endloop
  endfacet
  facet normal -1 0 0
    outer loop
      vertex 115 160.727 77.0705
      vertex 115 167.347 72.9572
      vertex 115 166.706 72.8296
    endloop
  endfacet
  facet normal -1 0 0
    outer loop
      vertex 115 160.932 76.0442
      vertex 115 166.706 72.8296
      vertex 115 166.087 72.6194
    endloop
  endfacet
  facet normal -1 0 0
    outer loop
      vertex 115 161 75
      vertex 115 166.087 72.6194
      vertex 115 165.5 72.3301
    endloop
  endfacet
  facet normal -1 0 0
    outer loop
      vertex 115 161 75
      vertex 115 165.5 72.3301
      vertex 115 164.956 71.9668
    endloop
  endfacet
  facet normal -1 0 0
    outer loop
      vertex 115 161 75
      vertex 115 164.956 71.9668
      vertex 115 164.464 71.5355
    endloop
  endfacet
  facet normal -1 0 0
    outer loop
      vertex 115 161 75
      vertex 115 164.464 71.5355
      vertex 115 164.033 71.0438
    endloop
  endfacet
  facet normal -1 0 0
    outer loop
      vertex 115 161 75
      vertex 115 164.033 71.0438
      vertex 115 163.67 70.5
    endloop
  endfacet
  facet normal -1 0 0
    outer loop
      vertex 115 161 75
      vertex 115 163.67 70.5
      vertex 115 163.381 69.9134
    endloop
  endfacet
  facet normal -1 0 0
    outer loop
      vertex 115 161 75
      vertex 115 163.381 69.9134
      vertex 115 163.17 69.2941
    endloop
  endfacet
  facet normal -1 0 0
    outer loop
      vertex 115 161 75
      vertex 115 163.17 69.2941
      vertex 115 163.043 68.6526
    endloop
  endfacet
  facet normal -1 0 0
    outer loop
      vertex 115 161 75
      vertex 115 163.043 68.6526
      vertex 115 163 68
    endloop
  endfacet
  facet normal -1 0 0
    outer loop
      vertex 115 166.087 72.6194
      vertex 115 161 75
      vertex 115 160.932 76.0442
    endloop
  endfacet
  facet normal -1 0 0
    outer loop
      vertex 115 166.706 72.8296
      vertex 115 160.932 76.0442
      vertex 115 160.727 77.0705
    endloop
  endfacet
  facet normal -1 0 0
    outer loop
      vertex 115 167.347 72.9572
      vertex 115 160.727 77.0705
      vertex 115 160.391 78.0615
    endloop
  endfacet
  facet normal -1 0 0
    outer loop
      vertex 115 168.653 72.9572
      vertex 115 160.391 78.0615
      vertex 115 159.928 79
    endloop
  endfacet
  facet normal -1 0 0
    outer loop
      vertex 115 169.294 72.8296
      vertex 115 159.928 79
      vertex 115 159.347 79.8701
    endloop
  endfacet
  facet normal -1 0 0
    outer loop
      vertex 115 169.913 72.6194
      vertex 115 159.347 79.8701
      vertex 115 158.657 80.6569
    endloop
  endfacet
  facet normal -1 0 0
    outer loop
      vertex 115 170.5 72.3301
      vertex 115 158.657 80.6569
      vertex 115 175 161
    endloop
  endfacet
  facet normal -1 0 0
    outer loop
      vertex 115 157.87 81.3468
      vertex 115 175 161
      vertex 115 158.657 80.6569
    endloop
  endfacet
  facet normal -1 0 0
    outer loop
      vertex 115 157 81.9282
      vertex 115 175 161
      vertex 115 157.87 81.3468
    endloop
  endfacet
  facet normal -1 0 0
    outer loop
      vertex 115 156.061 82.391
      vertex 115 175 161
      vertex 115 157 81.9282
    endloop
  endfacet
  facet normal -1 0 0
    outer loop
      vertex 115 155.071 82.7274
      vertex 115 175 161
      vertex 115 156.061 82.391
    endloop
  endfacet
  facet normal -1 0 0
    outer loop
      vertex 115 154.044 82.9316
      vertex 115 175 161
      vertex 115 155.071 82.7274
    endloop
  endfacet
  facet normal -1 0 0
    outer loop
      vertex 115 153 83
      vertex 115 175 161
      vertex 115 154.044 82.9316
    endloop
  endfacet
  facet normal -1 0 0
    outer loop
      vertex 115 151.956 82.9316
      vertex 115 175 161
      vertex 115 153 83
    endloop
  endfacet
  facet normal -1 0 0
    outer loop
      vertex 115 134.827 84.2388
      vertex 115 151.956 82.9316
      vertex 115 150.929 82.7274
    endloop
  endfacet
  facet normal -1 0 0
    outer loop
      vertex 115 136 83.6603
      vertex 115 150.929 82.7274
      vertex 115 149.939 82.391
    endloop
  endfacet
  facet normal -1 0 0
    outer loop
      vertex 115 137.088 82.9335
      vertex 115 149.939 82.391
      vertex 115 149 81.9282
    endloop
  endfacet
  facet normal -1 0 0
    outer loop
      vertex 115 138.071 82.0711
      vertex 115 149 81.9282
      vertex 115 148.13 81.3468
    endloop
  endfacet
  facet normal -1 0 0
    outer loop
      vertex 115 138.071 82.0711
      vertex 115 148.13 81.3468
      vertex 115 147.343 80.6569
    endloop
  endfacet
  facet normal -1 0 0
    outer loop
      vertex 115 138.934 81.0876
      vertex 115 147.343 80.6569
      vertex 115 146.653 79.8701
    endloop
  endfacet
  facet normal -1 0 0
    outer loop
      vertex 115 139.66 80
      vertex 115 146.653 79.8701
      vertex 115 146.072 79
    endloop
  endfacet
  facet normal -1 0 0
    outer loop
      vertex 115 140.239 78.8268
      vertex 115 146.072 79
      vertex 115 145.609 78.0615
    endloop
  endfacet
  facet normal -1 0 0
    outer loop
      vertex 115 141 75
      vertex 115 145.068 76.0442
      vertex 115 145 75
    endloop
  endfacet
  facet normal -1 0 0
    outer loop
      vertex 115 140.914 76.3053
      vertex 115 145.068 76.0442
      vertex 115 141 75
    endloop
  endfacet
  facet normal -1 0 0
    outer loop
      vertex 115 145.068 76.0442
      vertex 115 140.914 76.3053
      vertex 115 145.273 77.0705
    endloop
  endfacet
  facet normal -1 0 0
    outer loop
      vertex 115 140.659 77.5882
      vertex 115 145.273 77.0705
      vertex 115 140.914 76.3053
    endloop
  endfacet
  facet normal -1 0 0
    outer loop
      vertex 115 145.273 77.0705
      vertex 115 140.659 77.5882
      vertex 115 145.609 78.0615
    endloop
  endfacet
  facet normal -1 0 0
    outer loop
      vertex 115 140.239 78.8268
      vertex 115 145.609 78.0615
      vertex 115 140.659 77.5882
    endloop
  endfacet
  facet normal -1 -0 0
    outer loop
      vertex 115 146.072 79
      vertex 115 140.239 78.8268
      vertex 115 139.66 80
    endloop
  endfacet
  facet normal -1 0 0
    outer loop
      vertex 115 146.653 79.8701
      vertex 115 139.66 80
      vertex 115 138.934 81.0876
    endloop
  endfacet
  facet normal -1 0 0
    outer loop
      vertex 115 147.343 80.6569
      vertex 115 138.934 81.0876
      vertex 115 138.071 82.0711
    endloop
  endfacet
  facet normal -1 0 0
    outer loop
      vertex 115 149 81.9282
      vertex 115 138.071 82.0711
      vertex 115 137.088 82.9335
    endloop
  endfacet
  facet normal -1 0 0
    outer loop
      vertex 115 149.939 82.391
      vertex 115 137.088 82.9335
      vertex 115 136 83.6603
    endloop
  endfacet
  facet normal -1 0 0
    outer loop
      vertex 115 150.929 82.7274
      vertex 115 136 83.6603
      vertex 115 134.827 84.2388
    endloop
  endfacet
  facet normal -1 0 0
    outer loop
      vertex 115 151.956 82.9316
      vertex 115 134.827 84.2388
      vertex 115 133.588 84.6593
    endloop
  endfacet
  facet normal -1 0 0
    outer loop
      vertex 115 151.956 82.9316
      vertex 115 133.588 84.6593
      vertex 115 175 161
    endloop
  endfacet
  facet normal -1 0 0
    outer loop
      vertex 115 132.305 84.9144
      vertex 115 175 161
      vertex 115 133.588 84.6593
    endloop
  endfacet
  facet normal -1 0 0
    outer loop
      vertex 115 131 85
      vertex 115 175 161
      vertex 115 132.305 84.9144
    endloop
  endfacet
  facet normal -1 0 0
    outer loop
      vertex 115 129.695 84.9144
      vertex 115 175 161
      vertex 115 131 85
    endloop
  endfacet
  facet normal -1 0 0
    outer loop
      vertex 115 74.0981 109.736
      vertex 115 129.695 84.9144
      vertex 115 128.412 84.6593
    endloop
  endfacet
  facet normal -1 0 0
    outer loop
      vertex 115 74.2716 109.384
      vertex 115 128.412 84.6593
      vertex 115 127.173 84.2388
    endloop
  endfacet
  facet normal -1 0 0
    outer loop
      vertex 115 74.3978 109.013
      vertex 115 127.173 84.2388
      vertex 115 126 83.6603
    endloop
  endfacet
  facet normal -1 0 0
    outer loop
      vertex 115 74.4743 108.628
      vertex 115 126 83.6603
      vertex 115 124.912 82.9335
    endloop
  endfacet
  facet normal -1 0 0
    outer loop
      vertex 115 74.5 108.236
      vertex 115 124.912 82.9335
      vertex 115 123.929 82.0711
    endloop
  endfacet
  facet normal -1 0 0
    outer loop
      vertex 115 74.5 108.236
      vertex 115 123.929 82.0711
      vertex 115 123.066 81.0876
    endloop
  endfacet
  facet normal -1 0 0
    outer loop
      vertex 115 74.5 108.236
      vertex 115 123.066 81.0876
      vertex 115 122.34 80
    endloop
  endfacet
  facet normal -1 0 0
    outer loop
      vertex 115 74.5 108.236
      vertex 115 121.086 76.3053
      vertex 115 121 75
    endloop
  endfacet
  facet normal -1 0 0
    outer loop
      vertex 115 74.5 108.236
      vertex 115 121.341 77.5882
      vertex 115 121.086 76.3053
    endloop
  endfacet
  facet normal -1 0 0
    outer loop
      vertex 115 74.5 108.236
      vertex 115 121.761 78.8268
      vertex 115 121.341 77.5882
    endloop
  endfacet
  facet normal -1 0 0
    outer loop
      vertex 115 74.5 108.236
      vertex 115 122.34 80
      vertex 115 121.761 78.8268
    endloop
  endfacet
  facet normal -1 0 0
    outer loop
      vertex 115 124.912 82.9335
      vertex 115 74.5 108.236
      vertex 115 74.4743 108.628
    endloop
  endfacet
  facet normal -1 0 0
    outer loop
      vertex 115 126 83.6603
      vertex 115 74.4743 108.628
      vertex 115 74.3978 109.013
    endloop
  endfacet
  facet normal -1 0 0
    outer loop
      vertex 115 127.173 84.2388
      vertex 115 74.3978 109.013
      vertex 115 74.2716 109.384
    endloop
  endfacet
  facet normal -1 0 0
    outer loop
      vertex 115 128.412 84.6593
      vertex 115 74.2716 109.384
      vertex 115 74.0981 109.736
    endloop
  endfacet
  facet normal -1 0 0
    outer loop
      vertex 115 129.695 84.9144
      vertex 115 74.0981 109.736
      vertex 115 175 161
    endloop
  endfacet
  facet normal -1 0 0
    outer loop
      vertex 115 73.8801 110.063
      vertex 115 175 161
      vertex 115 74.0981 109.736
    endloop
  endfacet
  facet normal -1 0 0
    outer loop
      vertex 115 73.6213 110.358
      vertex 115 175 161
      vertex 115 73.8801 110.063
    endloop
  endfacet
  facet normal -1 0 0
    outer loop
      vertex 115 73.3263 110.616
      vertex 115 175 161
      vertex 115 73.6213 110.358
    endloop
  endfacet
  facet normal -1 0 0
    outer loop
      vertex 115 73 110.834
      vertex 115 175 161
      vertex 115 73.3263 110.616
    endloop
  endfacet
  facet normal -1 0 0
    outer loop
      vertex 115 72.648 111.008
      vertex 115 175 161
      vertex 115 73 110.834
    endloop
  endfacet
  facet normal -1 0 0
    outer loop
      vertex 115 72.2765 111.134
      vertex 115 175 161
      vertex 115 72.648 111.008
    endloop
  endfacet
  facet normal -1 0 0
    outer loop
      vertex 115 71.8916 111.211
      vertex 115 175 161
      vertex 115 72.2765 111.134
    endloop
  endfacet
  facet normal -1 0 0
    outer loop
      vertex 115 3 161
      vertex 115 71.8916 111.211
      vertex 115 71.5 111.236
    endloop
  endfacet
  facet normal -1 0 0
    outer loop
      vertex 115 3 161
      vertex 115 71.5 111.236
      vertex 115 71.1084 111.211
    endloop
  endfacet
  facet normal -1 0 0
    outer loop
      vertex 115 54.8916 111.211
      vertex 115 71.1084 111.211
      vertex 115 70.7235 111.134
    endloop
  endfacet
  facet normal -1 0 0
    outer loop
      vertex 115 55.2765 111.134
      vertex 115 70.7235 111.134
      vertex 115 70.352 111.008
    endloop
  endfacet
  facet normal -1 0 0
    outer loop
      vertex 115 57.5 108.236
      vertex 115 68.5257 108.628
      vertex 115 68.5 108.236
    endloop
  endfacet
  facet normal -1 0 0
    outer loop
      vertex 115 57.4743 108.628
      vertex 115 68.5257 108.628
      vertex 115 57.5 108.236
    endloop
  endfacet
  facet normal -1 0 0
    outer loop
      vertex 115 68.5257 108.628
      vertex 115 57.4743 108.628
      vertex 115 68.6022 109.013
    endloop
  endfacet
  facet normal -1 0 0
    outer loop
      vertex 115 57.3978 109.013
      vertex 115 68.6022 109.013
      vertex 115 57.4743 108.628
    endloop
  endfacet
  facet normal -1 0 0
    outer loop
      vertex 115 68.6022 109.013
      vertex 115 57.3978 109.013
      vertex 115 68.7284 109.384
    endloop
  endfacet
  facet normal -1 0 0
    outer loop
      vertex 115 57.2716 109.384
      vertex 115 68.7284 109.384
      vertex 115 57.3978 109.013
    endloop
  endfacet
  facet normal -1 0 0
    outer loop
      vertex 115 68.7284 109.384
      vertex 115 57.2716 109.384
      vertex 115 68.9019 109.736
    endloop
  endfacet
  facet normal -1 0 0
    outer loop
      vertex 115 57.0981 109.736
      vertex 115 68.9019 109.736
      vertex 115 57.2716 109.384
    endloop
  endfacet
  facet normal -1 0 0
    outer loop
      vertex 115 68.9019 109.736
      vertex 115 57.0981 109.736
      vertex 115 69.1199 110.063
    endloop
  endfacet
  facet normal -1 0 0
    outer loop
      vertex 115 56.8801 110.063
      vertex 115 69.1199 110.063
      vertex 115 57.0981 109.736
    endloop
  endfacet
  facet normal -1 0 0
    outer loop
      vertex 115 69.1199 110.063
      vertex 115 56.8801 110.063
      vertex 115 69.3787 110.358
    endloop
  endfacet
  facet normal -1 0 0
    outer loop
      vertex 115 56.6213 110.358
      vertex 115 69.3787 110.358
      vertex 115 56.8801 110.063
    endloop
  endfacet
  facet normal -1 0 0
    outer loop
      vertex 115 69.3787 110.358
      vertex 115 56.6213 110.358
      vertex 115 69.6737 110.616
    endloop
  endfacet
  facet normal -1 0 0
    outer loop
      vertex 115 56.3263 110.616
      vertex 115 69.6737 110.616
      vertex 115 56.6213 110.358
    endloop
  endfacet
  facet normal -1 0 0
    outer loop
      vertex 115 69.6737 110.616
      vertex 115 56.3263 110.616
      vertex 115 70 110.834
    endloop
  endfacet
  facet normal -1 0 0
    outer loop
      vertex 115 56 110.834
      vertex 115 70 110.834
      vertex 115 56.3263 110.616
    endloop
  endfacet
  facet normal -1 0 0
    outer loop
      vertex 115 70 110.834
      vertex 115 56 110.834
      vertex 115 70.352 111.008
    endloop
  endfacet
  facet normal -1 0 0
    outer loop
      vertex 115 55.648 111.008
      vertex 115 70.352 111.008
      vertex 115 56 110.834
    endloop
  endfacet
  facet normal -1 0 0
    outer loop
      vertex 115 55.2765 111.134
      vertex 115 70.352 111.008
      vertex 115 55.648 111.008
    endloop
  endfacet
  facet normal -1 0 0
    outer loop
      vertex 115 70.7235 111.134
      vertex 115 55.2765 111.134
      vertex 115 54.8916 111.211
    endloop
  endfacet
  facet normal -1 0 0
    outer loop
      vertex 115 71.1084 111.211
      vertex 115 54.8916 111.211
      vertex 115 3 161
    endloop
  endfacet
  facet normal -1 0 0
    outer loop
      vertex 115 3 161
      vertex 115 54.8916 111.211
      vertex 115 54.5 111.236
    endloop
  endfacet
  facet normal -1 0 0
    outer loop
      vertex 115 3 161
      vertex 115 54.5 111.236
      vertex 115 54.1084 111.211
    endloop
  endfacet
  facet normal -1 0 0
    outer loop
      vertex 115 3 161
      vertex 115 54.1084 111.211
      vertex 115 53.7235 111.134
    endloop
  endfacet
  facet normal -1 0 0
    outer loop
      vertex 115 3 161
      vertex 115 53.7235 111.134
      vertex 115 53.352 111.008
    endloop
  endfacet
  facet normal -1 0 0
    outer loop
      vertex 115 51.5257 107.845
      vertex 115 3 161
      vertex 115 51.5 108.236
    endloop
  endfacet
  facet normal -1 0 0
    outer loop
      vertex 115 51.5 108.236
      vertex 115 3 161
      vertex 115 51.5257 108.628
    endloop
  endfacet
  facet normal -1 0 0
    outer loop
      vertex 115 51.5257 108.628
      vertex 115 3 161
      vertex 115 51.6022 109.013
    endloop
  endfacet
  facet normal -1 0 0
    outer loop
      vertex 115 71.8916 111.211
      vertex 115 3 161
      vertex 115 175 161
    endloop
  endfacet
  facet normal -1 0 0
    outer loop
      vertex 115 53 110.834
      vertex 115 3 161
      vertex 115 53.352 111.008
    endloop
  endfacet
  facet normal -1 0 0
    outer loop
      vertex 115 52.6737 110.616
      vertex 115 3 161
      vertex 115 53 110.834
    endloop
  endfacet
  facet normal -1 0 0
    outer loop
      vertex 115 52.3787 110.358
      vertex 115 3 161
      vertex 115 52.6737 110.616
    endloop
  endfacet
  facet normal -1 0 0
    outer loop
      vertex 115 52.1199 110.063
      vertex 115 3 161
      vertex 115 52.3787 110.358
    endloop
  endfacet
  facet normal -1 0 0
    outer loop
      vertex 115 51.9019 109.736
      vertex 115 3 161
      vertex 115 52.1199 110.063
    endloop
  endfacet
  facet normal -1 0 0
    outer loop
      vertex 115 51.7284 109.384
      vertex 115 3 161
      vertex 115 51.9019 109.736
    endloop
  endfacet
  facet normal -1 0 0
    outer loop
      vertex 115 51.6022 109.013
      vertex 115 3 161
      vertex 115 51.7284 109.384
    endloop
  endfacet
  facet normal -1 0 0
    outer loop
      vertex 115 55.3427 108.125
      vertex 115 55.3427 108.347
      vertex 115 55.35 108.236
    endloop
  endfacet
  facet normal -1 0 0
    outer loop
      vertex 115 55.321 108.016
      vertex 115 55.3427 108.347
      vertex 115 55.3427 108.125
    endloop
  endfacet
  facet normal -1 0 0
    outer loop
      vertex 115 55.321 108.016
      vertex 115 55.321 108.456
      vertex 115 55.3427 108.347
    endloop
  endfacet
  facet normal -1 0 0
    outer loop
      vertex 115 55.2853 107.911
      vertex 115 55.321 108.456
      vertex 115 55.321 108.016
    endloop
  endfacet
  facet normal -1 0 0
    outer loop
      vertex 115 55.2853 107.911
      vertex 115 55.2853 108.562
      vertex 115 55.321 108.456
    endloop
  endfacet
  facet normal -1 0 0
    outer loop
      vertex 115 55.2361 107.811
      vertex 115 55.2853 108.562
      vertex 115 55.2853 107.911
    endloop
  endfacet
  facet normal -1 0 0
    outer loop
      vertex 115 55.2361 107.811
      vertex 115 55.2361 108.661
      vertex 115 55.2853 108.562
    endloop
  endfacet
  facet normal -1 0 0
    outer loop
      vertex 115 55.1744 107.719
      vertex 115 55.2361 108.661
      vertex 115 55.2361 107.811
    endloop
  endfacet
  facet normal -1 0 0
    outer loop
      vertex 115 55.1744 107.719
      vertex 115 55.1744 108.754
      vertex 115 55.2361 108.661
    endloop
  endfacet
  facet normal -1 0 0
    outer loop
      vertex 115 55.101 107.635
      vertex 115 55.1744 108.754
      vertex 115 55.1744 107.719
    endloop
  endfacet
  facet normal -1 0 0
    outer loop
      vertex 115 55.101 107.635
      vertex 115 55.101 108.837
      vertex 115 55.1744 108.754
    endloop
  endfacet
  facet normal -1 0 0
    outer loop
      vertex 115 55.0174 107.562
      vertex 115 55.101 108.837
      vertex 115 55.101 107.635
    endloop
  endfacet
  facet normal -1 0 0
    outer loop
      vertex 115 55.0174 107.562
      vertex 115 55.0174 108.911
      vertex 115 55.101 108.837
    endloop
  endfacet
  facet normal -1 0 0
    outer loop
      vertex 115 54.925 107.5
      vertex 115 55.0174 108.911
      vertex 115 55.0174 107.562
    endloop
  endfacet
  facet normal -1 0 0
    outer loop
      vertex 115 54.925 107.5
      vertex 115 54.925 108.973
      vertex 115 55.0174 108.911
    endloop
  endfacet
  facet normal -1 0 0
    outer loop
      vertex 115 54.8253 107.451
      vertex 115 54.925 108.973
      vertex 115 54.925 107.5
    endloop
  endfacet
  facet normal -1 0 0
    outer loop
      vertex 115 54.8253 107.451
      vertex 115 54.8253 109.022
      vertex 115 54.925 108.973
    endloop
  endfacet
  facet normal -1 0 0
    outer loop
      vertex 115 54.72 107.415
      vertex 115 54.8253 109.022
      vertex 115 54.8253 107.451
    endloop
  endfacet
  facet normal -1 0 0
    outer loop
      vertex 115 54.72 107.415
      vertex 115 54.72 109.057
      vertex 115 54.8253 109.022
    endloop
  endfacet
  facet normal -1 0 0
    outer loop
      vertex 115 54.6109 107.394
      vertex 115 54.72 109.057
      vertex 115 54.72 107.415
    endloop
  endfacet
  facet normal -1 0 0
    outer loop
      vertex 115 54.6109 107.394
      vertex 115 54.6109 109.079
      vertex 115 54.72 109.057
    endloop
  endfacet
  facet normal -1 0 0
    outer loop
      vertex 115 54.5 107.386
      vertex 115 54.6109 109.079
      vertex 115 54.6109 107.394
    endloop
  endfacet
  facet normal -1 0 0
    outer loop
      vertex 115 54.5 107.386
      vertex 115 54.5 109.086
      vertex 115 54.6109 109.079
    endloop
  endfacet
  facet normal -1 0 0
    outer loop
      vertex 115 54.3891 107.394
      vertex 115 54.5 109.086
      vertex 115 54.5 107.386
    endloop
  endfacet
  facet normal -1 0 0
    outer loop
      vertex 115 54.3891 107.394
      vertex 115 54.3891 109.079
      vertex 115 54.5 109.086
    endloop
  endfacet
  facet normal -1 0 0
    outer loop
      vertex 115 54.28 107.415
      vertex 115 54.3891 109.079
      vertex 115 54.3891 107.394
    endloop
  endfacet
  facet normal -1 0 0
    outer loop
      vertex 115 54.28 107.415
      vertex 115 54.28 109.057
      vertex 115 54.3891 109.079
    endloop
  endfacet
  facet normal -1 0 0
    outer loop
      vertex 115 54.1747 107.451
      vertex 115 54.28 109.057
      vertex 115 54.28 107.415
    endloop
  endfacet
  facet normal -1 0 0
    outer loop
      vertex 115 54.1747 107.451
      vertex 115 54.1747 109.022
      vertex 115 54.28 109.057
    endloop
  endfacet
  facet normal -1 0 0
    outer loop
      vertex 115 54.075 107.5
      vertex 115 54.1747 109.022
      vertex 115 54.1747 107.451
    endloop
  endfacet
  facet normal -1 0 0
    outer loop
      vertex 115 54.075 107.5
      vertex 115 54.075 108.973
      vertex 115 54.1747 109.022
    endloop
  endfacet
  facet normal -1 0 0
    outer loop
      vertex 115 53.9826 107.562
      vertex 115 54.075 108.973
      vertex 115 54.075 107.5
    endloop
  endfacet
  facet normal -1 0 0
    outer loop
      vertex 115 53.9826 107.562
      vertex 115 53.9826 108.911
      vertex 115 54.075 108.973
    endloop
  endfacet
  facet normal -1 0 0
    outer loop
      vertex 115 53.899 107.635
      vertex 115 53.9826 108.911
      vertex 115 53.9826 107.562
    endloop
  endfacet
  facet normal -1 0 0
    outer loop
      vertex 115 53.899 107.635
      vertex 115 53.899 108.837
      vertex 115 53.9826 108.911
    endloop
  endfacet
  facet normal -1 0 0
    outer loop
      vertex 115 53.8256 107.719
      vertex 115 53.899 108.837
      vertex 115 53.899 107.635
    endloop
  endfacet
  facet normal -1 0 0
    outer loop
      vertex 115 53.8256 107.719
      vertex 115 53.8256 108.754
      vertex 115 53.899 108.837
    endloop
  endfacet
  facet normal -1 0 0
    outer loop
      vertex 115 53.7639 107.811
      vertex 115 53.8256 108.754
      vertex 115 53.8256 107.719
    endloop
  endfacet
  facet normal -1 0 0
    outer loop
      vertex 115 53.7639 107.811
      vertex 115 53.7639 108.661
      vertex 115 53.8256 108.754
    endloop
  endfacet
  facet normal -1 0 0
    outer loop
      vertex 115 53.7147 107.911
      vertex 115 53.7639 108.661
      vertex 115 53.7639 107.811
    endloop
  endfacet
  facet normal -1 0 0
    outer loop
      vertex 115 53.7147 107.911
      vertex 115 53.7147 108.562
      vertex 115 53.7639 108.661
    endloop
  endfacet
  facet normal -1 0 0
    outer loop
      vertex 115 53.679 108.016
      vertex 115 53.7147 108.562
      vertex 115 53.7147 107.911
    endloop
  endfacet
  facet normal -1 0 0
    outer loop
      vertex 115 53.679 108.016
      vertex 115 53.679 108.456
      vertex 115 53.7147 108.562
    endloop
  endfacet
  facet normal -1 0 0
    outer loop
      vertex 115 53.6573 108.125
      vertex 115 53.679 108.456
      vertex 115 53.679 108.016
    endloop
  endfacet
  facet normal -1 0 0
    outer loop
      vertex 115 53.6573 108.125
      vertex 115 53.6573 108.347
      vertex 115 53.679 108.456
    endloop
  endfacet
  facet normal -1 0 -0
    outer loop
      vertex 115 53.6573 108.347
      vertex 115 53.6573 108.125
      vertex 115 53.65 108.236
    endloop
  endfacet
  facet normal -1 0 0
    outer loop
      vertex 115 72.3427 108.125
      vertex 115 72.3427 108.347
      vertex 115 72.35 108.236
    endloop
  endfacet
  facet normal -1 0 0
    outer loop
      vertex 115 72.321 108.016
      vertex 115 72.3427 108.347
      vertex 115 72.3427 108.125
    endloop
  endfacet
  facet normal -1 0 0
    outer loop
      vertex 115 72.321 108.016
      vertex 115 72.321 108.456
      vertex 115 72.3427 108.347
    endloop
  endfacet
  facet normal -1 0 0
    outer loop
      vertex 115 72.2853 107.911
      vertex 115 72.321 108.456
      vertex 115 72.321 108.016
    endloop
  endfacet
  facet normal -1 0 0
    outer loop
      vertex 115 72.2853 107.911
      vertex 115 72.2853 108.562
      vertex 115 72.321 108.456
    endloop
  endfacet
  facet normal -1 0 0
    outer loop
      vertex 115 72.2361 107.811
      vertex 115 72.2853 108.562
      vertex 115 72.2853 107.911
    endloop
  endfacet
  facet normal -1 0 0
    outer loop
      vertex 115 72.2361 107.811
      vertex 115 72.2361 108.661
      vertex 115 72.2853 108.562
    endloop
  endfacet
  facet normal -1 0 0
    outer loop
      vertex 115 72.1743 107.719
      vertex 115 72.2361 108.661
      vertex 115 72.2361 107.811
    endloop
  endfacet
  facet normal -1 0 0
    outer loop
      vertex 115 72.1743 107.719
      vertex 115 72.1743 108.754
      vertex 115 72.2361 108.661
    endloop
  endfacet
  facet normal -1 0 0
    outer loop
      vertex 115 72.101 107.635
      vertex 115 72.1743 108.754
      vertex 115 72.1743 107.719
    endloop
  endfacet
  facet normal -1 0 0
    outer loop
      vertex 115 72.101 107.635
      vertex 115 72.101 108.837
      vertex 115 72.1743 108.754
    endloop
  endfacet
  facet normal -1 0 0
    outer loop
      vertex 115 72.0174 107.562
      vertex 115 72.101 108.837
      vertex 115 72.101 107.635
    endloop
  endfacet
  facet normal -1 0 0
    outer loop
      vertex 115 72.0174 107.562
      vertex 115 72.0174 108.911
      vertex 115 72.101 108.837
    endloop
  endfacet
  facet normal -1 0 0
    outer loop
      vertex 115 71.925 107.5
      vertex 115 72.0174 108.911
      vertex 115 72.0174 107.562
    endloop
  endfacet
  facet normal -1 0 0
    outer loop
      vertex 115 71.925 107.5
      vertex 115 71.925 108.973
      vertex 115 72.0174 108.911
    endloop
  endfacet
  facet normal -1 0 0
    outer loop
      vertex 115 71.8253 107.451
      vertex 115 71.925 108.973
      vertex 115 71.925 107.5
    endloop
  endfacet
  facet normal -1 0 0
    outer loop
      vertex 115 71.8253 107.451
      vertex 115 71.8253 109.022
      vertex 115 71.925 108.973
    endloop
  endfacet
  facet normal -1 0 0
    outer loop
      vertex 115 71.72 107.415
      vertex 115 71.8253 109.022
      vertex 115 71.8253 107.451
    endloop
  endfacet
  facet normal -1 0 0
    outer loop
      vertex 115 71.72 107.415
      vertex 115 71.72 109.057
      vertex 115 71.8253 109.022
    endloop
  endfacet
  facet normal -1 0 0
    outer loop
      vertex 115 71.6109 107.394
      vertex 115 71.72 109.057
      vertex 115 71.72 107.415
    endloop
  endfacet
  facet normal -1 0 0
    outer loop
      vertex 115 71.6109 107.394
      vertex 115 71.6109 109.079
      vertex 115 71.72 109.057
    endloop
  endfacet
  facet normal -1 0 0
    outer loop
      vertex 115 71.5 107.386
      vertex 115 71.6109 109.079
      vertex 115 71.6109 107.394
    endloop
  endfacet
  facet normal -1 0 0
    outer loop
      vertex 115 71.5 107.386
      vertex 115 71.5 109.086
      vertex 115 71.6109 109.079
    endloop
  endfacet
  facet normal -1 0 0
    outer loop
      vertex 115 71.3891 107.394
      vertex 115 71.5 109.086
      vertex 115 71.5 107.386
    endloop
  endfacet
  facet normal -1 0 0
    outer loop
      vertex 115 71.3891 107.394
      vertex 115 71.3891 109.079
      vertex 115 71.5 109.086
    endloop
  endfacet
  facet normal -1 0 0
    outer loop
      vertex 115 71.28 107.415
      vertex 115 71.3891 109.079
      vertex 115 71.3891 107.394
    endloop
  endfacet
  facet normal -1 0 0
    outer loop
      vertex 115 71.28 107.415
      vertex 115 71.28 109.057
      vertex 115 71.3891 109.079
    endloop
  endfacet
  facet normal -1 0 0
    outer loop
      vertex 115 71.1747 107.451
      vertex 115 71.28 109.057
      vertex 115 71.28 107.415
    endloop
  endfacet
  facet normal -1 0 0
    outer loop
      vertex 115 71.1747 107.451
      vertex 115 71.1747 109.022
      vertex 115 71.28 109.057
    endloop
  endfacet
  facet normal -1 0 0
    outer loop
      vertex 115 71.075 107.5
      vertex 115 71.1747 109.022
      vertex 115 71.1747 107.451
    endloop
  endfacet
  facet normal -1 0 0
    outer loop
      vertex 115 71.075 107.5
      vertex 115 71.075 108.973
      vertex 115 71.1747 109.022
    endloop
  endfacet
  facet normal -1 0 0
    outer loop
      vertex 115 70.9826 107.562
      vertex 115 71.075 108.973
      vertex 115 71.075 107.5
    endloop
  endfacet
  facet normal -1 0 0
    outer loop
      vertex 115 70.9826 107.562
      vertex 115 70.9826 108.911
      vertex 115 71.075 108.973
    endloop
  endfacet
  facet normal -1 0 0
    outer loop
      vertex 115 70.899 107.635
      vertex 115 70.9826 108.911
      vertex 115 70.9826 107.562
    endloop
  endfacet
  facet normal -1 0 0
    outer loop
      vertex 115 70.899 107.635
      vertex 115 70.899 108.837
      vertex 115 70.9826 108.911
    endloop
  endfacet
  facet normal -1 0 0
    outer loop
      vertex 115 70.8257 107.719
      vertex 115 70.899 108.837
      vertex 115 70.899 107.635
    endloop
  endfacet
  facet normal -1 0 0
    outer loop
      vertex 115 70.8257 107.719
      vertex 115 70.8257 108.754
      vertex 115 70.899 108.837
    endloop
  endfacet
  facet normal -1 0 0
    outer loop
      vertex 115 70.7639 107.811
      vertex 115 70.8257 108.754
      vertex 115 70.8257 107.719
    endloop
  endfacet
  facet normal -1 0 0
    outer loop
      vertex 115 70.7639 107.811
      vertex 115 70.7639 108.661
      vertex 115 70.8257 108.754
    endloop
  endfacet
  facet normal -1 0 0
    outer loop
      vertex 115 70.7147 107.911
      vertex 115 70.7639 108.661
      vertex 115 70.7639 107.811
    endloop
  endfacet
  facet normal -1 0 0
    outer loop
      vertex 115 70.7147 107.911
      vertex 115 70.7147 108.562
      vertex 115 70.7639 108.661
    endloop
  endfacet
  facet normal -1 0 0
    outer loop
      vertex 115 70.679 108.016
      vertex 115 70.7147 108.562
      vertex 115 70.7147 107.911
    endloop
  endfacet
  facet normal -1 0 0
    outer loop
      vertex 115 70.679 108.016
      vertex 115 70.679 108.456
      vertex 115 70.7147 108.562
    endloop
  endfacet
  facet normal -1 0 0
    outer loop
      vertex 115 70.6573 108.125
      vertex 115 70.679 108.456
      vertex 115 70.679 108.016
    endloop
  endfacet
  facet normal -1 0 0
    outer loop
      vertex 115 70.6573 108.125
      vertex 115 70.6573 108.347
      vertex 115 70.679 108.456
    endloop
  endfacet
  facet normal -1 0 -0
    outer loop
      vertex 115 70.6573 108.347
      vertex 115 70.6573 108.125
      vertex 115 70.65 108.236
    endloop
  endfacet
  facet normal 0 0 1
    outer loop
      vertex 71.2233 140.869 3
      vertex 71.35 132 3
      vertex 71.5251 140.525 3
    endloop
  endfacet
  facet normal 0 0 1
    outer loop
      vertex 70.9689 141.25 3
      vertex 71.35 132 3
      vertex 71.2233 140.869 3
    endloop
  endfacet
  facet normal 0 0 1
    outer loop
      vertex 70.7664 141.661 3
      vertex 71.35 132 3
      vertex 70.9689 141.25 3
    endloop
  endfacet
  facet normal 0 0 1
    outer loop
      vertex 47.2336 141.661 3
      vertex 70.7664 141.661 3
      vertex 70.6193 142.094 3
    endloop
  endfacet
  facet normal 0 0 1
    outer loop
      vertex 47.3807 142.094 3
      vertex 70.6193 142.094 3
      vertex 70.5299 142.543 3
    endloop
  endfacet
  facet normal -0 0 1
    outer loop
      vertex 47.5 143 3
      vertex 70.5299 142.543 3
      vertex 70.5 143 3
    endloop
  endfacet
  facet normal 0 0 1
    outer loop
      vertex 47.4701 142.543 3
      vertex 70.5299 142.543 3
      vertex 47.5 143 3
    endloop
  endfacet
  facet normal 0 0 1
    outer loop
      vertex 47.3807 142.094 3
      vertex 70.5299 142.543 3
      vertex 47.4701 142.543 3
    endloop
  endfacet
  facet normal 0 0 1
    outer loop
      vertex 70.6193 142.094 3
      vertex 47.3807 142.094 3
      vertex 47.2336 141.661 3
    endloop
  endfacet
  facet normal 0 0 1
    outer loop
      vertex 70.7664 141.661 3
      vertex 47.2336 141.661 3
      vertex 71.35 132 3
    endloop
  endfacet
  facet normal 0 0 1
    outer loop
      vertex 46.65 132 3
      vertex 47.2336 141.661 3
      vertex 47.0311 141.25 3
    endloop
  endfacet
  facet normal 0 0 1
    outer loop
      vertex 46.65 132 3
      vertex 47.0311 141.25 3
      vertex 46.7767 140.869 3
    endloop
  endfacet
  facet normal 0 0 1
    outer loop
      vertex 47.2336 141.661 3
      vertex 46.65 132 3
      vertex 71.35 132 3
    endloop
  endfacet
  facet normal -0 0 1
    outer loop
      vertex 46.1307 140.223 3
      vertex 46.65 132 3
      vertex 46.4749 140.525 3
    endloop
  endfacet
  facet normal -0 0 1
    outer loop
      vertex 46.4749 140.525 3
      vertex 46.65 132 3
      vertex 46.7767 140.869 3
    endloop
  endfacet
  facet normal 0 0 1
    outer loop
      vertex 77.4701 142.543 3
      vertex 115 175 3
      vertex 77.5 143 3
    endloop
  endfacet
  facet normal 0 0 1
    outer loop
      vertex 115 175 3
      vertex 77.4701 143.457 3
      vertex 77.5 143 3
    endloop
  endfacet
  facet normal 0 0 1
    outer loop
      vertex 115 175 3
      vertex 77.3807 143.906 3
      vertex 77.4701 143.457 3
    endloop
  endfacet
  facet normal 0 0 1
    outer loop
      vertex 115 175 3
      vertex 77.2336 144.339 3
      vertex 77.3807 143.906 3
    endloop
  endfacet
  facet normal 0 0 1
    outer loop
      vertex 115 175 3
      vertex 77.0311 144.75 3
      vertex 77.2336 144.339 3
    endloop
  endfacet
  facet normal 0 0 1
    outer loop
      vertex 115 175 3
      vertex 76.7767 145.131 3
      vertex 77.0311 144.75 3
    endloop
  endfacet
  facet normal 0 0 1
    outer loop
      vertex 115 175 3
      vertex 76.4749 145.475 3
      vertex 76.7767 145.131 3
    endloop
  endfacet
  facet normal 0 0 1
    outer loop
      vertex 115 175 3
      vertex 76.1307 145.777 3
      vertex 76.4749 145.475 3
    endloop
  endfacet
  facet normal 0 0 1
    outer loop
      vertex 115 175 3
      vertex 75.75 146.031 3
      vertex 76.1307 145.777 3
    endloop
  endfacet
  facet normal 0 0 1
    outer loop
      vertex 115 175 3
      vertex 75.3394 146.234 3
      vertex 75.75 146.031 3
    endloop
  endfacet
  facet normal 0 0 1
    outer loop
      vertex 115 175 3
      vertex 74.9059 146.381 3
      vertex 75.3394 146.234 3
    endloop
  endfacet
  facet normal 0 0 1
    outer loop
      vertex 115 175 3
      vertex 74.4568 146.47 3
      vertex 74.9059 146.381 3
    endloop
  endfacet
  facet normal 0 0 1
    outer loop
      vertex 115 175 3
      vertex 74 146.5 3
      vertex 74.4568 146.47 3
    endloop
  endfacet
  facet normal 0 0 1
    outer loop
      vertex 115 175 3
      vertex 73.5432 146.47 3
      vertex 74 146.5 3
    endloop
  endfacet
  facet normal 0 0 1
    outer loop
      vertex 115 175 3
      vertex 73.0941 146.381 3
      vertex 73.5432 146.47 3
    endloop
  endfacet
  facet normal 0 0 1
    outer loop
      vertex 44.9059 146.381 3
      vertex 73.0941 146.381 3
      vertex 115 175 3
    endloop
  endfacet
  facet normal 0 0 1
    outer loop
      vertex 73.0941 146.381 3
      vertex 44.9059 146.381 3
      vertex 72.6606 146.234 3
    endloop
  endfacet
  facet normal 0 -0 1
    outer loop
      vertex 45.3394 146.234 3
      vertex 72.6606 146.234 3
      vertex 44.9059 146.381 3
    endloop
  endfacet
  facet normal 0 0 1
    outer loop
      vertex 70.5299 143.457 3
      vertex 47.5 143 3
      vertex 70.5 143 3
    endloop
  endfacet
  facet normal 0 0 1
    outer loop
      vertex 47.4701 143.457 3
      vertex 70.5299 143.457 3
      vertex 70.6193 143.906 3
    endloop
  endfacet
  facet normal 0 0 1
    outer loop
      vertex 47.3807 143.906 3
      vertex 70.6193 143.906 3
      vertex 70.7664 144.339 3
    endloop
  endfacet
  facet normal 0 0 1
    outer loop
      vertex 47.2336 144.339 3
      vertex 70.7664 144.339 3
      vertex 70.9689 144.75 3
    endloop
  endfacet
  facet normal 0 0 1
    outer loop
      vertex 47.0311 144.75 3
      vertex 70.9689 144.75 3
      vertex 71.2233 145.131 3
    endloop
  endfacet
  facet normal 0 0 1
    outer loop
      vertex 46.7767 145.131 3
      vertex 71.2233 145.131 3
      vertex 71.5251 145.475 3
    endloop
  endfacet
  facet normal 0 0 1
    outer loop
      vertex 46.4749 145.475 3
      vertex 71.5251 145.475 3
      vertex 71.8693 145.777 3
    endloop
  endfacet
  facet normal 0 0 1
    outer loop
      vertex 72.6606 146.234 3
      vertex 45.3394 146.234 3
      vertex 72.25 146.031 3
    endloop
  endfacet
  facet normal 0 0 1
    outer loop
      vertex 70.5299 143.457 3
      vertex 47.4701 143.457 3
      vertex 47.5 143 3
    endloop
  endfacet
  facet normal 0 0 1
    outer loop
      vertex 70.6193 143.906 3
      vertex 47.3807 143.906 3
      vertex 47.4701 143.457 3
    endloop
  endfacet
  facet normal 0 0 1
    outer loop
      vertex 70.7664 144.339 3
      vertex 47.2336 144.339 3
      vertex 47.3807 143.906 3
    endloop
  endfacet
  facet normal 0 0 1
    outer loop
      vertex 70.9689 144.75 3
      vertex 47.0311 144.75 3
      vertex 47.2336 144.339 3
    endloop
  endfacet
  facet normal 0 0 1
    outer loop
      vertex 71.2233 145.131 3
      vertex 46.7767 145.131 3
      vertex 47.0311 144.75 3
    endloop
  endfacet
  facet normal 0 0 1
    outer loop
      vertex 71.5251 145.475 3
      vertex 46.4749 145.475 3
      vertex 46.7767 145.131 3
    endloop
  endfacet
  facet normal 0 0 1
    outer loop
      vertex 71.8693 145.777 3
      vertex 46.1307 145.777 3
      vertex 46.4749 145.475 3
    endloop
  endfacet
  facet normal 0 0 1
    outer loop
      vertex 71.8693 145.777 3
      vertex 45.75 146.031 3
      vertex 46.1307 145.777 3
    endloop
  endfacet
  facet normal 0 0 1
    outer loop
      vertex 72.25 146.031 3
      vertex 45.75 146.031 3
      vertex 71.8693 145.777 3
    endloop
  endfacet
  facet normal 0 -0 1
    outer loop
      vertex 45.75 146.031 3
      vertex 72.25 146.031 3
      vertex 45.3394 146.234 3
    endloop
  endfacet
  facet normal -0 0 1
    outer loop
      vertex 3 175 3
      vertex 44.9059 146.381 3
      vertex 115 175 3
    endloop
  endfacet
  facet normal 0 0 1
    outer loop
      vertex 44.9059 146.381 3
      vertex 3 175 3
      vertex 44.4568 146.47 3
    endloop
  endfacet
  facet normal 0 0 1
    outer loop
      vertex 44.4568 146.47 3
      vertex 3 175 3
      vertex 44 146.5 3
    endloop
  endfacet
  facet normal 0 0 1
    outer loop
      vertex 44 146.5 3
      vertex 3 175 3
      vertex 43.5432 146.47 3
    endloop
  endfacet
  facet normal 0 0 1
    outer loop
      vertex 43.5432 146.47 3
      vertex 3 175 3
      vertex 43.0941 146.381 3
    endloop
  endfacet
  facet normal 0 0 1
    outer loop
      vertex 40.5299 143.457 3
      vertex 3 175 3
      vertex 40.5 143 3
    endloop
  endfacet
  facet normal 0 0 1
    outer loop
      vertex 40.6193 143.906 3
      vertex 3 175 3
      vertex 40.5299 143.457 3
    endloop
  endfacet
  facet normal 0 0 1
    outer loop
      vertex 40.7664 144.339 3
      vertex 3 175 3
      vertex 40.6193 143.906 3
    endloop
  endfacet
  facet normal 0 0 1
    outer loop
      vertex 40.9689 144.75 3
      vertex 3 175 3
      vertex 40.7664 144.339 3
    endloop
  endfacet
  facet normal 0 0 1
    outer loop
      vertex 41.2233 145.131 3
      vertex 3 175 3
      vertex 40.9689 144.75 3
    endloop
  endfacet
  facet normal 0 0 1
    outer loop
      vertex 41.5251 145.475 3
      vertex 3 175 3
      vertex 41.2233 145.131 3
    endloop
  endfacet
  facet normal 0 0 1
    outer loop
      vertex 41.8693 145.777 3
      vertex 3 175 3
      vertex 41.5251 145.475 3
    endloop
  endfacet
  facet normal 0 0 1
    outer loop
      vertex 42.25 146.031 3
      vertex 3 175 3
      vertex 41.8693 145.777 3
    endloop
  endfacet
  facet normal 0 0 1
    outer loop
      vertex 42.6606 146.234 3
      vertex 3 175 3
      vertex 42.25 146.031 3
    endloop
  endfacet
  facet normal 0 0 1
    outer loop
      vertex 43.0941 146.381 3
      vertex 3 175 3
      vertex 42.6606 146.234 3
    endloop
  endfacet
  facet normal 0 0 1
    outer loop
      vertex 77.3807 142.094 3
      vertex 115 175 3
      vertex 77.4701 142.543 3
    endloop
  endfacet
  facet normal 0 0 1
    outer loop
      vertex 77.2336 141.661 3
      vertex 115 175 3
      vertex 77.3807 142.094 3
    endloop
  endfacet
  facet normal 0 0 1
    outer loop
      vertex 115 175 3
      vertex 77.2336 141.661 3
      vertex 71.35 104 3
    endloop
  endfacet
  facet normal 0 0 1
    outer loop
      vertex 71.35 104 3
      vertex 77.2336 141.661 3
      vertex 77.0311 141.25 3
    endloop
  endfacet
  facet normal 0 0 1
    outer loop
      vertex 71.35 104 3
      vertex 77.0311 141.25 3
      vertex 76.7767 140.869 3
    endloop
  endfacet
  facet normal 0 0 1
    outer loop
      vertex 71.35 132 3
      vertex 76.7767 140.869 3
      vertex 76.4749 140.525 3
    endloop
  endfacet
  facet normal 0 0 1
    outer loop
      vertex 71.35 132 3
      vertex 76.4749 140.525 3
      vertex 76.1307 140.223 3
    endloop
  endfacet
  facet normal 0 0 1
    outer loop
      vertex 71.35 132 3
      vertex 76.1307 140.223 3
      vertex 75.75 139.969 3
    endloop
  endfacet
  facet normal 0 0 1
    outer loop
      vertex 71.35 132 3
      vertex 75.75 139.969 3
      vertex 75.3394 139.766 3
    endloop
  endfacet
  facet normal 0 0 1
    outer loop
      vertex 71.35 132 3
      vertex 75.3394 139.766 3
      vertex 74.9059 139.619 3
    endloop
  endfacet
  facet normal 0 0 1
    outer loop
      vertex 71.35 132 3
      vertex 74.9059 139.619 3
      vertex 74.4568 139.53 3
    endloop
  endfacet
  facet normal 0 0 1
    outer loop
      vertex 71.35 132 3
      vertex 74.4568 139.53 3
      vertex 74 139.5 3
    endloop
  endfacet
  facet normal 0 0 1
    outer loop
      vertex 71.35 132 3
      vertex 74 139.5 3
      vertex 73.5432 139.53 3
    endloop
  endfacet
  facet normal 0 0 1
    outer loop
      vertex 71.35 132 3
      vertex 73.5432 139.53 3
      vertex 73.0941 139.619 3
    endloop
  endfacet
  facet normal 0 0 1
    outer loop
      vertex 71.35 132 3
      vertex 73.0941 139.619 3
      vertex 72.6606 139.766 3
    endloop
  endfacet
  facet normal 0 0 1
    outer loop
      vertex 71.35 132 3
      vertex 72.6606 139.766 3
      vertex 72.25 139.969 3
    endloop
  endfacet
  facet normal 0 0 1
    outer loop
      vertex 71.35 132 3
      vertex 72.25 139.969 3
      vertex 71.8693 140.223 3
    endloop
  endfacet
  facet normal 0 0 1
    outer loop
      vertex 71.35 132 3
      vertex 71.8693 140.223 3
      vertex 71.5251 140.525 3
    endloop
  endfacet
  facet normal 0 0 1
    outer loop
      vertex 76.7767 140.869 3
      vertex 71.35 132 3
      vertex 71.35 104 3
    endloop
  endfacet
  facet normal 0 0 1
    outer loop
      vertex 115 175 3
      vertex 71.35 104 3
      vertex 115 3 3
    endloop
  endfacet
  facet normal -0 0 1
    outer loop
      vertex 46.65 104 3
      vertex 115 3 3
      vertex 71.35 104 3
    endloop
  endfacet
  facet normal -0 0 1
    outer loop
      vertex 45.75 139.969 3
      vertex 46.65 132 3
      vertex 46.1307 140.223 3
    endloop
  endfacet
  facet normal -0 0 1
    outer loop
      vertex 45.3394 139.766 3
      vertex 46.65 132 3
      vertex 45.75 139.969 3
    endloop
  endfacet
  facet normal -0 0 1
    outer loop
      vertex 44.9059 139.619 3
      vertex 46.65 132 3
      vertex 45.3394 139.766 3
    endloop
  endfacet
  facet normal -0 0 1
    outer loop
      vertex 44.4568 139.53 3
      vertex 46.65 132 3
      vertex 44.9059 139.619 3
    endloop
  endfacet
  facet normal -0 0 1
    outer loop
      vertex 44 139.5 3
      vertex 46.65 132 3
      vertex 44.4568 139.53 3
    endloop
  endfacet
  facet normal 0 0 1
    outer loop
      vertex 43.5432 139.53 3
      vertex 46.65 132 3
      vertex 44 139.5 3
    endloop
  endfacet
  facet normal 0 0 1
    outer loop
      vertex 43.0941 139.619 3
      vertex 46.65 132 3
      vertex 43.5432 139.53 3
    endloop
  endfacet
  facet normal 0 0 1
    outer loop
      vertex 42.6606 139.766 3
      vertex 46.65 132 3
      vertex 43.0941 139.619 3
    endloop
  endfacet
  facet normal 0 0 1
    outer loop
      vertex 42.25 139.969 3
      vertex 46.65 132 3
      vertex 42.6606 139.766 3
    endloop
  endfacet
  facet normal 0 0 1
    outer loop
      vertex 41.8693 140.223 3
      vertex 46.65 132 3
      vertex 42.25 139.969 3
    endloop
  endfacet
  facet normal 0 0 1
    outer loop
      vertex 41.5251 140.525 3
      vertex 46.65 132 3
      vertex 41.8693 140.223 3
    endloop
  endfacet
  facet normal 0 0 1
    outer loop
      vertex 41.2233 140.869 3
      vertex 46.65 132 3
      vertex 41.5251 140.525 3
    endloop
  endfacet
  facet normal 0 0 1
    outer loop
      vertex 46.65 132 3
      vertex 41.2233 140.869 3
      vertex 46.65 104 3
    endloop
  endfacet
  facet normal 0 0 1
    outer loop
      vertex 40.9689 141.25 3
      vertex 46.65 104 3
      vertex 41.2233 140.869 3
    endloop
  endfacet
  facet normal 0 0 1
    outer loop
      vertex 40.7664 141.661 3
      vertex 46.65 104 3
      vertex 40.9689 141.25 3
    endloop
  endfacet
  facet normal 0 0 1
    outer loop
      vertex 3 175 3
      vertex 40.7664 141.661 3
      vertex 40.6193 142.094 3
    endloop
  endfacet
  facet normal 0 0 1
    outer loop
      vertex 3 175 3
      vertex 40.6193 142.094 3
      vertex 40.5299 142.543 3
    endloop
  endfacet
  facet normal 0 0 1
    outer loop
      vertex 3 175 3
      vertex 40.5299 142.543 3
      vertex 40.5 143 3
    endloop
  endfacet
  facet normal 0 0 1
    outer loop
      vertex 40.7664 141.661 3
      vertex 3 175 3
      vertex 46.65 104 3
    endloop
  endfacet
  facet normal 0 0 1
    outer loop
      vertex 46.65 104 3
      vertex 3 3 3
      vertex 115 3 3
    endloop
  endfacet
  facet normal 0 0 1
    outer loop
      vertex 3 3 3
      vertex 46.65 104 3
      vertex 3 175 3
    endloop
  endfacet
  facet normal 0 1 -0
    outer loop
      vertex 115 3 3
      vertex 3 3 161
      vertex 115 3 161
    endloop
  endfacet
  facet normal 0 1 0
    outer loop
      vertex 3 3 161
      vertex 115 3 3
      vertex 3 3 3
    endloop
  endfacet
  facet normal 0 -1 0
    outer loop
      vertex 3 175 161
      vertex 51 175 147.973
      vertex 115 175 161
    endloop
  endfacet
  facet normal 0 -1 0
    outer loop
      vertex 3 175 161
      vertex 51 175 133.973
      vertex 51 175 147.973
    endloop
  endfacet
  facet normal 0 -1 -0
    outer loop
      vertex 51 175 133.973
      vertex 3 175 3
      vertex 67 175 133.973
    endloop
  endfacet
  facet normal 0 -1 0
    outer loop
      vertex 3 175 3
      vertex 51 175 133.973
      vertex 3 175 161
    endloop
  endfacet
  facet normal 0 -1 0
    outer loop
      vertex 67 175 147.973
      vertex 115 175 161
      vertex 51 175 147.973
    endloop
  endfacet
  facet normal 0 -1 0
    outer loop
      vertex 67 175 133.973
      vertex 115 175 161
      vertex 67 175 147.973
    endloop
  endfacet
  facet normal 0 -1 0
    outer loop
      vertex 115 175 3
      vertex 67 175 133.973
      vertex 3 175 3
    endloop
  endfacet
  facet normal 0 -1 0
    outer loop
      vertex 67 175 133.973
      vertex 115 175 3
      vertex 115 175 161
    endloop
  endfacet
  facet normal 0 0 1
    outer loop
      vertex 232.4 178 95
      vertex 230 175.6 95
      vertex 232.4 0 95
    endloop
  endfacet
  facet normal -0 0 1
    outer loop
      vertex 118 178 95
      vertex 230 175.6 95
      vertex 232.4 178 95
    endloop
  endfacet
  facet normal 0 0 1
    outer loop
      vertex 230 175.6 95
      vertex 118 178 95
      vertex 118 175.6 95
    endloop
  endfacet
  facet normal -0 0 1
    outer loop
      vertex 230 2.4 95
      vertex 232.4 0 95
      vertex 230 175.6 95
    endloop
  endfacet
  facet normal 0 0 1
    outer loop
      vertex 118 0 95
      vertex 230 2.4 95
      vertex 118 2.4 95
    endloop
  endfacet
  facet normal 0 0 1
    outer loop
      vertex 230 2.4 95
      vertex 118 0 95
      vertex 232.4 0 95
    endloop
  endfacet
  facet normal 1 0 0
    outer loop
      vertex 232.4 178 95
      vertex 232.4 120.5 34
      vertex 232.4 178 0
    endloop
  endfacet
  facet normal 1 0 0
    outer loop
      vertex 232.4 178 95
      vertex 232.4 117.5 34
      vertex 232.4 120.5 34
    endloop
  endfacet
  facet normal 1 0 0
    outer loop
      vertex 232.4 117.5 34
      vertex 232.4 114.5 34
      vertex 232.4 117.5 8
    endloop
  endfacet
  facet normal 1 0 0
    outer loop
      vertex 232.4 178 95
      vertex 232.4 114.5 34
      vertex 232.4 117.5 34
    endloop
  endfacet
  facet normal 1 0 0
    outer loop
      vertex 232.4 178 95
      vertex 232.4 111.5 34
      vertex 232.4 114.5 34
    endloop
  endfacet
  facet normal 1 0 0
    outer loop
      vertex 232.4 111.5 34
      vertex 232.4 108.5 34
      vertex 232.4 111.5 8
    endloop
  endfacet
  facet normal 1 0 0
    outer loop
      vertex 232.4 178 95
      vertex 232.4 108.5 34
      vertex 232.4 111.5 34
    endloop
  endfacet
  facet normal 1 0 0
    outer loop
      vertex 232.4 178 95
      vertex 232.4 105.5 34
      vertex 232.4 108.5 34
    endloop
  endfacet
  facet normal 1 0 0
    outer loop
      vertex 232.4 105.5 34
      vertex 232.4 102.5 34
      vertex 232.4 105.5 8
    endloop
  endfacet
  facet normal 1 0 0
    outer loop
      vertex 232.4 178 95
      vertex 232.4 102.5 34
      vertex 232.4 105.5 34
    endloop
  endfacet
  facet normal 1 0 0
    outer loop
      vertex 232.4 178 95
      vertex 232.4 99.5 34
      vertex 232.4 102.5 34
    endloop
  endfacet
  facet normal 1 0 0
    outer loop
      vertex 232.4 99.5 34
      vertex 232.4 96.5 34
      vertex 232.4 99.5 8
    endloop
  endfacet
  facet normal 1 0 0
    outer loop
      vertex 232.4 178 95
      vertex 232.4 96.5 34
      vertex 232.4 99.5 34
    endloop
  endfacet
  facet normal 1 0 0
    outer loop
      vertex 232.4 178 95
      vertex 232.4 93.5 34
      vertex 232.4 96.5 34
    endloop
  endfacet
  facet normal 1 0 0
    outer loop
      vertex 232.4 93.5 34
      vertex 232.4 90.5 34
      vertex 232.4 93.5 8
    endloop
  endfacet
  facet normal 1 0 0
    outer loop
      vertex 232.4 178 95
      vertex 232.4 90.5 34
      vertex 232.4 93.5 34
    endloop
  endfacet
  facet normal 1 0 0
    outer loop
      vertex 232.4 178 95
      vertex 232.4 87.5 34
      vertex 232.4 90.5 34
    endloop
  endfacet
  facet normal 1 0 0
    outer loop
      vertex 232.4 87.5 34
      vertex 232.4 84.5 34
      vertex 232.4 87.5 8
    endloop
  endfacet
  facet normal 1 -0 0
    outer loop
      vertex 232.4 0 95
      vertex 232.4 87.5 34
      vertex 232.4 178 95
    endloop
  endfacet
  facet normal 1 0 0
    outer loop
      vertex 232.4 87.5 34
      vertex 232.4 0 95
      vertex 232.4 84.5 34
    endloop
  endfacet
  facet normal 1 0 0
    outer loop
      vertex 232.4 81.5 34
      vertex 232.4 78.5 34
      vertex 232.4 81.5 8
    endloop
  endfacet
  facet normal 1 0 0
    outer loop
      vertex 232.4 84.5 34
      vertex 232.4 0 95
      vertex 232.4 81.5 34
    endloop
  endfacet
  facet normal 1 0 0
    outer loop
      vertex 232.4 81.5 34
      vertex 232.4 0 95
      vertex 232.4 78.5 34
    endloop
  endfacet
  facet normal 1 0 0
    outer loop
      vertex 232.4 75.5 34
      vertex 232.4 72.5 34
      vertex 232.4 75.5 8
    endloop
  endfacet
  facet normal 1 0 0
    outer loop
      vertex 232.4 78.5 34
      vertex 232.4 0 95
      vertex 232.4 75.5 34
    endloop
  endfacet
  facet normal 1 0 0
    outer loop
      vertex 232.4 75.5 34
      vertex 232.4 0 95
      vertex 232.4 72.5 34
    endloop
  endfacet
  facet normal 1 0 0
    outer loop
      vertex 232.4 69.5 34
      vertex 232.4 66.5 34
      vertex 232.4 69.5 8
    endloop
  endfacet
  facet normal 1 0 0
    outer loop
      vertex 232.4 72.5 34
      vertex 232.4 0 95
      vertex 232.4 69.5 34
    endloop
  endfacet
  facet normal 1 0 0
    outer loop
      vertex 232.4 69.5 34
      vertex 232.4 0 95
      vertex 232.4 66.5 34
    endloop
  endfacet
  facet normal 1 0 0
    outer loop
      vertex 232.4 63.5 34
      vertex 232.4 60.5 34
      vertex 232.4 63.5 8
    endloop
  endfacet
  facet normal 1 0 0
    outer loop
      vertex 232.4 66.5 34
      vertex 232.4 0 95
      vertex 232.4 63.5 34
    endloop
  endfacet
  facet normal 1 0 0
    outer loop
      vertex 232.4 63.5 34
      vertex 232.4 0 95
      vertex 232.4 60.5 34
    endloop
  endfacet
  facet normal 1 0 0
    outer loop
      vertex 232.4 0 0
      vertex 232.4 57.5 34
      vertex 232.4 0 95
    endloop
  endfacet
  facet normal 1 0 0
    outer loop
      vertex 232.4 60.5 34
      vertex 232.4 0 95
      vertex 232.4 57.5 34
    endloop
  endfacet
  facet normal 1 -0 0
    outer loop
      vertex 232.4 120.5 8
      vertex 232.4 178 0
      vertex 232.4 120.5 34
    endloop
  endfacet
  facet normal 1 -0 0
    outer loop
      vertex 232.4 117.5 8
      vertex 232.4 178 0
      vertex 232.4 120.5 8
    endloop
  endfacet
  facet normal 1 0 0
    outer loop
      vertex 232.4 114.5 8
      vertex 232.4 117.5 8
      vertex 232.4 114.5 34
    endloop
  endfacet
  facet normal 1 -0 0
    outer loop
      vertex 232.4 114.5 8
      vertex 232.4 178 0
      vertex 232.4 117.5 8
    endloop
  endfacet
  facet normal 1 -0 0
    outer loop
      vertex 232.4 111.5 8
      vertex 232.4 178 0
      vertex 232.4 114.5 8
    endloop
  endfacet
  facet normal 1 0 0
    outer loop
      vertex 232.4 108.5 8
      vertex 232.4 111.5 8
      vertex 232.4 108.5 34
    endloop
  endfacet
  facet normal 1 -0 0
    outer loop
      vertex 232.4 108.5 8
      vertex 232.4 178 0
      vertex 232.4 111.5 8
    endloop
  endfacet
  facet normal 1 -0 0
    outer loop
      vertex 232.4 105.5 8
      vertex 232.4 178 0
      vertex 232.4 108.5 8
    endloop
  endfacet
  facet normal 1 0 0
    outer loop
      vertex 232.4 102.5 8
      vertex 232.4 105.5 8
      vertex 232.4 102.5 34
    endloop
  endfacet
  facet normal 1 -0 0
    outer loop
      vertex 232.4 102.5 8
      vertex 232.4 178 0
      vertex 232.4 105.5 8
    endloop
  endfacet
  facet normal 1 -0 0
    outer loop
      vertex 232.4 99.5 8
      vertex 232.4 178 0
      vertex 232.4 102.5 8
    endloop
  endfacet
  facet normal 1 0 0
    outer loop
      vertex 232.4 96.5 8
      vertex 232.4 99.5 8
      vertex 232.4 96.5 34
    endloop
  endfacet
  facet normal 1 -0 0
    outer loop
      vertex 232.4 96.5 8
      vertex 232.4 178 0
      vertex 232.4 99.5 8
    endloop
  endfacet
  facet normal 1 -0 0
    outer loop
      vertex 232.4 93.5 8
      vertex 232.4 178 0
      vertex 232.4 96.5 8
    endloop
  endfacet
  facet normal 1 0 0
    outer loop
      vertex 232.4 90.5 8
      vertex 232.4 93.5 8
      vertex 232.4 90.5 34
    endloop
  endfacet
  facet normal 1 -0 0
    outer loop
      vertex 232.4 90.5 8
      vertex 232.4 178 0
      vertex 232.4 93.5 8
    endloop
  endfacet
  facet normal 1 -0 0
    outer loop
      vertex 232.4 87.5 8
      vertex 232.4 178 0
      vertex 232.4 90.5 8
    endloop
  endfacet
  facet normal 1 0 0
    outer loop
      vertex 232.4 84.5 8
      vertex 232.4 87.5 8
      vertex 232.4 84.5 34
    endloop
  endfacet
  facet normal 1 -0 0
    outer loop
      vertex 232.4 84.5 8
      vertex 232.4 178 0
      vertex 232.4 87.5 8
    endloop
  endfacet
  facet normal 1 0 0
    outer loop
      vertex 232.4 0 0
      vertex 232.4 84.5 8
      vertex 232.4 81.5 8
    endloop
  endfacet
  facet normal 1 0 0
    outer loop
      vertex 232.4 78.5 8
      vertex 232.4 81.5 8
      vertex 232.4 78.5 34
    endloop
  endfacet
  facet normal 1 0 0
    outer loop
      vertex 232.4 0 0
      vertex 232.4 81.5 8
      vertex 232.4 78.5 8
    endloop
  endfacet
  facet normal 1 0 0
    outer loop
      vertex 232.4 0 0
      vertex 232.4 78.5 8
      vertex 232.4 75.5 8
    endloop
  endfacet
  facet normal 1 0 0
    outer loop
      vertex 232.4 72.5 8
      vertex 232.4 75.5 8
      vertex 232.4 72.5 34
    endloop
  endfacet
  facet normal 1 0 0
    outer loop
      vertex 232.4 0 0
      vertex 232.4 75.5 8
      vertex 232.4 72.5 8
    endloop
  endfacet
  facet normal 1 0 0
    outer loop
      vertex 232.4 0 0
      vertex 232.4 72.5 8
      vertex 232.4 69.5 8
    endloop
  endfacet
  facet normal 1 0 0
    outer loop
      vertex 232.4 66.5 8
      vertex 232.4 69.5 8
      vertex 232.4 66.5 34
    endloop
  endfacet
  facet normal 1 0 0
    outer loop
      vertex 232.4 0 0
      vertex 232.4 69.5 8
      vertex 232.4 66.5 8
    endloop
  endfacet
  facet normal 1 0 0
    outer loop
      vertex 232.4 0 0
      vertex 232.4 66.5 8
      vertex 232.4 63.5 8
    endloop
  endfacet
  facet normal 1 0 0
    outer loop
      vertex 232.4 60.5 8
      vertex 232.4 63.5 8
      vertex 232.4 60.5 34
    endloop
  endfacet
  facet normal 1 0 0
    outer loop
      vertex 232.4 0 0
      vertex 232.4 63.5 8
      vertex 232.4 60.5 8
    endloop
  endfacet
  facet normal 1 0 0
    outer loop
      vertex 232.4 0 0
      vertex 232.4 60.5 8
      vertex 232.4 57.5 8
    endloop
  endfacet
  facet normal 1 0 0
    outer loop
      vertex 232.4 84.5 8
      vertex 232.4 0 0
      vertex 232.4 178 0
    endloop
  endfacet
  facet normal 1 0 0
    outer loop
      vertex 232.4 57.5 34
      vertex 232.4 0 0
      vertex 232.4 57.5 8
    endloop
  endfacet
  facet normal -1 0 0
    outer loop
      vertex 230 14 3
      vertex 230 2.4 3
      vertex 230 14 50
    endloop
  endfacet
  facet normal -1 0 0
    outer loop
      vertex 230 166 50
      vertex 230 119.6 87
      vertex 230 135.6 87
    endloop
  endfacet
  facet normal -1 0 0
    outer loop
      vertex 230 119.6 87
      vertex 230 58.4 87
      vertex 230 119.6 90
    endloop
  endfacet
  facet normal -1 0 0
    outer loop
      vertex 230 14 50
      vertex 230 119.6 87
      vertex 230 166 50
    endloop
  endfacet
  facet normal -1 -0 0
    outer loop
      vertex 230 119.6 87
      vertex 230 14 50
      vertex 230 58.4 87
    endloop
  endfacet
  facet normal -1 0 0
    outer loop
      vertex 230 2.4 95
      vertex 230 42.4 87
      vertex 230 14 50
    endloop
  endfacet
  facet normal -1 -0 0
    outer loop
      vertex 230 58.4 87
      vertex 230 14 50
      vertex 230 42.4 87
    endloop
  endfacet
  facet normal -1 0 0
    outer loop
      vertex 230 166 50
      vertex 230 175.6 3
      vertex 230 166 3
    endloop
  endfacet
  facet normal -1 0 0
    outer loop
      vertex 230 175.6 3
      vertex 230 166 50
      vertex 230 175.6 95
    endloop
  endfacet
  facet normal -1 0 0
    outer loop
      vertex 230 135.6 87
      vertex 230 175.6 95
      vertex 230 166 50
    endloop
  endfacet
  facet normal -1 0 0
    outer loop
      vertex 230 135.6 90
      vertex 230 175.6 95
      vertex 230 135.6 87
    endloop
  endfacet
  facet normal -1 0 0
    outer loop
      vertex 230 119.6 90
      vertex 230 175.6 95
      vertex 230 135.6 90
    endloop
  endfacet
  facet normal -1 0 0
    outer loop
      vertex 230 58.4 90
      vertex 230 119.6 90
      vertex 230 58.4 87
    endloop
  endfacet
  facet normal -1 0 0
    outer loop
      vertex 230 119.6 90
      vertex 230 58.4 90
      vertex 230 175.6 95
    endloop
  endfacet
  facet normal -1 0 0
    outer loop
      vertex 230 2.4 95
      vertex 230 58.4 90
      vertex 230 42.4 90
    endloop
  endfacet
  facet normal -1 0 0
    outer loop
      vertex 230 58.4 90
      vertex 230 2.4 95
      vertex 230 175.6 95
    endloop
  endfacet
  facet normal -1 0 0
    outer loop
      vertex 230 42.4 87
      vertex 230 2.4 95
      vertex 230 42.4 90
    endloop
  endfacet
  facet normal -1 0 0
    outer loop
      vertex 230 2.4 95
      vertex 230 14 50
      vertex 230 2.4 3
    endloop
  endfacet
  facet normal -0 0 1
    outer loop
      vertex 124 11 3
      vertex 180.5 6.4 3
      vertex 224 11 3
    endloop
  endfacet
  facet normal 0 0 1
    outer loop
      vertex 162.5 6.4 3
      vertex 124 11 3
      vertex 162.5 2.4 3
    endloop
  endfacet
  facet normal 0 0 1
    outer loop
      vertex 180.5 6.4 3
      vertex 124 11 3
      vertex 162.5 6.4 3
    endloop
  endfacet
  facet normal 0 0 1
    outer loop
      vertex 227 14 3
      vertex 180.5 50.4 3
      vertex 224 14 3
    endloop
  endfacet
  facet normal -0 0 1
    outer loop
      vertex 124 166 3
      vertex 180.5 50.4 3
      vertex 224 166 3
    endloop
  endfacet
  facet normal -0 0 1
    outer loop
      vertex 121 166 3
      vertex 162.5 50.4 3
      vertex 124 166 3
    endloop
  endfacet
  facet normal 0 0 1
    outer loop
      vertex 180.5 50.4 3
      vertex 124 166 3
      vertex 162.5 50.4 3
    endloop
  endfacet
  facet normal -0 0 1
    outer loop
      vertex 224 169 3
      vertex 230 166 3
      vertex 230 175.6 3
    endloop
  endfacet
  facet normal 0 0 1
    outer loop
      vertex 224 166 3
      vertex 227 166 3
      vertex 224 169 3
    endloop
  endfacet
  facet normal 0 0 1
    outer loop
      vertex 230 166 3
      vertex 224 169 3
      vertex 227 166 3
    endloop
  endfacet
  facet normal 0 0 1
    outer loop
      vertex 230 175.6 3
      vertex 124 169 3
      vertex 224 169 3
    endloop
  endfacet
  facet normal 0 0 1
    outer loop
      vertex 121 166 3
      vertex 124 166 3
      vertex 124 169 3
    endloop
  endfacet
  facet normal 0 0 1
    outer loop
      vertex 121 14 3
      vertex 162.5 50.4 3
      vertex 121 166 3
    endloop
  endfacet
  facet normal 0 0 1
    outer loop
      vertex 162.5 50.4 3
      vertex 121 14 3
      vertex 124 14 3
    endloop
  endfacet
  facet normal -0 0 1
    outer loop
      vertex 118 175.6 3
      vertex 124 169 3
      vertex 230 175.6 3
    endloop
  endfacet
  facet normal 0 0 1
    outer loop
      vertex 118 166 3
      vertex 124 169 3
      vertex 118 175.6 3
    endloop
  endfacet
  facet normal 0 0 1
    outer loop
      vertex 124 169 3
      vertex 118 166 3
      vertex 121 166 3
    endloop
  endfacet
  facet normal 0 0 1
    outer loop
      vertex 224 11 3
      vertex 230 14 3
      vertex 227 14 3
    endloop
  endfacet
  facet normal 0 0 1
    outer loop
      vertex 180.5 50.4 3
      vertex 227 166 3
      vertex 224 166 3
    endloop
  endfacet
  facet normal 0 0 1
    outer loop
      vertex 227 166 3
      vertex 180.5 50.4 3
      vertex 227 14 3
    endloop
  endfacet
  facet normal 0 0 1
    outer loop
      vertex 224 11 3
      vertex 227 14 3
      vertex 224 14 3
    endloop
  endfacet
  facet normal 0 0 1
    outer loop
      vertex 230 14 3
      vertex 224 11 3
      vertex 230 2.4 3
    endloop
  endfacet
  facet normal 0 0 1
    outer loop
      vertex 180.5 2.4 3
      vertex 224 11 3
      vertex 180.5 6.4 3
    endloop
  endfacet
  facet normal 0 0 1
    outer loop
      vertex 224 11 3
      vertex 180.5 2.4 3
      vertex 230 2.4 3
    endloop
  endfacet
  facet normal 0 0 0
    outer loop
      vertex 162.5 2.4 3
      vertex 230 2.4 3
      vertex 180.5 2.4 3
    endloop
  endfacet
  facet normal 0 0 1
    outer loop
      vertex 124 14 3
      vertex 121 14 3
      vertex 124 11 3
    endloop
  endfacet
  facet normal -0 0 1
    outer loop
      vertex 118 14 3
      vertex 124 11 3
      vertex 121 14 3
    endloop
  endfacet
  facet normal 0 0 -0
    outer loop
      vertex 162.5 2.4 3
      vertex 118 2.4 3
      vertex 230 2.4 3
    endloop
  endfacet
  facet normal 0 0 1
    outer loop
      vertex 124 11 3
      vertex 118 2.4 3
      vertex 162.5 2.4 3
    endloop
  endfacet
  facet normal 0 0 1
    outer loop
      vertex 118 2.4 3
      vertex 124 11 3
      vertex 118 14 3
    endloop
  endfacet
  facet normal -0 0 1
    outer loop
      vertex 180.5 46.4 3
      vertex 224 14 3
      vertex 180.5 50.4 3
    endloop
  endfacet
  facet normal 0 0 1
    outer loop
      vertex 124 14 3
      vertex 180.5 46.4 3
      vertex 162.5 46.4 3
    endloop
  endfacet
  facet normal 0 0 1
    outer loop
      vertex 180.5 46.4 3
      vertex 124 14 3
      vertex 224 14 3
    endloop
  endfacet
  facet normal 0 0 1
    outer loop
      vertex 162.5 50.4 3
      vertex 124 14 3
      vertex 162.5 46.4 3
    endloop
  endfacet
  facet normal 0 1 0
    outer loop
      vertex 230 2.4 95
      vertex 189 2.4 86
      vertex 118 2.4 95
    endloop
  endfacet
  facet normal 0 1 0
    outer loop
      vertex 200 2.4 76
      vertex 230 2.4 95
      vertex 220 2.4 76
    endloop
  endfacet
  facet normal 0 1 0
    outer loop
      vertex 230 2.4 95
      vertex 220 2.4 60
      vertex 220 2.4 76
    endloop
  endfacet
  facet normal 0 1 0
    outer loop
      vertex 220 2.4 60
      vertex 189 2.4 50
      vertex 200 2.4 60
    endloop
  endfacet
  facet normal 0 1 0
    outer loop
      vertex 118 2.4 3
      vertex 189 2.4 50
      vertex 230 2.4 3
    endloop
  endfacet
  facet normal 0 1 0
    outer loop
      vertex 220 2.4 60
      vertex 230 2.4 3
      vertex 189 2.4 50
    endloop
  endfacet
  facet normal 0 1 -0
    outer loop
      vertex 230 2.4 3
      vertex 220 2.4 60
      vertex 230 2.4 95
    endloop
  endfacet
  facet normal 0 1 -0
    outer loop
      vertex 131 2.4 86
      vertex 118 2.4 95
      vertex 189 2.4 86
    endloop
  endfacet
  facet normal 0 1 -0
    outer loop
      vertex 131 2.4 50
      vertex 118 2.4 95
      vertex 131 2.4 86
    endloop
  endfacet
  facet normal 0 1 0
    outer loop
      vertex 131 2.4 50
      vertex 118 2.4 3
      vertex 118 2.4 95
    endloop
  endfacet
  facet normal 0 1 0
    outer loop
      vertex 189 2.4 50
      vertex 118 2.4 3
      vertex 131 2.4 50
    endloop
  endfacet
  facet normal 0 1 0
    outer loop
      vertex 230 2.4 95
      vertex 200 2.4 76
      vertex 189 2.4 86
    endloop
  endfacet
  facet normal 0 1 -0
    outer loop
      vertex 200 2.4 60
      vertex 189 2.4 86
      vertex 200 2.4 76
    endloop
  endfacet
  facet normal 0 1 0
    outer loop
      vertex 189 2.4 86
      vertex 200 2.4 60
      vertex 189 2.4 50
    endloop
  endfacet
  facet normal 0 -1 0
    outer loop
      vertex 215.5 175.6 55.6699
      vertex 209.465 175.6 29.0649
      vertex 210 175.6 29.1
    endloop
  endfacet
  facet normal 0 -1 0
    outer loop
      vertex 171.25 175.6 48
      vertex 208.939 175.6 28.9603
      vertex 209.465 175.6 29.0649
    endloop
  endfacet
  facet normal 0 -1 0
    outer loop
      vertex 171.25 175.6 48
      vertex 208.431 175.6 28.7879
      vertex 208.939 175.6 28.9603
    endloop
  endfacet
  facet normal 0 -1 0
    outer loop
      vertex 171.25 175.6 48
      vertex 207.95 175.6 28.5507
      vertex 208.431 175.6 28.7879
    endloop
  endfacet
  facet normal 0 -1 0
    outer loop
      vertex 171.25 175.6 48
      vertex 207.504 175.6 28.2527
      vertex 207.95 175.6 28.5507
    endloop
  endfacet
  facet normal 0 -1 0
    outer loop
      vertex 171.25 175.6 48
      vertex 207.101 175.6 27.8991
      vertex 207.504 175.6 28.2527
    endloop
  endfacet
  facet normal 0 -1 0
    outer loop
      vertex 175.5 175.6 30.5
      vertex 206.747 175.6 27.4959
      vertex 207.101 175.6 27.8991
    endloop
  endfacet
  facet normal 0 -1 0
    outer loop
      vertex 175.5 175.6 30.5
      vertex 206.449 175.6 27.05
      vertex 206.747 175.6 27.4959
    endloop
  endfacet
  facet normal 0 -1 0
    outer loop
      vertex 175.5 175.6 30.5
      vertex 206.212 175.6 26.569
      vertex 206.449 175.6 27.05
    endloop
  endfacet
  facet normal 0 -1 0
    outer loop
      vertex 175.5 175.6 30.5
      vertex 206.04 175.6 26.0612
      vertex 206.212 175.6 26.569
    endloop
  endfacet
  facet normal 0 -1 0
    outer loop
      vertex 175.5 175.6 30.5
      vertex 205.935 175.6 25.5352
      vertex 206.04 175.6 26.0612
    endloop
  endfacet
  facet normal 0 -1 0
    outer loop
      vertex 175.5 175.6 30.5
      vertex 205.9 175.6 25
      vertex 205.935 175.6 25.5352
    endloop
  endfacet
  facet normal 0 -1 0
    outer loop
      vertex 175.5 175.6 19.5
      vertex 205.9 175.6 25
      vertex 175.5 175.6 30.5
    endloop
  endfacet
  facet normal 0 -1 -0
    outer loop
      vertex 205.9 175.6 25
      vertex 175.5 175.6 19.5
      vertex 205.935 175.6 24.4648
    endloop
  endfacet
  facet normal 0 -1 -0
    outer loop
      vertex 205.935 175.6 24.4648
      vertex 175.5 175.6 19.5
      vertex 206.04 175.6 23.9388
    endloop
  endfacet
  facet normal 0 -1 -0
    outer loop
      vertex 206.04 175.6 23.9388
      vertex 175.5 175.6 19.5
      vertex 206.212 175.6 23.431
    endloop
  endfacet
  facet normal 0 -1 -0
    outer loop
      vertex 206.212 175.6 23.431
      vertex 175.5 175.6 19.5
      vertex 206.449 175.6 22.95
    endloop
  endfacet
  facet normal 0 -1 -0
    outer loop
      vertex 206.449 175.6 22.95
      vertex 175.5 175.6 19.5
      vertex 206.747 175.6 22.5041
    endloop
  endfacet
  facet normal 0 -1 -0
    outer loop
      vertex 206.747 175.6 22.5041
      vertex 175.5 175.6 19.5
      vertex 207.101 175.6 22.1009
    endloop
  endfacet
  facet normal 0 -1 -0
    outer loop
      vertex 207.101 175.6 22.1009
      vertex 175.5 175.6 19.5
      vertex 207.504 175.6 21.7472
    endloop
  endfacet
  facet normal 0 -1 -0
    outer loop
      vertex 207.504 175.6 21.7472
      vertex 175.5 175.6 19.5
      vertex 207.95 175.6 21.4493
    endloop
  endfacet
  facet normal 0 -1 -0
    outer loop
      vertex 207.95 175.6 21.4493
      vertex 175.5 175.6 19.5
      vertex 208.431 175.6 21.2121
    endloop
  endfacet
  facet normal 0 -1 0
    outer loop
      vertex 208.939 175.6 21.0397
      vertex 230 175.6 3
      vertex 209.465 175.6 20.9351
    endloop
  endfacet
  facet normal 0 -1 0
    outer loop
      vertex 208.431 175.6 21.2121
      vertex 230 175.6 3
      vertex 208.939 175.6 21.0397
    endloop
  endfacet
  facet normal 0 -1 0
    outer loop
      vertex 230 175.6 3
      vertex 208.431 175.6 21.2121
      vertex 175.5 175.6 19.5
    endloop
  endfacet
  facet normal 0 -1 0
    outer loop
      vertex 230 175.6 95
      vertex 217.347 175.6 64.9572
      vertex 218 175.6 65
    endloop
  endfacet
  facet normal 0 -1 0
    outer loop
      vertex 230 175.6 95
      vertex 216.706 175.6 64.8296
      vertex 217.347 175.6 64.9572
    endloop
  endfacet
  facet normal 0 -1 0
    outer loop
      vertex 230 175.6 95
      vertex 216.087 175.6 64.6194
      vertex 216.706 175.6 64.8296
    endloop
  endfacet
  facet normal 0 -1 0
    outer loop
      vertex 230 175.6 95
      vertex 215.5 175.6 64.3301
      vertex 216.087 175.6 64.6194
    endloop
  endfacet
  facet normal 0 -1 0
    outer loop
      vertex 171.25 175.6 74
      vertex 214.956 175.6 63.9668
      vertex 215.5 175.6 64.3301
    endloop
  endfacet
  facet normal 0 -1 0
    outer loop
      vertex 171.25 175.6 74
      vertex 214.464 175.6 63.5355
      vertex 214.956 175.6 63.9668
    endloop
  endfacet
  facet normal 0 -1 0
    outer loop
      vertex 171.25 175.6 74
      vertex 214.033 175.6 63.0438
      vertex 214.464 175.6 63.5355
    endloop
  endfacet
  facet normal 0 -1 0
    outer loop
      vertex 171.25 175.6 74
      vertex 213.67 175.6 62.5
      vertex 214.033 175.6 63.0438
    endloop
  endfacet
  facet normal 0 -1 0
    outer loop
      vertex 171.25 175.6 74
      vertex 213.381 175.6 61.9134
      vertex 213.67 175.6 62.5
    endloop
  endfacet
  facet normal 0 -1 0
    outer loop
      vertex 171.25 175.6 74
      vertex 213.17 175.6 61.2941
      vertex 213.381 175.6 61.9134
    endloop
  endfacet
  facet normal 0 -1 0
    outer loop
      vertex 171.25 175.6 74
      vertex 213.043 175.6 60.6526
      vertex 213.17 175.6 61.2941
    endloop
  endfacet
  facet normal 0 -1 0
    outer loop
      vertex 171.25 175.6 74
      vertex 213 175.6 60
      vertex 213.043 175.6 60.6526
    endloop
  endfacet
  facet normal 0 -1 0
    outer loop
      vertex 171.25 175.6 48
      vertex 213 175.6 60
      vertex 171.25 175.6 74
    endloop
  endfacet
  facet normal 0 -1 -0
    outer loop
      vertex 213 175.6 60
      vertex 171.25 175.6 48
      vertex 213.043 175.6 59.3474
    endloop
  endfacet
  facet normal 0 -1 -0
    outer loop
      vertex 213.043 175.6 59.3474
      vertex 171.25 175.6 48
      vertex 213.17 175.6 58.7059
    endloop
  endfacet
  facet normal 0 -1 -0
    outer loop
      vertex 213.17 175.6 58.7059
      vertex 171.25 175.6 48
      vertex 213.381 175.6 58.0866
    endloop
  endfacet
  facet normal 0 -1 -0
    outer loop
      vertex 213.381 175.6 58.0866
      vertex 171.25 175.6 48
      vertex 213.67 175.6 57.5
    endloop
  endfacet
  facet normal 0 -1 0
    outer loop
      vertex 209.465 175.6 29.0649
      vertex 213.67 175.6 57.5
      vertex 171.25 175.6 48
    endloop
  endfacet
  facet normal 0 -1 0
    outer loop
      vertex 209.465 175.6 29.0649
      vertex 214.033 175.6 56.9562
      vertex 213.67 175.6 57.5
    endloop
  endfacet
  facet normal 0 -1 0
    outer loop
      vertex 209.465 175.6 29.0649
      vertex 214.464 175.6 56.4645
      vertex 214.033 175.6 56.9562
    endloop
  endfacet
  facet normal 0 -1 0
    outer loop
      vertex 209.465 175.6 29.0649
      vertex 214.956 175.6 56.0332
      vertex 214.464 175.6 56.4645
    endloop
  endfacet
  facet normal 0 -1 -0
    outer loop
      vertex 216.087 175.6 55.3806
      vertex 210.535 175.6 29.0649
      vertex 216.706 175.6 55.1704
    endloop
  endfacet
  facet normal 0 -1 0
    outer loop
      vertex 210.535 175.6 29.0649
      vertex 216.087 175.6 55.3806
      vertex 210 175.6 29.1
    endloop
  endfacet
  facet normal 0 -1 -0
    outer loop
      vertex 215.5 175.6 55.6699
      vertex 210 175.6 29.1
      vertex 216.087 175.6 55.3806
    endloop
  endfacet
  facet normal 0 -1 0
    outer loop
      vertex 209.465 175.6 29.0649
      vertex 215.5 175.6 55.6699
      vertex 214.956 175.6 56.0332
    endloop
  endfacet
  facet normal 0 -1 0
    outer loop
      vertex 165.25 175.6 48
      vertex 168.75 175.6 74
      vertex 165.25 175.6 74
    endloop
  endfacet
  facet normal 0 -1 -0
    outer loop
      vertex 168.75 175.6 74
      vertex 165.25 175.6 48
      vertex 168.75 175.6 48
    endloop
  endfacet
  facet normal 0 -1 0
    outer loop
      vertex 159.25 175.6 48
      vertex 162.75 175.6 74
      vertex 159.25 175.6 74
    endloop
  endfacet
  facet normal 0 -1 -0
    outer loop
      vertex 162.75 175.6 74
      vertex 159.25 175.6 48
      vertex 162.75 175.6 48
    endloop
  endfacet
  facet normal 0 -1 0
    outer loop
      vertex 153.25 175.6 48
      vertex 156.75 175.6 74
      vertex 153.25 175.6 74
    endloop
  endfacet
  facet normal 0 -1 -0
    outer loop
      vertex 156.75 175.6 74
      vertex 153.25 175.6 48
      vertex 156.75 175.6 48
    endloop
  endfacet
  facet normal 0 -1 0
    outer loop
      vertex 147.25 175.6 48
      vertex 150.75 175.6 74
      vertex 147.25 175.6 74
    endloop
  endfacet
  facet normal 0 -1 -0
    outer loop
      vertex 150.75 175.6 74
      vertex 147.25 175.6 48
      vertex 150.75 175.6 48
    endloop
  endfacet
  facet normal 0 -1 0
    outer loop
      vertex 141.25 175.6 48
      vertex 144.75 175.6 74
      vertex 141.25 175.6 74
    endloop
  endfacet
  facet normal 0 -1 -0
    outer loop
      vertex 144.75 175.6 74
      vertex 141.25 175.6 48
      vertex 144.75 175.6 48
    endloop
  endfacet
  facet normal 0 -1 0
    outer loop
      vertex 135.25 175.6 48
      vertex 138.75 175.6 74
      vertex 135.25 175.6 74
    endloop
  endfacet
  facet normal 0 -1 -0
    outer loop
      vertex 138.75 175.6 74
      vertex 135.25 175.6 48
      vertex 138.75 175.6 48
    endloop
  endfacet
  facet normal 0 -1 0
    outer loop
      vertex 135.25 175.6 74
      vertex 118 175.6 95
      vertex 132.75 175.6 74
    endloop
  endfacet
  facet normal 0 -1 0
    outer loop
      vertex 118 175.6 95
      vertex 132.75 175.6 48
      vertex 132.75 175.6 74
    endloop
  endfacet
  facet normal 0 -1 0
    outer loop
      vertex 118 175.6 3
      vertex 135.25 175.6 48
      vertex 132.75 175.6 48
    endloop
  endfacet
  facet normal 0 -1 0
    outer loop
      vertex 135.25 175.6 48
      vertex 160.5 175.6 19.5
      vertex 138.75 175.6 48
    endloop
  endfacet
  facet normal -0 -1 -0
    outer loop
      vertex 160.5 175.6 30.5
      vertex 138.75 175.6 48
      vertex 160.5 175.6 19.5
    endloop
  endfacet
  facet normal 0 -1 0
    outer loop
      vertex 141.25 175.6 48
      vertex 160.5 175.6 30.5
      vertex 144.75 175.6 48
    endloop
  endfacet
  facet normal 0 -1 0
    outer loop
      vertex 144.75 175.6 48
      vertex 160.5 175.6 30.5
      vertex 147.25 175.6 48
    endloop
  endfacet
  facet normal 0 -1 0
    outer loop
      vertex 147.25 175.6 48
      vertex 160.5 175.6 30.5
      vertex 150.75 175.6 48
    endloop
  endfacet
  facet normal 0 -1 0
    outer loop
      vertex 150.75 175.6 48
      vertex 160.5 175.6 30.5
      vertex 153.25 175.6 48
    endloop
  endfacet
  facet normal 0 -1 0
    outer loop
      vertex 153.25 175.6 48
      vertex 160.5 175.6 30.5
      vertex 156.75 175.6 48
    endloop
  endfacet
  facet normal 0 -1 0
    outer loop
      vertex 156.75 175.6 48
      vertex 160.5 175.6 30.5
      vertex 159.25 175.6 48
    endloop
  endfacet
  facet normal 0 -1 0
    outer loop
      vertex 159.25 175.6 48
      vertex 160.5 175.6 30.5
      vertex 162.75 175.6 48
    endloop
  endfacet
  facet normal 0 -1 -0
    outer loop
      vertex 162.75 175.6 48
      vertex 160.5 175.6 30.5
      vertex 165.25 175.6 48
    endloop
  endfacet
  facet normal 0 -1 -0
    outer loop
      vertex 165.25 175.6 48
      vertex 160.5 175.6 30.5
      vertex 168.75 175.6 48
    endloop
  endfacet
  facet normal 0 -1 0
    outer loop
      vertex 175.5 175.6 30.5
      vertex 168.75 175.6 48
      vertex 160.5 175.6 30.5
    endloop
  endfacet
  facet normal 0 -1 0
    outer loop
      vertex 138.75 175.6 48
      vertex 160.5 175.6 30.5
      vertex 141.25 175.6 48
    endloop
  endfacet
  facet normal 0 -1 -0
    outer loop
      vertex 160.5 175.6 19.5
      vertex 118 175.6 3
      vertex 175.5 175.6 19.5
    endloop
  endfacet
  facet normal 0 -1 -0
    outer loop
      vertex 135.25 175.6 48
      vertex 118 175.6 3
      vertex 160.5 175.6 19.5
    endloop
  endfacet
  facet normal 0 -1 0
    outer loop
      vertex 118 175.6 3
      vertex 132.75 175.6 48
      vertex 118 175.6 95
    endloop
  endfacet
  facet normal 0 -1 0
    outer loop
      vertex 138.75 175.6 74
      vertex 118 175.6 95
      vertex 135.25 175.6 74
    endloop
  endfacet
  facet normal 0 -1 0
    outer loop
      vertex 141.25 175.6 74
      vertex 118 175.6 95
      vertex 138.75 175.6 74
    endloop
  endfacet
  facet normal 0 -1 0
    outer loop
      vertex 144.75 175.6 74
      vertex 118 175.6 95
      vertex 141.25 175.6 74
    endloop
  endfacet
  facet normal 0 -1 0
    outer loop
      vertex 147.25 175.6 74
      vertex 118 175.6 95
      vertex 144.75 175.6 74
    endloop
  endfacet
  facet normal 0 -1 0
    outer loop
      vertex 150.75 175.6 74
      vertex 118 175.6 95
      vertex 147.25 175.6 74
    endloop
  endfacet
  facet normal 0 -1 0
    outer loop
      vertex 153.25 175.6 74
      vertex 118 175.6 95
      vertex 150.75 175.6 74
    endloop
  endfacet
  facet normal 0 -1 0
    outer loop
      vertex 156.75 175.6 74
      vertex 118 175.6 95
      vertex 153.25 175.6 74
    endloop
  endfacet
  facet normal 0 -1 0
    outer loop
      vertex 159.25 175.6 74
      vertex 118 175.6 95
      vertex 156.75 175.6 74
    endloop
  endfacet
  facet normal 0 -1 0
    outer loop
      vertex 162.75 175.6 74
      vertex 118 175.6 95
      vertex 159.25 175.6 74
    endloop
  endfacet
  facet normal 0 -1 0
    outer loop
      vertex 165.25 175.6 74
      vertex 118 175.6 95
      vertex 162.75 175.6 74
    endloop
  endfacet
  facet normal 0 -1 0
    outer loop
      vertex 168.75 175.6 74
      vertex 118 175.6 95
      vertex 165.25 175.6 74
    endloop
  endfacet
  facet normal 0 -1 0
    outer loop
      vertex 171.25 175.6 74
      vertex 118 175.6 95
      vertex 168.75 175.6 74
    endloop
  endfacet
  facet normal 0 -1 0
    outer loop
      vertex 118 175.6 95
      vertex 171.25 175.6 74
      vertex 230 175.6 95
    endloop
  endfacet
  facet normal 0 -1 0
    outer loop
      vertex 215.5 175.6 64.3301
      vertex 230 175.6 95
      vertex 171.25 175.6 74
    endloop
  endfacet
  facet normal 0 -1 0
    outer loop
      vertex 218.653 175.6 64.9572
      vertex 230 175.6 95
      vertex 218 175.6 65
    endloop
  endfacet
  facet normal 0 -1 0
    outer loop
      vertex 219.294 175.6 64.8296
      vertex 230 175.6 95
      vertex 218.653 175.6 64.9572
    endloop
  endfacet
  facet normal 0 -1 0
    outer loop
      vertex 219.913 175.6 64.6194
      vertex 230 175.6 95
      vertex 219.294 175.6 64.8296
    endloop
  endfacet
  facet normal 0 -1 0
    outer loop
      vertex 220.5 175.6 64.3301
      vertex 230 175.6 95
      vertex 219.913 175.6 64.6194
    endloop
  endfacet
  facet normal 0 -1 0
    outer loop
      vertex 221.044 175.6 63.9668
      vertex 230 175.6 95
      vertex 220.5 175.6 64.3301
    endloop
  endfacet
  facet normal 0 -1 0
    outer loop
      vertex 221.536 175.6 63.5355
      vertex 230 175.6 95
      vertex 221.044 175.6 63.9668
    endloop
  endfacet
  facet normal 0 -1 0
    outer loop
      vertex 221.967 175.6 63.0438
      vertex 230 175.6 95
      vertex 221.536 175.6 63.5355
    endloop
  endfacet
  facet normal 0 -1 0
    outer loop
      vertex 222.33 175.6 62.5
      vertex 230 175.6 95
      vertex 221.967 175.6 63.0438
    endloop
  endfacet
  facet normal 0 -1 0
    outer loop
      vertex 222.619 175.6 61.9134
      vertex 230 175.6 95
      vertex 222.33 175.6 62.5
    endloop
  endfacet
  facet normal 0 -1 0
    outer loop
      vertex 222.83 175.6 61.2941
      vertex 230 175.6 95
      vertex 222.619 175.6 61.9134
    endloop
  endfacet
  facet normal 0 -1 0
    outer loop
      vertex 222.957 175.6 60.6526
      vertex 230 175.6 95
      vertex 222.83 175.6 61.2941
    endloop
  endfacet
  facet normal 0 -1 0
    outer loop
      vertex 223 175.6 60
      vertex 230 175.6 95
      vertex 222.957 175.6 60.6526
    endloop
  endfacet
  facet normal 0 -1 0
    outer loop
      vertex 222.957 175.6 59.3474
      vertex 230 175.6 95
      vertex 223 175.6 60
    endloop
  endfacet
  facet normal 0 -1 0
    outer loop
      vertex 211.061 175.6 28.9603
      vertex 216.706 175.6 55.1704
      vertex 210.535 175.6 29.0649
    endloop
  endfacet
  facet normal 0 -1 0
    outer loop
      vertex 168.75 175.6 48
      vertex 175.5 175.6 30.5
      vertex 171.25 175.6 48
    endloop
  endfacet
  facet normal 0 -1 0
    outer loop
      vertex 207.101 175.6 27.8991
      vertex 171.25 175.6 48
      vertex 175.5 175.6 30.5
    endloop
  endfacet
  facet normal 0 -1 -0
    outer loop
      vertex 216.706 175.6 55.1704
      vertex 211.061 175.6 28.9603
      vertex 217.347 175.6 55.0428
    endloop
  endfacet
  facet normal 0 -1 0
    outer loop
      vertex 211.569 175.6 28.7879
      vertex 217.347 175.6 55.0428
      vertex 211.061 175.6 28.9603
    endloop
  endfacet
  facet normal 0 -1 -0
    outer loop
      vertex 217.347 175.6 55.0428
      vertex 211.569 175.6 28.7879
      vertex 218 175.6 55
    endloop
  endfacet
  facet normal 0 -1 0
    outer loop
      vertex 212.05 175.6 28.5507
      vertex 218 175.6 55
      vertex 211.569 175.6 28.7879
    endloop
  endfacet
  facet normal 0 -1 -0
    outer loop
      vertex 218 175.6 55
      vertex 212.05 175.6 28.5507
      vertex 218.653 175.6 55.0428
    endloop
  endfacet
  facet normal 0 -1 0
    outer loop
      vertex 212.496 175.6 28.2527
      vertex 218.653 175.6 55.0428
      vertex 212.05 175.6 28.5507
    endloop
  endfacet
  facet normal 0 -1 -0
    outer loop
      vertex 218.653 175.6 55.0428
      vertex 212.496 175.6 28.2527
      vertex 219.294 175.6 55.1704
    endloop
  endfacet
  facet normal 0 -1 0
    outer loop
      vertex 212.899 175.6 27.8991
      vertex 219.294 175.6 55.1704
      vertex 212.496 175.6 28.2527
    endloop
  endfacet
  facet normal 0 -1 -0
    outer loop
      vertex 219.294 175.6 55.1704
      vertex 212.899 175.6 27.8991
      vertex 219.913 175.6 55.3806
    endloop
  endfacet
  facet normal 0 -1 0
    outer loop
      vertex 213.253 175.6 27.4959
      vertex 219.913 175.6 55.3806
      vertex 212.899 175.6 27.8991
    endloop
  endfacet
  facet normal 0 -1 -0
    outer loop
      vertex 219.913 175.6 55.3806
      vertex 213.253 175.6 27.4959
      vertex 220.5 175.6 55.6699
    endloop
  endfacet
  facet normal 0 -1 0
    outer loop
      vertex 213.551 175.6 27.05
      vertex 220.5 175.6 55.6699
      vertex 213.253 175.6 27.4959
    endloop
  endfacet
  facet normal 0 -1 -0
    outer loop
      vertex 220.5 175.6 55.6699
      vertex 213.551 175.6 27.05
      vertex 221.044 175.6 56.0332
    endloop
  endfacet
  facet normal 0 -1 0
    outer loop
      vertex 213.788 175.6 26.569
      vertex 221.044 175.6 56.0332
      vertex 213.551 175.6 27.05
    endloop
  endfacet
  facet normal 0 -1 -0
    outer loop
      vertex 221.044 175.6 56.0332
      vertex 213.788 175.6 26.569
      vertex 221.536 175.6 56.4645
    endloop
  endfacet
  facet normal 0 -1 0
    outer loop
      vertex 213.96 175.6 26.0612
      vertex 221.536 175.6 56.4645
      vertex 213.788 175.6 26.569
    endloop
  endfacet
  facet normal 0 -1 -0
    outer loop
      vertex 221.536 175.6 56.4645
      vertex 213.96 175.6 26.0612
      vertex 221.967 175.6 56.9562
    endloop
  endfacet
  facet normal 0 -1 0
    outer loop
      vertex 230 175.6 3
      vertex 221.967 175.6 56.9562
      vertex 213.96 175.6 26.0612
    endloop
  endfacet
  facet normal 0 -1 0
    outer loop
      vertex 221.967 175.6 56.9562
      vertex 230 175.6 3
      vertex 222.33 175.6 57.5
    endloop
  endfacet
  facet normal 0 -1 0
    outer loop
      vertex 222.33 175.6 57.5
      vertex 230 175.6 3
      vertex 222.619 175.6 58.0866
    endloop
  endfacet
  facet normal 0 -1 0
    outer loop
      vertex 230 175.6 3
      vertex 213.96 175.6 26.0612
      vertex 214.065 175.6 25.5352
    endloop
  endfacet
  facet normal 0 -1 0
    outer loop
      vertex 230 175.6 3
      vertex 214.065 175.6 25.5352
      vertex 214.1 175.6 25
    endloop
  endfacet
  facet normal 0 -1 0
    outer loop
      vertex 230 175.6 3
      vertex 214.1 175.6 25
      vertex 214.065 175.6 24.4648
    endloop
  endfacet
  facet normal 0 -1 0
    outer loop
      vertex 230 175.6 3
      vertex 214.065 175.6 24.4648
      vertex 213.96 175.6 23.9388
    endloop
  endfacet
  facet normal 0 -1 0
    outer loop
      vertex 230 175.6 3
      vertex 175.5 175.6 19.5
      vertex 118 175.6 3
    endloop
  endfacet
  facet normal 0 -1 0
    outer loop
      vertex 209.465 175.6 20.9351
      vertex 230 175.6 3
      vertex 210 175.6 20.9
    endloop
  endfacet
  facet normal 0 -1 0
    outer loop
      vertex 222.957 175.6 59.3474
      vertex 230 175.6 3
      vertex 230 175.6 95
    endloop
  endfacet
  facet normal 0 -1 0
    outer loop
      vertex 222.83 175.6 58.7059
      vertex 230 175.6 3
      vertex 222.957 175.6 59.3474
    endloop
  endfacet
  facet normal 0 -1 0
    outer loop
      vertex 222.619 175.6 58.0866
      vertex 230 175.6 3
      vertex 222.83 175.6 58.7059
    endloop
  endfacet
  facet normal 0 -1 0
    outer loop
      vertex 213.788 175.6 23.431
      vertex 230 175.6 3
      vertex 213.96 175.6 23.9388
    endloop
  endfacet
  facet normal 0 -1 0
    outer loop
      vertex 213.551 175.6 22.95
      vertex 230 175.6 3
      vertex 213.788 175.6 23.431
    endloop
  endfacet
  facet normal 0 -1 0
    outer loop
      vertex 213.253 175.6 22.5041
      vertex 230 175.6 3
      vertex 213.551 175.6 22.95
    endloop
  endfacet
  facet normal 0 -1 0
    outer loop
      vertex 212.899 175.6 22.1009
      vertex 230 175.6 3
      vertex 213.253 175.6 22.5041
    endloop
  endfacet
  facet normal 0 -1 0
    outer loop
      vertex 212.496 175.6 21.7472
      vertex 230 175.6 3
      vertex 212.899 175.6 22.1009
    endloop
  endfacet
  facet normal 0 -1 0
    outer loop
      vertex 212.05 175.6 21.4493
      vertex 230 175.6 3
      vertex 212.496 175.6 21.7472
    endloop
  endfacet
  facet normal 0 -1 0
    outer loop
      vertex 211.569 175.6 21.2121
      vertex 230 175.6 3
      vertex 212.05 175.6 21.4493
    endloop
  endfacet
  facet normal 0 -1 0
    outer loop
      vertex 211.061 175.6 21.0397
      vertex 230 175.6 3
      vertex 211.569 175.6 21.2121
    endloop
  endfacet
  facet normal 0 -1 0
    outer loop
      vertex 210.535 175.6 20.9351
      vertex 230 175.6 3
      vertex 211.061 175.6 21.0397
    endloop
  endfacet
  facet normal 0 -1 0
    outer loop
      vertex 210 175.6 20.9
      vertex 230 175.6 3
      vertex 210.535 175.6 20.9351
    endloop
  endfacet
  facet normal 0.997867 0.0652871 0
    outer loop
      vertex 47.5 143 9
      vertex 47.4701 143.457 3
      vertex 47.4701 143.457 9
    endloop
  endfacet
  facet normal 0.997867 0.0652871 0
    outer loop
      vertex 47.4701 143.457 3
      vertex 47.5 143 9
      vertex 47.5 143 3
    endloop
  endfacet
  facet normal -0.997867 0.0652871 0
    outer loop
      vertex 40.5 143 3
      vertex 40.5299 143.457 9
      vertex 40.5299 143.457 3
    endloop
  endfacet
  facet normal -0.997867 0.0652871 0
    outer loop
      vertex 40.5299 143.457 9
      vertex 40.5 143 3
      vertex 40.5 143 9
    endloop
  endfacet
  facet normal 0.0655331 0.99785 -0
    outer loop
      vertex 44.4568 146.47 3
      vertex 44 146.5 9
      vertex 44.4568 146.47 9
    endloop
  endfacet
  facet normal 0.0655331 0.99785 0
    outer loop
      vertex 44 146.5 9
      vertex 44.4568 146.47 3
      vertex 44 146.5 3
    endloop
  endfacet
  facet normal 0.75171 0.659494 0
    outer loop
      vertex 46.7767 145.131 9
      vertex 46.4749 145.475 3
      vertex 46.4749 145.475 9
    endloop
  endfacet
  facet normal 0.75171 0.659494 0
    outer loop
      vertex 46.4749 145.475 3
      vertex 46.7767 145.131 9
      vertex 46.7767 145.131 3
    endloop
  endfacet
  facet normal -0.659524 0.751683 0
    outer loop
      vertex 41.8693 145.777 3
      vertex 41.5251 145.475 9
      vertex 41.8693 145.777 9
    endloop
  endfacet
  facet normal -0.659524 0.751683 0
    outer loop
      vertex 41.5251 145.475 9
      vertex 41.8693 145.777 3
      vertex 41.5251 145.475 3
    endloop
  endfacet
  facet normal -0.321139 0.947032 0
    outer loop
      vertex 43.0941 146.381 3
      vertex 42.6606 146.234 9
      vertex 43.0941 146.381 9
    endloop
  endfacet
  facet normal -0.321139 0.947032 0
    outer loop
      vertex 42.6606 146.234 9
      vertex 43.0941 146.381 3
      vertex 42.6606 146.234 3
    endloop
  endfacet
  facet normal -0.831647 -0.555305 0
    outer loop
      vertex 41.2233 140.869 3
      vertex 40.9689 141.25 9
      vertex 40.9689 141.25 3
    endloop
  endfacet
  facet normal -0.831647 -0.555305 0
    outer loop
      vertex 40.9689 141.25 9
      vertex 41.2233 140.869 3
      vertex 41.2233 140.869 9
    endloop
  endfacet
  facet normal 0.946853 0.321668 0
    outer loop
      vertex 47.3807 143.906 9
      vertex 47.2336 144.339 3
      vertex 47.2336 144.339 9
    endloop
  endfacet
  facet normal 0.946853 0.321668 0
    outer loop
      vertex 47.2336 144.339 3
      vertex 47.3807 143.906 9
      vertex 47.3807 143.906 3
    endloop
  endfacet
  facet normal 0.980748 0.195276 0
    outer loop
      vertex 47.4701 143.457 9
      vertex 47.3807 143.906 3
      vertex 47.3807 143.906 9
    endloop
  endfacet
  facet normal 0.980748 0.195276 0
    outer loop
      vertex 47.3807 143.906 3
      vertex 47.4701 143.457 9
      vertex 47.4701 143.457 3
    endloop
  endfacet
  facet normal 0.831647 0.555305 0
    outer loop
      vertex 47.0311 144.75 9
      vertex 46.7767 145.131 3
      vertex 46.7767 145.131 9
    endloop
  endfacet
  facet normal 0.831647 0.555305 0
    outer loop
      vertex 46.7767 145.131 3
      vertex 47.0311 144.75 9
      vertex 47.0311 144.75 3
    endloop
  endfacet
  facet normal 0.443192 0.896427 -0
    outer loop
      vertex 45.75 146.031 3
      vertex 45.3394 146.234 9
      vertex 45.75 146.031 9
    endloop
  endfacet
  facet normal 0.443192 0.896427 0
    outer loop
      vertex 45.3394 146.234 9
      vertex 45.75 146.031 3
      vertex 45.3394 146.234 3
    endloop
  endfacet
  facet normal 0.321139 0.947032 -0
    outer loop
      vertex 45.3394 146.234 3
      vertex 44.9059 146.381 9
      vertex 45.3394 146.234 9
    endloop
  endfacet
  facet normal 0.321139 0.947032 0
    outer loop
      vertex 44.9059 146.381 9
      vertex 45.3394 146.234 3
      vertex 44.9059 146.381 3
    endloop
  endfacet
  facet normal 0.659524 0.751683 -0
    outer loop
      vertex 46.4749 145.475 3
      vertex 46.1307 145.777 9
      vertex 46.4749 145.475 9
    endloop
  endfacet
  facet normal 0.659524 0.751683 0
    outer loop
      vertex 46.1307 145.777 9
      vertex 46.4749 145.475 3
      vertex 46.1307 145.777 3
    endloop
  endfacet
  facet normal -0.897031 0.441968 0
    outer loop
      vertex 40.7664 144.339 3
      vertex 40.9689 144.75 9
      vertex 40.9689 144.75 3
    endloop
  endfacet
  facet normal -0.897031 0.441968 0
    outer loop
      vertex 40.9689 144.75 9
      vertex 40.7664 144.339 3
      vertex 40.7664 144.339 9
    endloop
  endfacet
  facet normal -0.831647 0.555305 0
    outer loop
      vertex 40.9689 144.75 3
      vertex 41.2233 145.131 9
      vertex 41.2233 145.131 3
    endloop
  endfacet
  facet normal -0.831647 0.555305 0
    outer loop
      vertex 41.2233 145.131 9
      vertex 40.9689 144.75 3
      vertex 40.9689 144.75 9
    endloop
  endfacet
  facet normal -0.946853 0.321668 0
    outer loop
      vertex 40.6193 143.906 3
      vertex 40.7664 144.339 9
      vertex 40.7664 144.339 3
    endloop
  endfacet
  facet normal -0.946853 0.321668 0
    outer loop
      vertex 40.7664 144.339 9
      vertex 40.6193 143.906 3
      vertex 40.6193 143.906 9
    endloop
  endfacet
  facet normal -0.443192 0.896427 0
    outer loop
      vertex 42.6606 146.234 3
      vertex 42.25 146.031 9
      vertex 42.6606 146.234 9
    endloop
  endfacet
  facet normal -0.443192 0.896427 0
    outer loop
      vertex 42.25 146.031 9
      vertex 42.6606 146.234 3
      vertex 42.25 146.031 3
    endloop
  endfacet
  facet normal -0.0655331 0.99785 0
    outer loop
      vertex 44 146.5 3
      vertex 43.5432 146.47 9
      vertex 44 146.5 9
    endloop
  endfacet
  facet normal -0.0655331 0.99785 0
    outer loop
      vertex 43.5432 146.47 9
      vertex 44 146.5 3
      vertex 43.5432 146.47 3
    endloop
  endfacet
  facet normal 0.659524 -0.751683 0
    outer loop
      vertex 46.1307 140.223 3
      vertex 46.4749 140.525 9
      vertex 46.1307 140.223 9
    endloop
  endfacet
  facet normal 0.659524 -0.751683 0
    outer loop
      vertex 46.4749 140.525 9
      vertex 46.1307 140.223 3
      vertex 46.4749 140.525 3
    endloop
  endfacet
  facet normal 0.443192 -0.896427 0
    outer loop
      vertex 45.3394 139.766 3
      vertex 45.75 139.969 9
      vertex 45.3394 139.766 9
    endloop
  endfacet
  facet normal 0.443192 -0.896427 0
    outer loop
      vertex 45.75 139.969 9
      vertex 45.3394 139.766 3
      vertex 45.75 139.969 3
    endloop
  endfacet
  facet normal -0.321139 -0.947032 0
    outer loop
      vertex 42.6606 139.766 3
      vertex 43.0941 139.619 9
      vertex 42.6606 139.766 9
    endloop
  endfacet
  facet normal -0.321139 -0.947032 -0
    outer loop
      vertex 43.0941 139.619 9
      vertex 42.6606 139.766 3
      vertex 43.0941 139.619 3
    endloop
  endfacet
  facet normal -0.980748 -0.195276 0
    outer loop
      vertex 40.6193 142.094 3
      vertex 40.5299 142.543 9
      vertex 40.5299 142.543 3
    endloop
  endfacet
  facet normal -0.980748 -0.195276 0
    outer loop
      vertex 40.5299 142.543 9
      vertex 40.6193 142.094 3
      vertex 40.6193 142.094 9
    endloop
  endfacet
  facet normal -0.897031 -0.441968 0
    outer loop
      vertex 40.9689 141.25 3
      vertex 40.7664 141.661 9
      vertex 40.7664 141.661 3
    endloop
  endfacet
  facet normal -0.897031 -0.441968 0
    outer loop
      vertex 40.7664 141.661 9
      vertex 40.9689 141.25 3
      vertex 40.9689 141.25 9
    endloop
  endfacet
  facet normal 0.897031 0.441968 0
    outer loop
      vertex 47.2336 144.339 9
      vertex 47.0311 144.75 3
      vertex 47.0311 144.75 9
    endloop
  endfacet
  facet normal 0.897031 0.441968 0
    outer loop
      vertex 47.0311 144.75 3
      vertex 47.2336 144.339 9
      vertex 47.2336 144.339 3
    endloop
  endfacet
  facet normal 0.555003 0.831849 -0
    outer loop
      vertex 46.1307 145.777 3
      vertex 45.75 146.031 9
      vertex 46.1307 145.777 9
    endloop
  endfacet
  facet normal 0.555003 0.831849 0
    outer loop
      vertex 45.75 146.031 9
      vertex 46.1307 145.777 3
      vertex 45.75 146.031 3
    endloop
  endfacet
  facet normal -0.194394 0.980924 0
    outer loop
      vertex 43.5432 146.47 3
      vertex 43.0941 146.381 9
      vertex 43.5432 146.47 9
    endloop
  endfacet
  facet normal -0.194394 0.980924 0
    outer loop
      vertex 43.0941 146.381 9
      vertex 43.5432 146.47 3
      vertex 43.0941 146.381 3
    endloop
  endfacet
  facet normal 0.321139 -0.947032 0
    outer loop
      vertex 44.9059 139.619 3
      vertex 45.3394 139.766 9
      vertex 44.9059 139.619 9
    endloop
  endfacet
  facet normal 0.321139 -0.947032 0
    outer loop
      vertex 45.3394 139.766 9
      vertex 44.9059 139.619 3
      vertex 45.3394 139.766 3
    endloop
  endfacet
  facet normal 0.0655331 -0.99785 0
    outer loop
      vertex 44 139.5 3
      vertex 44.4568 139.53 9
      vertex 44 139.5 9
    endloop
  endfacet
  facet normal 0.0655331 -0.99785 0
    outer loop
      vertex 44.4568 139.53 9
      vertex 44 139.5 3
      vertex 44.4568 139.53 3
    endloop
  endfacet
  facet normal 0.194394 -0.980924 0
    outer loop
      vertex 44.4568 139.53 3
      vertex 44.9059 139.619 9
      vertex 44.4568 139.53 9
    endloop
  endfacet
  facet normal 0.194394 -0.980924 0
    outer loop
      vertex 44.9059 139.619 9
      vertex 44.4568 139.53 3
      vertex 44.9059 139.619 3
    endloop
  endfacet
  facet normal 0.555003 -0.831849 0
    outer loop
      vertex 45.75 139.969 3
      vertex 46.1307 140.223 9
      vertex 45.75 139.969 9
    endloop
  endfacet
  facet normal 0.555003 -0.831849 0
    outer loop
      vertex 46.1307 140.223 9
      vertex 45.75 139.969 3
      vertex 46.1307 140.223 3
    endloop
  endfacet
  facet normal 0.997867 -0.0652871 0
    outer loop
      vertex 47.4701 142.543 9
      vertex 47.5 143 3
      vertex 47.5 143 9
    endloop
  endfacet
  facet normal 0.997867 -0.0652871 0
    outer loop
      vertex 47.5 143 3
      vertex 47.4701 142.543 9
      vertex 47.4701 142.543 3
    endloop
  endfacet
  facet normal 0.831647 -0.555305 0
    outer loop
      vertex 46.7767 140.869 9
      vertex 47.0311 141.25 3
      vertex 47.0311 141.25 9
    endloop
  endfacet
  facet normal 0.831647 -0.555305 0
    outer loop
      vertex 47.0311 141.25 3
      vertex 46.7767 140.869 9
      vertex 46.7767 140.869 3
    endloop
  endfacet
  facet normal 0.75171 -0.659494 0
    outer loop
      vertex 46.4749 140.525 9
      vertex 46.7767 140.869 3
      vertex 46.7767 140.869 9
    endloop
  endfacet
  facet normal 0.75171 -0.659494 0
    outer loop
      vertex 46.7767 140.869 3
      vertex 46.4749 140.525 9
      vertex 46.4749 140.525 3
    endloop
  endfacet
  facet normal -0.194394 -0.980924 0
    outer loop
      vertex 43.0941 139.619 3
      vertex 43.5432 139.53 9
      vertex 43.0941 139.619 9
    endloop
  endfacet
  facet normal -0.194394 -0.980924 -0
    outer loop
      vertex 43.5432 139.53 9
      vertex 43.0941 139.619 3
      vertex 43.5432 139.53 3
    endloop
  endfacet
  facet normal -0.555003 -0.831849 0
    outer loop
      vertex 41.8693 140.223 3
      vertex 42.25 139.969 9
      vertex 41.8693 140.223 9
    endloop
  endfacet
  facet normal -0.555003 -0.831849 -0
    outer loop
      vertex 42.25 139.969 9
      vertex 41.8693 140.223 3
      vertex 42.25 139.969 3
    endloop
  endfacet
  facet normal -0.659524 -0.751683 0
    outer loop
      vertex 41.5251 140.525 3
      vertex 41.8693 140.223 9
      vertex 41.5251 140.525 9
    endloop
  endfacet
  facet normal -0.659524 -0.751683 -0
    outer loop
      vertex 41.8693 140.223 9
      vertex 41.5251 140.525 3
      vertex 41.8693 140.223 3
    endloop
  endfacet
  facet normal -0.443192 -0.896427 0
    outer loop
      vertex 42.25 139.969 3
      vertex 42.6606 139.766 9
      vertex 42.25 139.969 9
    endloop
  endfacet
  facet normal -0.443192 -0.896427 -0
    outer loop
      vertex 42.6606 139.766 9
      vertex 42.25 139.969 3
      vertex 42.6606 139.766 3
    endloop
  endfacet
  facet normal -0.0655331 -0.99785 0
    outer loop
      vertex 43.5432 139.53 3
      vertex 44 139.5 9
      vertex 43.5432 139.53 9
    endloop
  endfacet
  facet normal -0.0655331 -0.99785 -0
    outer loop
      vertex 44 139.5 9
      vertex 43.5432 139.53 3
      vertex 44 139.5 3
    endloop
  endfacet
  facet normal -0.75171 -0.659494 0
    outer loop
      vertex 41.5251 140.525 3
      vertex 41.2233 140.869 9
      vertex 41.2233 140.869 3
    endloop
  endfacet
  facet normal -0.75171 -0.659494 0
    outer loop
      vertex 41.2233 140.869 9
      vertex 41.5251 140.525 3
      vertex 41.5251 140.525 9
    endloop
  endfacet
  facet normal -0.946853 -0.321668 0
    outer loop
      vertex 40.7664 141.661 3
      vertex 40.6193 142.094 9
      vertex 40.6193 142.094 3
    endloop
  endfacet
  facet normal -0.946853 -0.321668 0
    outer loop
      vertex 40.6193 142.094 9
      vertex 40.7664 141.661 3
      vertex 40.7664 141.661 9
    endloop
  endfacet
  facet normal -0.997867 -0.0652871 0
    outer loop
      vertex 40.5299 142.543 3
      vertex 40.5 143 9
      vertex 40.5 143 3
    endloop
  endfacet
  facet normal -0.997867 -0.0652871 0
    outer loop
      vertex 40.5 143 9
      vertex 40.5299 142.543 3
      vertex 40.5299 142.543 9
    endloop
  endfacet
  facet normal 0.194394 0.980924 -0
    outer loop
      vertex 44.9059 146.381 3
      vertex 44.4568 146.47 9
      vertex 44.9059 146.381 9
    endloop
  endfacet
  facet normal 0.194394 0.980924 0
    outer loop
      vertex 44.4568 146.47 9
      vertex 44.9059 146.381 3
      vertex 44.4568 146.47 3
    endloop
  endfacet
  facet normal -0.75171 0.659494 0
    outer loop
      vertex 41.2233 145.131 3
      vertex 41.5251 145.475 9
      vertex 41.5251 145.475 3
    endloop
  endfacet
  facet normal -0.75171 0.659494 0
    outer loop
      vertex 41.5251 145.475 9
      vertex 41.2233 145.131 3
      vertex 41.2233 145.131 9
    endloop
  endfacet
  facet normal 0 0 1
    outer loop
      vertex 44.85 143 9
      vertex 47.5 143 9
      vertex 47.4701 143.457 9
    endloop
  endfacet
  facet normal 0 0 1
    outer loop
      vertex 44.8427 143.111 9
      vertex 47.4701 143.457 9
      vertex 47.3807 143.906 9
    endloop
  endfacet
  facet normal 0 0 1
    outer loop
      vertex 47.5 143 9
      vertex 44.85 143 9
      vertex 47.4701 142.543 9
    endloop
  endfacet
  facet normal 0 0 1
    outer loop
      vertex 44.821 143.22 9
      vertex 47.3807 143.906 9
      vertex 47.2336 144.339 9
    endloop
  endfacet
  facet normal -0 0 1
    outer loop
      vertex 44.8427 142.889 9
      vertex 47.4701 142.543 9
      vertex 44.85 143 9
    endloop
  endfacet
  facet normal 0 0 1
    outer loop
      vertex 44.7853 143.325 9
      vertex 47.2336 144.339 9
      vertex 47.0311 144.75 9
    endloop
  endfacet
  facet normal 0 0 1
    outer loop
      vertex 47.4701 142.543 9
      vertex 44.8427 142.889 9
      vertex 47.3807 142.094 9
    endloop
  endfacet
  facet normal 0 0 1
    outer loop
      vertex 44.7361 143.425 9
      vertex 47.0311 144.75 9
      vertex 46.7767 145.131 9
    endloop
  endfacet
  facet normal -0 0 1
    outer loop
      vertex 44.821 142.78 9
      vertex 47.3807 142.094 9
      vertex 44.8427 142.889 9
    endloop
  endfacet
  facet normal 0 0 1
    outer loop
      vertex 44.6744 143.517 9
      vertex 46.7767 145.131 9
      vertex 46.4749 145.475 9
    endloop
  endfacet
  facet normal 0 0 1
    outer loop
      vertex 47.3807 142.094 9
      vertex 44.821 142.78 9
      vertex 47.2336 141.661 9
    endloop
  endfacet
  facet normal 0 0 1
    outer loop
      vertex 44.601 143.601 9
      vertex 46.4749 145.475 9
      vertex 46.1307 145.777 9
    endloop
  endfacet
  facet normal -0 0 1
    outer loop
      vertex 44.7853 142.675 9
      vertex 47.2336 141.661 9
      vertex 44.821 142.78 9
    endloop
  endfacet
  facet normal 0 0 1
    outer loop
      vertex 44.5174 143.674 9
      vertex 46.1307 145.777 9
      vertex 45.75 146.031 9
    endloop
  endfacet
  facet normal 0 0 1
    outer loop
      vertex 47.2336 141.661 9
      vertex 44.7853 142.675 9
      vertex 47.0311 141.25 9
    endloop
  endfacet
  facet normal 0 0 1
    outer loop
      vertex 44.425 143.736 9
      vertex 45.75 146.031 9
      vertex 45.3394 146.234 9
    endloop
  endfacet
  facet normal -0 0 1
    outer loop
      vertex 44.7361 142.575 9
      vertex 47.0311 141.25 9
      vertex 44.7853 142.675 9
    endloop
  endfacet
  facet normal 0 0 1
    outer loop
      vertex 44.3253 143.785 9
      vertex 45.3394 146.234 9
      vertex 44.9059 146.381 9
    endloop
  endfacet
  facet normal 0 0 1
    outer loop
      vertex 47.0311 141.25 9
      vertex 44.7361 142.575 9
      vertex 46.7767 140.869 9
    endloop
  endfacet
  facet normal -0 0 1
    outer loop
      vertex 44.6744 142.483 9
      vertex 46.7767 140.869 9
      vertex 44.7361 142.575 9
    endloop
  endfacet
  facet normal 0 0 1
    outer loop
      vertex 47.4701 143.457 9
      vertex 44.8427 143.111 9
      vertex 44.85 143 9
    endloop
  endfacet
  facet normal 0 0 1
    outer loop
      vertex 47.3807 143.906 9
      vertex 44.821 143.22 9
      vertex 44.8427 143.111 9
    endloop
  endfacet
  facet normal 0 0 1
    outer loop
      vertex 47.2336 144.339 9
      vertex 44.7853 143.325 9
      vertex 44.821 143.22 9
    endloop
  endfacet
  facet normal 0 0 1
    outer loop
      vertex 47.0311 144.75 9
      vertex 44.7361 143.425 9
      vertex 44.7853 143.325 9
    endloop
  endfacet
  facet normal 0 0 1
    outer loop
      vertex 46.7767 145.131 9
      vertex 44.6744 143.517 9
      vertex 44.7361 143.425 9
    endloop
  endfacet
  facet normal 0 0 1
    outer loop
      vertex 46.4749 145.475 9
      vertex 44.601 143.601 9
      vertex 44.6744 143.517 9
    endloop
  endfacet
  facet normal 0 0 1
    outer loop
      vertex 46.1307 145.777 9
      vertex 44.5174 143.674 9
      vertex 44.601 143.601 9
    endloop
  endfacet
  facet normal 0 0 1
    outer loop
      vertex 44.22 143.821 9
      vertex 44.9059 146.381 9
      vertex 44.4568 146.47 9
    endloop
  endfacet
  facet normal 0 0 1
    outer loop
      vertex 45.75 146.031 9
      vertex 44.425 143.736 9
      vertex 44.5174 143.674 9
    endloop
  endfacet
  facet normal 0 0 1
    outer loop
      vertex 45.3394 146.234 9
      vertex 44.3253 143.785 9
      vertex 44.425 143.736 9
    endloop
  endfacet
  facet normal 0 0 1
    outer loop
      vertex 44.9059 146.381 9
      vertex 44.22 143.821 9
      vertex 44.3253 143.785 9
    endloop
  endfacet
  facet normal 0 0 1
    outer loop
      vertex 44.4568 146.47 9
      vertex 44.1109 143.843 9
      vertex 44.22 143.821 9
    endloop
  endfacet
  facet normal 0 0 1
    outer loop
      vertex 44 146.5 9
      vertex 44.1109 143.843 9
      vertex 44.4568 146.47 9
    endloop
  endfacet
  facet normal 0 0 1
    outer loop
      vertex 44 146.5 9
      vertex 44 143.85 9
      vertex 44.1109 143.843 9
    endloop
  endfacet
  facet normal 0 0 1
    outer loop
      vertex 44 146.5 9
      vertex 43.8891 143.843 9
      vertex 44 143.85 9
    endloop
  endfacet
  facet normal -0 0 1
    outer loop
      vertex 43.5432 146.47 9
      vertex 43.8891 143.843 9
      vertex 44 146.5 9
    endloop
  endfacet
  facet normal 0 0 1
    outer loop
      vertex 43.8891 143.843 9
      vertex 43.5432 146.47 9
      vertex 43.78 143.821 9
    endloop
  endfacet
  facet normal -0 0 1
    outer loop
      vertex 43.0941 146.381 9
      vertex 43.78 143.821 9
      vertex 43.5432 146.47 9
    endloop
  endfacet
  facet normal 0 0 1
    outer loop
      vertex 43.78 143.821 9
      vertex 43.0941 146.381 9
      vertex 43.6747 143.785 9
    endloop
  endfacet
  facet normal -0 0 1
    outer loop
      vertex 42.6606 146.234 9
      vertex 43.6747 143.785 9
      vertex 43.0941 146.381 9
    endloop
  endfacet
  facet normal 0 0 1
    outer loop
      vertex 43.6747 143.785 9
      vertex 42.6606 146.234 9
      vertex 43.575 143.736 9
    endloop
  endfacet
  facet normal -0 0 1
    outer loop
      vertex 42.25 146.031 9
      vertex 43.575 143.736 9
      vertex 42.6606 146.234 9
    endloop
  endfacet
  facet normal 0 0 1
    outer loop
      vertex 43.575 143.736 9
      vertex 42.25 146.031 9
      vertex 43.4826 143.674 9
    endloop
  endfacet
  facet normal -0 0 1
    outer loop
      vertex 41.8693 145.777 9
      vertex 43.4826 143.674 9
      vertex 42.25 146.031 9
    endloop
  endfacet
  facet normal 0 0 1
    outer loop
      vertex 43.4826 143.674 9
      vertex 41.8693 145.777 9
      vertex 43.399 143.601 9
    endloop
  endfacet
  facet normal -0 0 1
    outer loop
      vertex 41.5251 145.475 9
      vertex 43.399 143.601 9
      vertex 41.8693 145.777 9
    endloop
  endfacet
  facet normal -0 0 1
    outer loop
      vertex 41.2233 145.131 9
      vertex 43.3256 143.517 9
      vertex 41.5251 145.475 9
    endloop
  endfacet
  facet normal 0 0 1
    outer loop
      vertex 43.399 143.601 9
      vertex 41.5251 145.475 9
      vertex 43.3256 143.517 9
    endloop
  endfacet
  facet normal 0 0 1
    outer loop
      vertex 46.7767 140.869 9
      vertex 44.6744 142.483 9
      vertex 46.4749 140.525 9
    endloop
  endfacet
  facet normal -0 0 1
    outer loop
      vertex 44.601 142.399 9
      vertex 46.4749 140.525 9
      vertex 44.6744 142.483 9
    endloop
  endfacet
  facet normal 0 0 1
    outer loop
      vertex 46.4749 140.525 9
      vertex 44.601 142.399 9
      vertex 46.1307 140.223 9
    endloop
  endfacet
  facet normal -0 0 1
    outer loop
      vertex 44.5174 142.326 9
      vertex 46.1307 140.223 9
      vertex 44.601 142.399 9
    endloop
  endfacet
  facet normal 0 0 1
    outer loop
      vertex 46.1307 140.223 9
      vertex 44.5174 142.326 9
      vertex 45.75 139.969 9
    endloop
  endfacet
  facet normal -0 0 1
    outer loop
      vertex 44.425 142.264 9
      vertex 45.75 139.969 9
      vertex 44.5174 142.326 9
    endloop
  endfacet
  facet normal 0 0 1
    outer loop
      vertex 45.75 139.969 9
      vertex 44.425 142.264 9
      vertex 45.3394 139.766 9
    endloop
  endfacet
  facet normal -0 0 1
    outer loop
      vertex 44.3253 142.215 9
      vertex 45.3394 139.766 9
      vertex 44.425 142.264 9
    endloop
  endfacet
  facet normal 0 0 1
    outer loop
      vertex 45.3394 139.766 9
      vertex 44.3253 142.215 9
      vertex 44.9059 139.619 9
    endloop
  endfacet
  facet normal -0 0 1
    outer loop
      vertex 44.22 142.179 9
      vertex 44.9059 139.619 9
      vertex 44.3253 142.215 9
    endloop
  endfacet
  facet normal 0 0 1
    outer loop
      vertex 44.9059 139.619 9
      vertex 44.22 142.179 9
      vertex 44.4568 139.53 9
    endloop
  endfacet
  facet normal -0 0 1
    outer loop
      vertex 44.1109 142.157 9
      vertex 44.4568 139.53 9
      vertex 44.22 142.179 9
    endloop
  endfacet
  facet normal -0 0 1
    outer loop
      vertex 44 142.15 9
      vertex 44.4568 139.53 9
      vertex 44.1109 142.157 9
    endloop
  endfacet
  facet normal 0 0 1
    outer loop
      vertex 44 142.15 9
      vertex 44 139.5 9
      vertex 44.4568 139.53 9
    endloop
  endfacet
  facet normal 0 0 1
    outer loop
      vertex 43.8891 142.157 9
      vertex 44 139.5 9
      vertex 44 142.15 9
    endloop
  endfacet
  facet normal 0 0 1
    outer loop
      vertex 43.5432 139.53 9
      vertex 43.8891 142.157 9
      vertex 43.78 142.179 9
    endloop
  endfacet
  facet normal 0 0 1
    outer loop
      vertex 43.0941 139.619 9
      vertex 43.78 142.179 9
      vertex 43.6747 142.215 9
    endloop
  endfacet
  facet normal 0 0 1
    outer loop
      vertex 42.6606 139.766 9
      vertex 43.6747 142.215 9
      vertex 43.575 142.264 9
    endloop
  endfacet
  facet normal 0 0 1
    outer loop
      vertex 43.8891 142.157 9
      vertex 43.5432 139.53 9
      vertex 44 139.5 9
    endloop
  endfacet
  facet normal 0 0 1
    outer loop
      vertex 42.25 139.969 9
      vertex 43.575 142.264 9
      vertex 43.4826 142.326 9
    endloop
  endfacet
  facet normal 0 0 1
    outer loop
      vertex 41.8693 140.223 9
      vertex 43.4826 142.326 9
      vertex 43.399 142.399 9
    endloop
  endfacet
  facet normal 0 0 1
    outer loop
      vertex 41.5251 140.525 9
      vertex 43.399 142.399 9
      vertex 43.3256 142.483 9
    endloop
  endfacet
  facet normal 0 0 1
    outer loop
      vertex 41.2233 140.869 9
      vertex 43.3256 142.483 9
      vertex 43.2639 142.575 9
    endloop
  endfacet
  facet normal 0 0 1
    outer loop
      vertex 40.9689 141.25 9
      vertex 43.2639 142.575 9
      vertex 43.2147 142.675 9
    endloop
  endfacet
  facet normal 0 0 1
    outer loop
      vertex 40.7664 141.661 9
      vertex 43.2147 142.675 9
      vertex 43.179 142.78 9
    endloop
  endfacet
  facet normal 0 0 1
    outer loop
      vertex 40.6193 142.094 9
      vertex 43.179 142.78 9
      vertex 43.1573 142.889 9
    endloop
  endfacet
  facet normal 0 0 1
    outer loop
      vertex 43.78 142.179 9
      vertex 43.0941 139.619 9
      vertex 43.5432 139.53 9
    endloop
  endfacet
  facet normal 0 0 1
    outer loop
      vertex 40.5299 142.543 9
      vertex 43.1573 142.889 9
      vertex 43.15 143 9
    endloop
  endfacet
  facet normal 0 0 1
    outer loop
      vertex 43.3256 143.517 9
      vertex 41.2233 145.131 9
      vertex 43.2639 143.425 9
    endloop
  endfacet
  facet normal -0 0 1
    outer loop
      vertex 40.9689 144.75 9
      vertex 43.2639 143.425 9
      vertex 41.2233 145.131 9
    endloop
  endfacet
  facet normal 0 0 1
    outer loop
      vertex 43.6747 142.215 9
      vertex 42.6606 139.766 9
      vertex 43.0941 139.619 9
    endloop
  endfacet
  facet normal 0 0 1
    outer loop
      vertex 43.2639 143.425 9
      vertex 40.9689 144.75 9
      vertex 43.2147 143.325 9
    endloop
  endfacet
  facet normal 0 0 1
    outer loop
      vertex 43.575 142.264 9
      vertex 42.25 139.969 9
      vertex 42.6606 139.766 9
    endloop
  endfacet
  facet normal -0 0 1
    outer loop
      vertex 40.7664 144.339 9
      vertex 43.2147 143.325 9
      vertex 40.9689 144.75 9
    endloop
  endfacet
  facet normal 0 0 1
    outer loop
      vertex 43.4826 142.326 9
      vertex 41.8693 140.223 9
      vertex 42.25 139.969 9
    endloop
  endfacet
  facet normal 0 0 1
    outer loop
      vertex 43.2147 143.325 9
      vertex 40.7664 144.339 9
      vertex 43.179 143.22 9
    endloop
  endfacet
  facet normal 0 0 1
    outer loop
      vertex 43.399 142.399 9
      vertex 41.5251 140.525 9
      vertex 41.8693 140.223 9
    endloop
  endfacet
  facet normal -0 0 1
    outer loop
      vertex 40.6193 143.906 9
      vertex 43.179 143.22 9
      vertex 40.7664 144.339 9
    endloop
  endfacet
  facet normal 0 0 1
    outer loop
      vertex 43.3256 142.483 9
      vertex 41.2233 140.869 9
      vertex 41.5251 140.525 9
    endloop
  endfacet
  facet normal 0 0 1
    outer loop
      vertex 43.179 143.22 9
      vertex 40.6193 143.906 9
      vertex 43.1573 143.111 9
    endloop
  endfacet
  facet normal 0 0 1
    outer loop
      vertex 43.2639 142.575 9
      vertex 40.9689 141.25 9
      vertex 41.2233 140.869 9
    endloop
  endfacet
  facet normal -0 0 1
    outer loop
      vertex 40.5299 143.457 9
      vertex 43.1573 143.111 9
      vertex 40.6193 143.906 9
    endloop
  endfacet
  facet normal 0 0 1
    outer loop
      vertex 43.2147 142.675 9
      vertex 40.7664 141.661 9
      vertex 40.9689 141.25 9
    endloop
  endfacet
  facet normal 0 0 1
    outer loop
      vertex 43.1573 143.111 9
      vertex 40.5299 143.457 9
      vertex 43.15 143 9
    endloop
  endfacet
  facet normal 0 0 1
    outer loop
      vertex 43.179 142.78 9
      vertex 40.6193 142.094 9
      vertex 40.7664 141.661 9
    endloop
  endfacet
  facet normal 0 0 1
    outer loop
      vertex 40.5 143 9
      vertex 43.15 143 9
      vertex 40.5299 143.457 9
    endloop
  endfacet
  facet normal 0 0 1
    outer loop
      vertex 43.1573 142.889 9
      vertex 40.5299 142.543 9
      vertex 40.6193 142.094 9
    endloop
  endfacet
  facet normal 0 0 1
    outer loop
      vertex 43.15 143 9
      vertex 40.5 143 9
      vertex 40.5299 142.543 9
    endloop
  endfacet
  facet normal -0.980748 0.195276 0
    outer loop
      vertex 40.5299 143.457 3
      vertex 40.6193 143.906 9
      vertex 40.6193 143.906 3
    endloop
  endfacet
  facet normal -0.980748 0.195276 0
    outer loop
      vertex 40.6193 143.906 9
      vertex 40.5299 143.457 3
      vertex 40.5299 143.457 9
    endloop
  endfacet
  facet normal -0.555003 0.831849 0
    outer loop
      vertex 42.25 146.031 3
      vertex 41.8693 145.777 9
      vertex 42.25 146.031 9
    endloop
  endfacet
  facet normal -0.555003 0.831849 0
    outer loop
      vertex 41.8693 145.777 9
      vertex 42.25 146.031 3
      vertex 41.8693 145.777 3
    endloop
  endfacet
  facet normal 0.897031 -0.441968 0
    outer loop
      vertex 47.0311 141.25 9
      vertex 47.2336 141.661 3
      vertex 47.2336 141.661 9
    endloop
  endfacet
  facet normal 0.897031 -0.441968 0
    outer loop
      vertex 47.2336 141.661 3
      vertex 47.0311 141.25 9
      vertex 47.0311 141.25 3
    endloop
  endfacet
  facet normal 0.946853 -0.321668 0
    outer loop
      vertex 47.2336 141.661 9
      vertex 47.3807 142.094 3
      vertex 47.3807 142.094 9
    endloop
  endfacet
  facet normal 0.946853 -0.321668 0
    outer loop
      vertex 47.3807 142.094 3
      vertex 47.2336 141.661 9
      vertex 47.2336 141.661 3
    endloop
  endfacet
  facet normal 0.980748 -0.195276 0
    outer loop
      vertex 47.3807 142.094 9
      vertex 47.4701 142.543 3
      vertex 47.4701 142.543 9
    endloop
  endfacet
  facet normal 0.980748 -0.195276 0
    outer loop
      vertex 47.4701 142.543 3
      vertex 47.3807 142.094 9
      vertex 47.3807 142.094 3
    endloop
  endfacet
  facet normal -0.997844 -0.065624 0
    outer loop
      vertex 44.85 143 3.98
      vertex 44.8427 143.111 9
      vertex 44.8427 143.111 3.98
    endloop
  endfacet
  facet normal -0.997844 -0.065624 0
    outer loop
      vertex 44.8427 143.111 9
      vertex 44.85 143 3.98
      vertex 44.85 143 9
    endloop
  endfacet
  facet normal 0.997844 -0.065624 0
    outer loop
      vertex 43.15 143 9
      vertex 43.1573 143.111 3.98
      vertex 43.1573 143.111 9
    endloop
  endfacet
  facet normal 0.997844 -0.065624 0
    outer loop
      vertex 43.1573 143.111 3.98
      vertex 43.15 143 9
      vertex 43.15 143 3.98
    endloop
  endfacet
  facet normal 0.0629946 -0.998014 0
    outer loop
      vertex 43.8891 143.843 3.98
      vertex 44 143.85 9
      vertex 43.8891 143.843 9
    endloop
  endfacet
  facet normal 0.0629946 -0.998014 0
    outer loop
      vertex 44 143.85 9
      vertex 43.8891 143.843 3.98
      vertex 44 143.85 3.98
    endloop
  endfacet
  facet normal -0.657739 -0.753246 0
    outer loop
      vertex 44.5174 143.674 3.98
      vertex 44.601 143.601 9
      vertex 44.5174 143.674 9
    endloop
  endfacet
  facet normal -0.657739 -0.753246 -0
    outer loop
      vertex 44.601 143.601 9
      vertex 44.5174 143.674 3.98
      vertex 44.601 143.601 3.98
    endloop
  endfacet
  facet normal 0.753021 -0.657997 0
    outer loop
      vertex 43.3256 143.517 9
      vertex 43.399 143.601 3.98
      vertex 43.399 143.601 9
    endloop
  endfacet
  facet normal 0.753021 -0.657997 0
    outer loop
      vertex 43.399 143.601 3.98
      vertex 43.3256 143.517 9
      vertex 43.3256 143.517 3.98
    endloop
  endfacet
  facet normal 0.441082 -0.897467 0
    outer loop
      vertex 43.575 143.736 3.98
      vertex 43.6747 143.785 9
      vertex 43.575 143.736 9
    endloop
  endfacet
  facet normal 0.441082 -0.897467 0
    outer loop
      vertex 43.6747 143.785 9
      vertex 43.575 143.736 3.98
      vertex 43.6747 143.785 3.98
    endloop
  endfacet
  facet normal -0.89728 -0.441462 0
    outer loop
      vertex 44.7853 143.325 3.98
      vertex 44.7361 143.425 9
      vertex 44.7361 143.425 3.98
    endloop
  endfacet
  facet normal -0.89728 -0.441462 0
    outer loop
      vertex 44.7361 143.425 9
      vertex 44.7853 143.325 3.98
      vertex 44.7853 143.325 9
    endloop
  endfacet
  facet normal -0.830519 -0.55699 0
    outer loop
      vertex 44.7361 143.425 3.98
      vertex 44.6744 143.517 9
      vertex 44.6744 143.517 3.98
    endloop
  endfacet
  facet normal -0.830519 -0.55699 0
    outer loop
      vertex 44.6744 143.517 9
      vertex 44.7361 143.425 3.98
      vertex 44.7361 143.425 9
    endloop
  endfacet
  facet normal -0.323497 -0.946229 0
    outer loop
      vertex 44.22 143.821 3.98
      vertex 44.3253 143.785 9
      vertex 44.22 143.821 9
    endloop
  endfacet
  facet normal -0.323497 -0.946229 -0
    outer loop
      vertex 44.3253 143.785 9
      vertex 44.22 143.821 3.98
      vertex 44.3253 143.785 3.98
    endloop
  endfacet
  facet normal -0.197671 -0.980268 0
    outer loop
      vertex 44.1109 143.843 3.98
      vertex 44.22 143.821 9
      vertex 44.1109 143.843 9
    endloop
  endfacet
  facet normal -0.197671 -0.980268 -0
    outer loop
      vertex 44.22 143.821 9
      vertex 44.1109 143.843 3.98
      vertex 44.22 143.821 3.98
    endloop
  endfacet
  facet normal -0.557186 -0.830387 0
    outer loop
      vertex 44.425 143.736 3.98
      vertex 44.5174 143.674 9
      vertex 44.425 143.736 9
    endloop
  endfacet
  facet normal -0.557186 -0.830387 -0
    outer loop
      vertex 44.5174 143.674 9
      vertex 44.425 143.736 3.98
      vertex 44.5174 143.674 3.98
    endloop
  endfacet
  facet normal 0.89728 -0.441462 0
    outer loop
      vertex 43.2147 143.325 9
      vertex 43.2639 143.425 3.98
      vertex 43.2639 143.425 9
    endloop
  endfacet
  facet normal 0.89728 -0.441462 0
    outer loop
      vertex 43.2639 143.425 3.98
      vertex 43.2147 143.325 9
      vertex 43.2147 143.325 3.98
    endloop
  endfacet
  facet normal 0.830519 -0.55699 0
    outer loop
      vertex 43.2639 143.425 9
      vertex 43.3256 143.517 3.98
      vertex 43.3256 143.517 9
    endloop
  endfacet
  facet normal 0.830519 -0.55699 0
    outer loop
      vertex 43.3256 143.517 3.98
      vertex 43.2639 143.425 9
      vertex 43.2639 143.425 3.98
    endloop
  endfacet
  facet normal 0.980753 -0.195251 0
    outer loop
      vertex 43.1573 143.111 9
      vertex 43.179 143.22 3.98
      vertex 43.179 143.22 9
    endloop
  endfacet
  facet normal 0.980753 -0.195251 0
    outer loop
      vertex 43.179 143.22 3.98
      vertex 43.1573 143.111 9
      vertex 43.1573 143.111 3.98
    endloop
  endfacet
  facet normal 0.557186 -0.830387 0
    outer loop
      vertex 43.4826 143.674 3.98
      vertex 43.575 143.736 9
      vertex 43.4826 143.674 9
    endloop
  endfacet
  facet normal 0.557186 -0.830387 0
    outer loop
      vertex 43.575 143.736 9
      vertex 43.4826 143.674 3.98
      vertex 43.575 143.736 3.98
    endloop
  endfacet
  facet normal 0.197671 -0.980268 0
    outer loop
      vertex 43.78 143.821 3.98
      vertex 43.8891 143.843 9
      vertex 43.78 143.821 9
    endloop
  endfacet
  facet normal 0.197671 -0.980268 0
    outer loop
      vertex 43.8891 143.843 9
      vertex 43.78 143.821 3.98
      vertex 43.8891 143.843 3.98
    endloop
  endfacet
  facet normal -0.830519 0.55699 0
    outer loop
      vertex 44.6744 142.483 3.98
      vertex 44.7361 142.575 9
      vertex 44.7361 142.575 3.98
    endloop
  endfacet
  facet normal -0.830519 0.55699 0
    outer loop
      vertex 44.7361 142.575 9
      vertex 44.6744 142.483 3.98
      vertex 44.6744 142.483 9
    endloop
  endfacet
  facet normal 0.197671 0.980268 -0
    outer loop
      vertex 43.8891 142.157 3.98
      vertex 43.78 142.179 9
      vertex 43.8891 142.157 9
    endloop
  endfacet
  facet normal 0.197671 0.980268 0
    outer loop
      vertex 43.78 142.179 9
      vertex 43.8891 142.157 3.98
      vertex 43.78 142.179 3.98
    endloop
  endfacet
  facet normal -0.197671 0.980268 0
    outer loop
      vertex 44.22 142.179 3.98
      vertex 44.1109 142.157 9
      vertex 44.22 142.179 9
    endloop
  endfacet
  facet normal -0.197671 0.980268 0
    outer loop
      vertex 44.1109 142.157 9
      vertex 44.22 142.179 3.98
      vertex 44.1109 142.157 3.98
    endloop
  endfacet
  facet normal -0.946773 -0.321903 0
    outer loop
      vertex 44.821 143.22 3.98
      vertex 44.7853 143.325 9
      vertex 44.7853 143.325 3.98
    endloop
  endfacet
  facet normal -0.946773 -0.321903 0
    outer loop
      vertex 44.7853 143.325 9
      vertex 44.821 143.22 3.98
      vertex 44.821 143.22 9
    endloop
  endfacet
  facet normal -0.980753 -0.195251 0
    outer loop
      vertex 44.8427 143.111 3.98
      vertex 44.821 143.22 9
      vertex 44.821 143.22 3.98
    endloop
  endfacet
  facet normal -0.980753 -0.195251 0
    outer loop
      vertex 44.821 143.22 9
      vertex 44.8427 143.111 3.98
      vertex 44.8427 143.111 9
    endloop
  endfacet
  facet normal -0.753021 -0.657997 0
    outer loop
      vertex 44.6744 143.517 3.98
      vertex 44.601 143.601 9
      vertex 44.601 143.601 3.98
    endloop
  endfacet
  facet normal -0.753021 -0.657997 0
    outer loop
      vertex 44.601 143.601 9
      vertex 44.6744 143.517 3.98
      vertex 44.6744 143.517 9
    endloop
  endfacet
  facet normal -0.0629946 -0.998014 0
    outer loop
      vertex 44 143.85 3.98
      vertex 44.1109 143.843 9
      vertex 44 143.85 9
    endloop
  endfacet
  facet normal -0.0629946 -0.998014 -0
    outer loop
      vertex 44.1109 143.843 9
      vertex 44 143.85 3.98
      vertex 44.1109 143.843 3.98
    endloop
  endfacet
  facet normal -0.441082 -0.897467 0
    outer loop
      vertex 44.3253 143.785 3.98
      vertex 44.425 143.736 9
      vertex 44.3253 143.785 9
    endloop
  endfacet
  facet normal -0.441082 -0.897467 -0
    outer loop
      vertex 44.425 143.736 9
      vertex 44.3253 143.785 3.98
      vertex 44.425 143.736 3.98
    endloop
  endfacet
  facet normal 0.946773 -0.321903 0
    outer loop
      vertex 43.179 143.22 9
      vertex 43.2147 143.325 3.98
      vertex 43.2147 143.325 9
    endloop
  endfacet
  facet normal 0.946773 -0.321903 0
    outer loop
      vertex 43.2147 143.325 3.98
      vertex 43.179 143.22 9
      vertex 43.179 143.22 3.98
    endloop
  endfacet
  facet normal 0.657739 -0.753246 0
    outer loop
      vertex 43.399 143.601 3.98
      vertex 43.4826 143.674 9
      vertex 43.399 143.601 9
    endloop
  endfacet
  facet normal 0.657739 -0.753246 0
    outer loop
      vertex 43.4826 143.674 9
      vertex 43.399 143.601 3.98
      vertex 43.4826 143.674 3.98
    endloop
  endfacet
  facet normal 0.323497 -0.946229 0
    outer loop
      vertex 43.6747 143.785 3.98
      vertex 43.78 143.821 9
      vertex 43.6747 143.785 9
    endloop
  endfacet
  facet normal 0.323497 -0.946229 0
    outer loop
      vertex 43.78 143.821 9
      vertex 43.6747 143.785 3.98
      vertex 43.78 143.821 3.98
    endloop
  endfacet
  facet normal -0.557186 0.830387 0
    outer loop
      vertex 44.5174 142.326 3.98
      vertex 44.425 142.264 9
      vertex 44.5174 142.326 9
    endloop
  endfacet
  facet normal -0.557186 0.830387 0
    outer loop
      vertex 44.425 142.264 9
      vertex 44.5174 142.326 3.98
      vertex 44.425 142.264 3.98
    endloop
  endfacet
  facet normal -0.946773 0.321903 0
    outer loop
      vertex 44.7853 142.675 3.98
      vertex 44.821 142.78 9
      vertex 44.821 142.78 3.98
    endloop
  endfacet
  facet normal -0.946773 0.321903 0
    outer loop
      vertex 44.821 142.78 9
      vertex 44.7853 142.675 3.98
      vertex 44.7853 142.675 9
    endloop
  endfacet
  facet normal -0.89728 0.441462 0
    outer loop
      vertex 44.7361 142.575 3.98
      vertex 44.7853 142.675 9
      vertex 44.7853 142.675 3.98
    endloop
  endfacet
  facet normal -0.89728 0.441462 0
    outer loop
      vertex 44.7853 142.675 9
      vertex 44.7361 142.575 3.98
      vertex 44.7361 142.575 9
    endloop
  endfacet
  facet normal -0.980753 0.195251 0
    outer loop
      vertex 44.821 142.78 3.98
      vertex 44.8427 142.889 9
      vertex 44.8427 142.889 3.98
    endloop
  endfacet
  facet normal -0.980753 0.195251 0
    outer loop
      vertex 44.8427 142.889 9
      vertex 44.821 142.78 3.98
      vertex 44.821 142.78 9
    endloop
  endfacet
  facet normal 0.0629946 0.998014 -0
    outer loop
      vertex 44 142.15 3.98
      vertex 43.8891 142.157 9
      vertex 44 142.15 9
    endloop
  endfacet
  facet normal 0.0629946 0.998014 0
    outer loop
      vertex 43.8891 142.157 9
      vertex 44 142.15 3.98
      vertex 43.8891 142.157 3.98
    endloop
  endfacet
  facet normal 0.997844 0.065624 0
    outer loop
      vertex 43.1573 142.889 9
      vertex 43.15 143 3.98
      vertex 43.15 143 9
    endloop
  endfacet
  facet normal 0.997844 0.065624 0
    outer loop
      vertex 43.15 143 3.98
      vertex 43.1573 142.889 9
      vertex 43.1573 142.889 3.98
    endloop
  endfacet
  facet normal 0.946773 0.321903 0
    outer loop
      vertex 43.2147 142.675 9
      vertex 43.179 142.78 3.98
      vertex 43.179 142.78 9
    endloop
  endfacet
  facet normal 0.946773 0.321903 0
    outer loop
      vertex 43.179 142.78 3.98
      vertex 43.2147 142.675 9
      vertex 43.2147 142.675 3.98
    endloop
  endfacet
  facet normal -0.441082 0.897467 0
    outer loop
      vertex 44.425 142.264 3.98
      vertex 44.3253 142.215 9
      vertex 44.425 142.264 9
    endloop
  endfacet
  facet normal -0.441082 0.897467 0
    outer loop
      vertex 44.3253 142.215 9
      vertex 44.425 142.264 3.98
      vertex 44.3253 142.215 3.98
    endloop
  endfacet
  facet normal -0.323497 0.946229 0
    outer loop
      vertex 44.3253 142.215 3.98
      vertex 44.22 142.179 9
      vertex 44.3253 142.215 9
    endloop
  endfacet
  facet normal -0.323497 0.946229 0
    outer loop
      vertex 44.22 142.179 9
      vertex 44.3253 142.215 3.98
      vertex 44.22 142.179 3.98
    endloop
  endfacet
  facet normal -0.997844 0.065624 0
    outer loop
      vertex 44.8427 142.889 3.98
      vertex 44.85 143 9
      vertex 44.85 143 3.98
    endloop
  endfacet
  facet normal -0.997844 0.065624 0
    outer loop
      vertex 44.85 143 9
      vertex 44.8427 142.889 3.98
      vertex 44.8427 142.889 9
    endloop
  endfacet
  facet normal 0.323497 0.946229 -0
    outer loop
      vertex 43.78 142.179 3.98
      vertex 43.6747 142.215 9
      vertex 43.78 142.179 9
    endloop
  endfacet
  facet normal 0.323497 0.946229 0
    outer loop
      vertex 43.6747 142.215 9
      vertex 43.78 142.179 3.98
      vertex 43.6747 142.215 3.98
    endloop
  endfacet
  facet normal 0.753021 0.657997 0
    outer loop
      vertex 43.399 142.399 9
      vertex 43.3256 142.483 3.98
      vertex 43.3256 142.483 9
    endloop
  endfacet
  facet normal 0.753021 0.657997 0
    outer loop
      vertex 43.3256 142.483 3.98
      vertex 43.399 142.399 9
      vertex 43.399 142.399 3.98
    endloop
  endfacet
  facet normal 0.980753 0.195251 0
    outer loop
      vertex 43.179 142.78 9
      vertex 43.1573 142.889 3.98
      vertex 43.1573 142.889 9
    endloop
  endfacet
  facet normal 0.980753 0.195251 0
    outer loop
      vertex 43.1573 142.889 3.98
      vertex 43.179 142.78 9
      vertex 43.179 142.78 3.98
    endloop
  endfacet
  facet normal 0 0 1
    outer loop
      vertex 44.8427 143.111 3.98
      vertex 44.8427 142.889 3.98
      vertex 44.85 143 3.98
    endloop
  endfacet
  facet normal 0 0 1
    outer loop
      vertex 44.821 143.22 3.98
      vertex 44.8427 142.889 3.98
      vertex 44.8427 143.111 3.98
    endloop
  endfacet
  facet normal 0 0 1
    outer loop
      vertex 44.821 143.22 3.98
      vertex 44.821 142.78 3.98
      vertex 44.8427 142.889 3.98
    endloop
  endfacet
  facet normal 0 0 1
    outer loop
      vertex 44.7853 143.325 3.98
      vertex 44.821 142.78 3.98
      vertex 44.821 143.22 3.98
    endloop
  endfacet
  facet normal 0 0 1
    outer loop
      vertex 44.7853 143.325 3.98
      vertex 44.7853 142.675 3.98
      vertex 44.821 142.78 3.98
    endloop
  endfacet
  facet normal 0 0 1
    outer loop
      vertex 44.7361 143.425 3.98
      vertex 44.7853 142.675 3.98
      vertex 44.7853 143.325 3.98
    endloop
  endfacet
  facet normal 0 0 1
    outer loop
      vertex 44.7361 143.425 3.98
      vertex 44.7361 142.575 3.98
      vertex 44.7853 142.675 3.98
    endloop
  endfacet
  facet normal 0 0 1
    outer loop
      vertex 44.6744 143.517 3.98
      vertex 44.7361 142.575 3.98
      vertex 44.7361 143.425 3.98
    endloop
  endfacet
  facet normal 0 0 1
    outer loop
      vertex 44.6744 143.517 3.98
      vertex 44.6744 142.483 3.98
      vertex 44.7361 142.575 3.98
    endloop
  endfacet
  facet normal 0 0 1
    outer loop
      vertex 44.601 143.601 3.98
      vertex 44.6744 142.483 3.98
      vertex 44.6744 143.517 3.98
    endloop
  endfacet
  facet normal 0 0 1
    outer loop
      vertex 44.601 143.601 3.98
      vertex 44.601 142.399 3.98
      vertex 44.6744 142.483 3.98
    endloop
  endfacet
  facet normal 0 0 1
    outer loop
      vertex 44.5174 143.674 3.98
      vertex 44.601 142.399 3.98
      vertex 44.601 143.601 3.98
    endloop
  endfacet
  facet normal 0 0 1
    outer loop
      vertex 44.5174 143.674 3.98
      vertex 44.5174 142.326 3.98
      vertex 44.601 142.399 3.98
    endloop
  endfacet
  facet normal 0 0 1
    outer loop
      vertex 44.425 143.736 3.98
      vertex 44.5174 142.326 3.98
      vertex 44.5174 143.674 3.98
    endloop
  endfacet
  facet normal 0 0 1
    outer loop
      vertex 44.425 143.736 3.98
      vertex 44.425 142.264 3.98
      vertex 44.5174 142.326 3.98
    endloop
  endfacet
  facet normal 0 0 1
    outer loop
      vertex 44.3253 143.785 3.98
      vertex 44.425 142.264 3.98
      vertex 44.425 143.736 3.98
    endloop
  endfacet
  facet normal 0 0 1
    outer loop
      vertex 44.3253 143.785 3.98
      vertex 44.3253 142.215 3.98
      vertex 44.425 142.264 3.98
    endloop
  endfacet
  facet normal 0 0 1
    outer loop
      vertex 44.22 143.821 3.98
      vertex 44.3253 142.215 3.98
      vertex 44.3253 143.785 3.98
    endloop
  endfacet
  facet normal 0 0 1
    outer loop
      vertex 44.22 143.821 3.98
      vertex 44.22 142.179 3.98
      vertex 44.3253 142.215 3.98
    endloop
  endfacet
  facet normal 0 0 1
    outer loop
      vertex 44.1109 143.843 3.98
      vertex 44.22 142.179 3.98
      vertex 44.22 143.821 3.98
    endloop
  endfacet
  facet normal 0 0 1
    outer loop
      vertex 44.1109 143.843 3.98
      vertex 44.1109 142.157 3.98
      vertex 44.22 142.179 3.98
    endloop
  endfacet
  facet normal 0 0 1
    outer loop
      vertex 44 143.85 3.98
      vertex 44.1109 142.157 3.98
      vertex 44.1109 143.843 3.98
    endloop
  endfacet
  facet normal 0 0 1
    outer loop
      vertex 44 143.85 3.98
      vertex 44 142.15 3.98
      vertex 44.1109 142.157 3.98
    endloop
  endfacet
  facet normal -0 0 1
    outer loop
      vertex 43.8891 143.843 3.98
      vertex 44 142.15 3.98
      vertex 44 143.85 3.98
    endloop
  endfacet
  facet normal 0 0 1
    outer loop
      vertex 43.8891 143.843 3.98
      vertex 43.8891 142.157 3.98
      vertex 44 142.15 3.98
    endloop
  endfacet
  facet normal -0 0 1
    outer loop
      vertex 43.78 143.821 3.98
      vertex 43.8891 142.157 3.98
      vertex 43.8891 143.843 3.98
    endloop
  endfacet
  facet normal 0 0 1
    outer loop
      vertex 43.78 143.821 3.98
      vertex 43.78 142.179 3.98
      vertex 43.8891 142.157 3.98
    endloop
  endfacet
  facet normal -0 0 1
    outer loop
      vertex 43.6747 143.785 3.98
      vertex 43.78 142.179 3.98
      vertex 43.78 143.821 3.98
    endloop
  endfacet
  facet normal 0 0 1
    outer loop
      vertex 43.6747 143.785 3.98
      vertex 43.6747 142.215 3.98
      vertex 43.78 142.179 3.98
    endloop
  endfacet
  facet normal -0 0 1
    outer loop
      vertex 43.575 143.736 3.98
      vertex 43.6747 142.215 3.98
      vertex 43.6747 143.785 3.98
    endloop
  endfacet
  facet normal 0 0 1
    outer loop
      vertex 43.575 143.736 3.98
      vertex 43.575 142.264 3.98
      vertex 43.6747 142.215 3.98
    endloop
  endfacet
  facet normal -0 0 1
    outer loop
      vertex 43.4826 143.674 3.98
      vertex 43.575 142.264 3.98
      vertex 43.575 143.736 3.98
    endloop
  endfacet
  facet normal 0 0 1
    outer loop
      vertex 43.4826 143.674 3.98
      vertex 43.4826 142.326 3.98
      vertex 43.575 142.264 3.98
    endloop
  endfacet
  facet normal -0 0 1
    outer loop
      vertex 43.399 143.601 3.98
      vertex 43.4826 142.326 3.98
      vertex 43.4826 143.674 3.98
    endloop
  endfacet
  facet normal 0 0 1
    outer loop
      vertex 43.399 143.601 3.98
      vertex 43.399 142.399 3.98
      vertex 43.4826 142.326 3.98
    endloop
  endfacet
  facet normal -0 0 1
    outer loop
      vertex 43.3256 143.517 3.98
      vertex 43.399 142.399 3.98
      vertex 43.399 143.601 3.98
    endloop
  endfacet
  facet normal 0 0 1
    outer loop
      vertex 43.3256 143.517 3.98
      vertex 43.3256 142.483 3.98
      vertex 43.399 142.399 3.98
    endloop
  endfacet
  facet normal -0 0 1
    outer loop
      vertex 43.2639 143.425 3.98
      vertex 43.3256 142.483 3.98
      vertex 43.3256 143.517 3.98
    endloop
  endfacet
  facet normal 0 0 1
    outer loop
      vertex 43.2639 143.425 3.98
      vertex 43.2639 142.575 3.98
      vertex 43.3256 142.483 3.98
    endloop
  endfacet
  facet normal -0 0 1
    outer loop
      vertex 43.2147 143.325 3.98
      vertex 43.2639 142.575 3.98
      vertex 43.2639 143.425 3.98
    endloop
  endfacet
  facet normal 0 0 1
    outer loop
      vertex 43.2147 143.325 3.98
      vertex 43.2147 142.675 3.98
      vertex 43.2639 142.575 3.98
    endloop
  endfacet
  facet normal -0 0 1
    outer loop
      vertex 43.179 143.22 3.98
      vertex 43.2147 142.675 3.98
      vertex 43.2147 143.325 3.98
    endloop
  endfacet
  facet normal 0 0 1
    outer loop
      vertex 43.179 143.22 3.98
      vertex 43.179 142.78 3.98
      vertex 43.2147 142.675 3.98
    endloop
  endfacet
  facet normal -0 0 1
    outer loop
      vertex 43.1573 143.111 3.98
      vertex 43.179 142.78 3.98
      vertex 43.179 143.22 3.98
    endloop
  endfacet
  facet normal 0 0 1
    outer loop
      vertex 43.1573 143.111 3.98
      vertex 43.1573 142.889 3.98
      vertex 43.179 142.78 3.98
    endloop
  endfacet
  facet normal 0 -0 1
    outer loop
      vertex 43.1573 142.889 3.98
      vertex 43.1573 143.111 3.98
      vertex 43.15 143 3.98
    endloop
  endfacet
  facet normal -0.657739 0.753246 0
    outer loop
      vertex 44.601 142.399 3.98
      vertex 44.5174 142.326 9
      vertex 44.601 142.399 9
    endloop
  endfacet
  facet normal -0.657739 0.753246 0
    outer loop
      vertex 44.5174 142.326 9
      vertex 44.601 142.399 3.98
      vertex 44.5174 142.326 3.98
    endloop
  endfacet
  facet normal -0.0629946 0.998014 0
    outer loop
      vertex 44.1109 142.157 3.98
      vertex 44 142.15 9
      vertex 44.1109 142.157 9
    endloop
  endfacet
  facet normal -0.0629946 0.998014 0
    outer loop
      vertex 44 142.15 9
      vertex 44.1109 142.157 3.98
      vertex 44 142.15 3.98
    endloop
  endfacet
  facet normal 0.557186 0.830387 -0
    outer loop
      vertex 43.575 142.264 3.98
      vertex 43.4826 142.326 9
      vertex 43.575 142.264 9
    endloop
  endfacet
  facet normal 0.557186 0.830387 0
    outer loop
      vertex 43.4826 142.326 9
      vertex 43.575 142.264 3.98
      vertex 43.4826 142.326 3.98
    endloop
  endfacet
  facet normal 0.657739 0.753246 -0
    outer loop
      vertex 43.4826 142.326 3.98
      vertex 43.399 142.399 9
      vertex 43.4826 142.326 9
    endloop
  endfacet
  facet normal 0.657739 0.753246 0
    outer loop
      vertex 43.399 142.399 9
      vertex 43.4826 142.326 3.98
      vertex 43.399 142.399 3.98
    endloop
  endfacet
  facet normal 0.830519 0.55699 0
    outer loop
      vertex 43.3256 142.483 9
      vertex 43.2639 142.575 3.98
      vertex 43.2639 142.575 9
    endloop
  endfacet
  facet normal 0.830519 0.55699 0
    outer loop
      vertex 43.2639 142.575 3.98
      vertex 43.3256 142.483 9
      vertex 43.3256 142.483 3.98
    endloop
  endfacet
  facet normal 0.89728 0.441462 0
    outer loop
      vertex 43.2639 142.575 9
      vertex 43.2147 142.675 3.98
      vertex 43.2147 142.675 9
    endloop
  endfacet
  facet normal 0.89728 0.441462 0
    outer loop
      vertex 43.2147 142.675 3.98
      vertex 43.2639 142.575 9
      vertex 43.2639 142.575 3.98
    endloop
  endfacet
  facet normal -0.753021 0.657997 0
    outer loop
      vertex 44.601 142.399 3.98
      vertex 44.6744 142.483 9
      vertex 44.6744 142.483 3.98
    endloop
  endfacet
  facet normal -0.753021 0.657997 0
    outer loop
      vertex 44.6744 142.483 9
      vertex 44.601 142.399 3.98
      vertex 44.601 142.399 9
    endloop
  endfacet
  facet normal 0.441082 0.897467 -0
    outer loop
      vertex 43.6747 142.215 3.98
      vertex 43.575 142.264 9
      vertex 43.6747 142.215 9
    endloop
  endfacet
  facet normal 0.441082 0.897467 0
    outer loop
      vertex 43.575 142.264 9
      vertex 43.6747 142.215 3.98
      vertex 43.575 142.264 3.98
    endloop
  endfacet
  facet normal 0.997867 0.0652871 0
    outer loop
      vertex 77.5 143 9
      vertex 77.4701 143.457 3
      vertex 77.4701 143.457 9
    endloop
  endfacet
  facet normal 0.997867 0.0652871 0
    outer loop
      vertex 77.4701 143.457 3
      vertex 77.5 143 9
      vertex 77.5 143 3
    endloop
  endfacet
  facet normal -0.997867 0.0652871 0
    outer loop
      vertex 70.5 143 3
      vertex 70.5299 143.457 9
      vertex 70.5299 143.457 3
    endloop
  endfacet
  facet normal -0.997867 0.0652871 0
    outer loop
      vertex 70.5299 143.457 9
      vertex 70.5 143 3
      vertex 70.5 143 9
    endloop
  endfacet
  facet normal 0.0655331 0.99785 -0
    outer loop
      vertex 74.4568 146.47 3
      vertex 74 146.5 9
      vertex 74.4568 146.47 9
    endloop
  endfacet
  facet normal 0.0655331 0.99785 0
    outer loop
      vertex 74 146.5 9
      vertex 74.4568 146.47 3
      vertex 74 146.5 3
    endloop
  endfacet
  facet normal 0.75171 0.659494 0
    outer loop
      vertex 76.7767 145.131 9
      vertex 76.4749 145.475 3
      vertex 76.4749 145.475 9
    endloop
  endfacet
  facet normal 0.75171 0.659494 0
    outer loop
      vertex 76.4749 145.475 3
      vertex 76.7767 145.131 9
      vertex 76.7767 145.131 3
    endloop
  endfacet
  facet normal -0.659524 0.751683 0
    outer loop
      vertex 71.8693 145.777 3
      vertex 71.5251 145.475 9
      vertex 71.8693 145.777 9
    endloop
  endfacet
  facet normal -0.659524 0.751683 0
    outer loop
      vertex 71.5251 145.475 9
      vertex 71.8693 145.777 3
      vertex 71.5251 145.475 3
    endloop
  endfacet
  facet normal -0.321139 0.947032 0
    outer loop
      vertex 73.0941 146.381 3
      vertex 72.6606 146.234 9
      vertex 73.0941 146.381 9
    endloop
  endfacet
  facet normal -0.321139 0.947032 0
    outer loop
      vertex 72.6606 146.234 9
      vertex 73.0941 146.381 3
      vertex 72.6606 146.234 3
    endloop
  endfacet
  facet normal -0.831647 -0.555305 0
    outer loop
      vertex 71.2233 140.869 3
      vertex 70.9689 141.25 9
      vertex 70.9689 141.25 3
    endloop
  endfacet
  facet normal -0.831647 -0.555305 0
    outer loop
      vertex 70.9689 141.25 9
      vertex 71.2233 140.869 3
      vertex 71.2233 140.869 9
    endloop
  endfacet
  facet normal 0.946853 0.321668 0
    outer loop
      vertex 77.3807 143.906 9
      vertex 77.2336 144.339 3
      vertex 77.2336 144.339 9
    endloop
  endfacet
  facet normal 0.946853 0.321668 0
    outer loop
      vertex 77.2336 144.339 3
      vertex 77.3807 143.906 9
      vertex 77.3807 143.906 3
    endloop
  endfacet
  facet normal 0.980748 0.195276 0
    outer loop
      vertex 77.4701 143.457 9
      vertex 77.3807 143.906 3
      vertex 77.3807 143.906 9
    endloop
  endfacet
  facet normal 0.980748 0.195276 0
    outer loop
      vertex 77.3807 143.906 3
      vertex 77.4701 143.457 9
      vertex 77.4701 143.457 3
    endloop
  endfacet
  facet normal 0.831647 0.555305 0
    outer loop
      vertex 77.0311 144.75 9
      vertex 76.7767 145.131 3
      vertex 76.7767 145.131 9
    endloop
  endfacet
  facet normal 0.831647 0.555305 0
    outer loop
      vertex 76.7767 145.131 3
      vertex 77.0311 144.75 9
      vertex 77.0311 144.75 3
    endloop
  endfacet
  facet normal 0.443192 0.896427 -0
    outer loop
      vertex 75.75 146.031 3
      vertex 75.3394 146.234 9
      vertex 75.75 146.031 9
    endloop
  endfacet
  facet normal 0.443192 0.896427 0
    outer loop
      vertex 75.3394 146.234 9
      vertex 75.75 146.031 3
      vertex 75.3394 146.234 3
    endloop
  endfacet
  facet normal 0.321139 0.947032 -0
    outer loop
      vertex 75.3394 146.234 3
      vertex 74.9059 146.381 9
      vertex 75.3394 146.234 9
    endloop
  endfacet
  facet normal 0.321139 0.947032 0
    outer loop
      vertex 74.9059 146.381 9
      vertex 75.3394 146.234 3
      vertex 74.9059 146.381 3
    endloop
  endfacet
  facet normal 0.659524 0.751683 -0
    outer loop
      vertex 76.4749 145.475 3
      vertex 76.1307 145.777 9
      vertex 76.4749 145.475 9
    endloop
  endfacet
  facet normal 0.659524 0.751683 0
    outer loop
      vertex 76.1307 145.777 9
      vertex 76.4749 145.475 3
      vertex 76.1307 145.777 3
    endloop
  endfacet
  facet normal -0.897031 0.441968 0
    outer loop
      vertex 70.7664 144.339 3
      vertex 70.9689 144.75 9
      vertex 70.9689 144.75 3
    endloop
  endfacet
  facet normal -0.897031 0.441968 0
    outer loop
      vertex 70.9689 144.75 9
      vertex 70.7664 144.339 3
      vertex 70.7664 144.339 9
    endloop
  endfacet
  facet normal -0.831647 0.555305 0
    outer loop
      vertex 70.9689 144.75 3
      vertex 71.2233 145.131 9
      vertex 71.2233 145.131 3
    endloop
  endfacet
  facet normal -0.831647 0.555305 0
    outer loop
      vertex 71.2233 145.131 9
      vertex 70.9689 144.75 3
      vertex 70.9689 144.75 9
    endloop
  endfacet
  facet normal -0.946853 0.321668 0
    outer loop
      vertex 70.6193 143.906 3
      vertex 70.7664 144.339 9
      vertex 70.7664 144.339 3
    endloop
  endfacet
  facet normal -0.946853 0.321668 0
    outer loop
      vertex 70.7664 144.339 9
      vertex 70.6193 143.906 3
      vertex 70.6193 143.906 9
    endloop
  endfacet
  facet normal -0.443192 0.896427 0
    outer loop
      vertex 72.6606 146.234 3
      vertex 72.25 146.031 9
      vertex 72.6606 146.234 9
    endloop
  endfacet
  facet normal -0.443192 0.896427 0
    outer loop
      vertex 72.25 146.031 9
      vertex 72.6606 146.234 3
      vertex 72.25 146.031 3
    endloop
  endfacet
  facet normal -0.0655331 0.99785 0
    outer loop
      vertex 74 146.5 3
      vertex 73.5432 146.47 9
      vertex 74 146.5 9
    endloop
  endfacet
  facet normal -0.0655331 0.99785 0
    outer loop
      vertex 73.5432 146.47 9
      vertex 74 146.5 3
      vertex 73.5432 146.47 3
    endloop
  endfacet
  facet normal 0.659524 -0.751683 0
    outer loop
      vertex 76.1307 140.223 3
      vertex 76.4749 140.525 9
      vertex 76.1307 140.223 9
    endloop
  endfacet
  facet normal 0.659524 -0.751683 0
    outer loop
      vertex 76.4749 140.525 9
      vertex 76.1307 140.223 3
      vertex 76.4749 140.525 3
    endloop
  endfacet
  facet normal 0.443192 -0.896427 0
    outer loop
      vertex 75.3394 139.766 3
      vertex 75.75 139.969 9
      vertex 75.3394 139.766 9
    endloop
  endfacet
  facet normal 0.443192 -0.896427 0
    outer loop
      vertex 75.75 139.969 9
      vertex 75.3394 139.766 3
      vertex 75.75 139.969 3
    endloop
  endfacet
  facet normal -0.321139 -0.947032 0
    outer loop
      vertex 72.6606 139.766 3
      vertex 73.0941 139.619 9
      vertex 72.6606 139.766 9
    endloop
  endfacet
  facet normal -0.321139 -0.947032 -0
    outer loop
      vertex 73.0941 139.619 9
      vertex 72.6606 139.766 3
      vertex 73.0941 139.619 3
    endloop
  endfacet
  facet normal -0.980748 -0.195276 0
    outer loop
      vertex 70.6193 142.094 3
      vertex 70.5299 142.543 9
      vertex 70.5299 142.543 3
    endloop
  endfacet
  facet normal -0.980748 -0.195276 0
    outer loop
      vertex 70.5299 142.543 9
      vertex 70.6193 142.094 3
      vertex 70.6193 142.094 9
    endloop
  endfacet
  facet normal -0.897031 -0.441968 0
    outer loop
      vertex 70.9689 141.25 3
      vertex 70.7664 141.661 9
      vertex 70.7664 141.661 3
    endloop
  endfacet
  facet normal -0.897031 -0.441968 0
    outer loop
      vertex 70.7664 141.661 9
      vertex 70.9689 141.25 3
      vertex 70.9689 141.25 9
    endloop
  endfacet
  facet normal 0.897031 0.441968 0
    outer loop
      vertex 77.2336 144.339 9
      vertex 77.0311 144.75 3
      vertex 77.0311 144.75 9
    endloop
  endfacet
  facet normal 0.897031 0.441968 0
    outer loop
      vertex 77.0311 144.75 3
      vertex 77.2336 144.339 9
      vertex 77.2336 144.339 3
    endloop
  endfacet
  facet normal 0.555003 0.831849 -0
    outer loop
      vertex 76.1307 145.777 3
      vertex 75.75 146.031 9
      vertex 76.1307 145.777 9
    endloop
  endfacet
  facet normal 0.555003 0.831849 0
    outer loop
      vertex 75.75 146.031 9
      vertex 76.1307 145.777 3
      vertex 75.75 146.031 3
    endloop
  endfacet
  facet normal -0.194394 0.980924 0
    outer loop
      vertex 73.5432 146.47 3
      vertex 73.0941 146.381 9
      vertex 73.5432 146.47 9
    endloop
  endfacet
  facet normal -0.194394 0.980924 0
    outer loop
      vertex 73.0941 146.381 9
      vertex 73.5432 146.47 3
      vertex 73.0941 146.381 3
    endloop
  endfacet
  facet normal 0.321139 -0.947032 0
    outer loop
      vertex 74.9059 139.619 3
      vertex 75.3394 139.766 9
      vertex 74.9059 139.619 9
    endloop
  endfacet
  facet normal 0.321139 -0.947032 0
    outer loop
      vertex 75.3394 139.766 9
      vertex 74.9059 139.619 3
      vertex 75.3394 139.766 3
    endloop
  endfacet
  facet normal 0.0655331 -0.99785 0
    outer loop
      vertex 74 139.5 3
      vertex 74.4568 139.53 9
      vertex 74 139.5 9
    endloop
  endfacet
  facet normal 0.0655331 -0.99785 0
    outer loop
      vertex 74.4568 139.53 9
      vertex 74 139.5 3
      vertex 74.4568 139.53 3
    endloop
  endfacet
  facet normal 0.194394 -0.980924 0
    outer loop
      vertex 74.4568 139.53 3
      vertex 74.9059 139.619 9
      vertex 74.4568 139.53 9
    endloop
  endfacet
  facet normal 0.194394 -0.980924 0
    outer loop
      vertex 74.9059 139.619 9
      vertex 74.4568 139.53 3
      vertex 74.9059 139.619 3
    endloop
  endfacet
  facet normal 0.555003 -0.831849 0
    outer loop
      vertex 75.75 139.969 3
      vertex 76.1307 140.223 9
      vertex 75.75 139.969 9
    endloop
  endfacet
  facet normal 0.555003 -0.831849 0
    outer loop
      vertex 76.1307 140.223 9
      vertex 75.75 139.969 3
      vertex 76.1307 140.223 3
    endloop
  endfacet
  facet normal 0.997867 -0.0652871 0
    outer loop
      vertex 77.4701 142.543 9
      vertex 77.5 143 3
      vertex 77.5 143 9
    endloop
  endfacet
  facet normal 0.997867 -0.0652871 0
    outer loop
      vertex 77.5 143 3
      vertex 77.4701 142.543 9
      vertex 77.4701 142.543 3
    endloop
  endfacet
  facet normal 0.831647 -0.555305 0
    outer loop
      vertex 76.7767 140.869 9
      vertex 77.0311 141.25 3
      vertex 77.0311 141.25 9
    endloop
  endfacet
  facet normal 0.831647 -0.555305 0
    outer loop
      vertex 77.0311 141.25 3
      vertex 76.7767 140.869 9
      vertex 76.7767 140.869 3
    endloop
  endfacet
  facet normal 0.75171 -0.659494 0
    outer loop
      vertex 76.4749 140.525 9
      vertex 76.7767 140.869 3
      vertex 76.7767 140.869 9
    endloop
  endfacet
  facet normal 0.75171 -0.659494 0
    outer loop
      vertex 76.7767 140.869 3
      vertex 76.4749 140.525 9
      vertex 76.4749 140.525 3
    endloop
  endfacet
  facet normal -0.194394 -0.980924 0
    outer loop
      vertex 73.0941 139.619 3
      vertex 73.5432 139.53 9
      vertex 73.0941 139.619 9
    endloop
  endfacet
  facet normal -0.194394 -0.980924 -0
    outer loop
      vertex 73.5432 139.53 9
      vertex 73.0941 139.619 3
      vertex 73.5432 139.53 3
    endloop
  endfacet
  facet normal -0.555003 -0.831849 0
    outer loop
      vertex 71.8693 140.223 3
      vertex 72.25 139.969 9
      vertex 71.8693 140.223 9
    endloop
  endfacet
  facet normal -0.555003 -0.831849 -0
    outer loop
      vertex 72.25 139.969 9
      vertex 71.8693 140.223 3
      vertex 72.25 139.969 3
    endloop
  endfacet
  facet normal -0.659524 -0.751683 0
    outer loop
      vertex 71.5251 140.525 3
      vertex 71.8693 140.223 9
      vertex 71.5251 140.525 9
    endloop
  endfacet
  facet normal -0.659524 -0.751683 -0
    outer loop
      vertex 71.8693 140.223 9
      vertex 71.5251 140.525 3
      vertex 71.8693 140.223 3
    endloop
  endfacet
  facet normal -0.443192 -0.896427 0
    outer loop
      vertex 72.25 139.969 3
      vertex 72.6606 139.766 9
      vertex 72.25 139.969 9
    endloop
  endfacet
  facet normal -0.443192 -0.896427 -0
    outer loop
      vertex 72.6606 139.766 9
      vertex 72.25 139.969 3
      vertex 72.6606 139.766 3
    endloop
  endfacet
  facet normal -0.0655331 -0.99785 0
    outer loop
      vertex 73.5432 139.53 3
      vertex 74 139.5 9
      vertex 73.5432 139.53 9
    endloop
  endfacet
  facet normal -0.0655331 -0.99785 -0
    outer loop
      vertex 74 139.5 9
      vertex 73.5432 139.53 3
      vertex 74 139.5 3
    endloop
  endfacet
  facet normal -0.75171 -0.659494 0
    outer loop
      vertex 71.5251 140.525 3
      vertex 71.2233 140.869 9
      vertex 71.2233 140.869 3
    endloop
  endfacet
  facet normal -0.75171 -0.659494 0
    outer loop
      vertex 71.2233 140.869 9
      vertex 71.5251 140.525 3
      vertex 71.5251 140.525 9
    endloop
  endfacet
  facet normal -0.946853 -0.321668 0
    outer loop
      vertex 70.7664 141.661 3
      vertex 70.6193 142.094 9
      vertex 70.6193 142.094 3
    endloop
  endfacet
  facet normal -0.946853 -0.321668 0
    outer loop
      vertex 70.6193 142.094 9
      vertex 70.7664 141.661 3
      vertex 70.7664 141.661 9
    endloop
  endfacet
  facet normal -0.997867 -0.0652871 0
    outer loop
      vertex 70.5299 142.543 3
      vertex 70.5 143 9
      vertex 70.5 143 3
    endloop
  endfacet
  facet normal -0.997867 -0.0652871 0
    outer loop
      vertex 70.5 143 9
      vertex 70.5299 142.543 3
      vertex 70.5299 142.543 9
    endloop
  endfacet
  facet normal 0.194394 0.980924 -0
    outer loop
      vertex 74.9059 146.381 3
      vertex 74.4568 146.47 9
      vertex 74.9059 146.381 9
    endloop
  endfacet
  facet normal 0.194394 0.980924 0
    outer loop
      vertex 74.4568 146.47 9
      vertex 74.9059 146.381 3
      vertex 74.4568 146.47 3
    endloop
  endfacet
  facet normal -0.75171 0.659494 0
    outer loop
      vertex 71.2233 145.131 3
      vertex 71.5251 145.475 9
      vertex 71.5251 145.475 3
    endloop
  endfacet
  facet normal -0.75171 0.659494 0
    outer loop
      vertex 71.5251 145.475 9
      vertex 71.2233 145.131 3
      vertex 71.2233 145.131 9
    endloop
  endfacet
  facet normal 0 0 1
    outer loop
      vertex 74.85 143 9
      vertex 77.5 143 9
      vertex 77.4701 143.457 9
    endloop
  endfacet
  facet normal 0 0 1
    outer loop
      vertex 74.8427 143.111 9
      vertex 77.4701 143.457 9
      vertex 77.3807 143.906 9
    endloop
  endfacet
  facet normal 0 0 1
    outer loop
      vertex 77.5 143 9
      vertex 74.85 143 9
      vertex 77.4701 142.543 9
    endloop
  endfacet
  facet normal 0 0 1
    outer loop
      vertex 74.821 143.22 9
      vertex 77.3807 143.906 9
      vertex 77.2336 144.339 9
    endloop
  endfacet
  facet normal -0 0 1
    outer loop
      vertex 74.8427 142.889 9
      vertex 77.4701 142.543 9
      vertex 74.85 143 9
    endloop
  endfacet
  facet normal 0 0 1
    outer loop
      vertex 74.7853 143.325 9
      vertex 77.2336 144.339 9
      vertex 77.0311 144.75 9
    endloop
  endfacet
  facet normal 0 0 1
    outer loop
      vertex 77.4701 142.543 9
      vertex 74.8427 142.889 9
      vertex 77.3807 142.094 9
    endloop
  endfacet
  facet normal 0 0 1
    outer loop
      vertex 74.7361 143.425 9
      vertex 77.0311 144.75 9
      vertex 76.7767 145.131 9
    endloop
  endfacet
  facet normal -0 0 1
    outer loop
      vertex 74.821 142.78 9
      vertex 77.3807 142.094 9
      vertex 74.8427 142.889 9
    endloop
  endfacet
  facet normal 0 0 1
    outer loop
      vertex 74.6743 143.517 9
      vertex 76.7767 145.131 9
      vertex 76.4749 145.475 9
    endloop
  endfacet
  facet normal 0 0 1
    outer loop
      vertex 77.3807 142.094 9
      vertex 74.821 142.78 9
      vertex 77.2336 141.661 9
    endloop
  endfacet
  facet normal 0 0 1
    outer loop
      vertex 74.601 143.601 9
      vertex 76.4749 145.475 9
      vertex 76.1307 145.777 9
    endloop
  endfacet
  facet normal -0 0 1
    outer loop
      vertex 74.7853 142.675 9
      vertex 77.2336 141.661 9
      vertex 74.821 142.78 9
    endloop
  endfacet
  facet normal 0 0 1
    outer loop
      vertex 74.5174 143.674 9
      vertex 76.1307 145.777 9
      vertex 75.75 146.031 9
    endloop
  endfacet
  facet normal 0 0 1
    outer loop
      vertex 77.2336 141.661 9
      vertex 74.7853 142.675 9
      vertex 77.0311 141.25 9
    endloop
  endfacet
  facet normal 0 0 1
    outer loop
      vertex 74.425 143.736 9
      vertex 75.75 146.031 9
      vertex 75.3394 146.234 9
    endloop
  endfacet
  facet normal -0 0 1
    outer loop
      vertex 74.7361 142.575 9
      vertex 77.0311 141.25 9
      vertex 74.7853 142.675 9
    endloop
  endfacet
  facet normal 0 0 1
    outer loop
      vertex 74.3253 143.785 9
      vertex 75.3394 146.234 9
      vertex 74.9059 146.381 9
    endloop
  endfacet
  facet normal 0 0 1
    outer loop
      vertex 77.0311 141.25 9
      vertex 74.7361 142.575 9
      vertex 76.7767 140.869 9
    endloop
  endfacet
  facet normal -0 0 1
    outer loop
      vertex 74.6743 142.483 9
      vertex 76.7767 140.869 9
      vertex 74.7361 142.575 9
    endloop
  endfacet
  facet normal 0 0 1
    outer loop
      vertex 77.4701 143.457 9
      vertex 74.8427 143.111 9
      vertex 74.85 143 9
    endloop
  endfacet
  facet normal 0 0 1
    outer loop
      vertex 77.3807 143.906 9
      vertex 74.821 143.22 9
      vertex 74.8427 143.111 9
    endloop
  endfacet
  facet normal 0 0 1
    outer loop
      vertex 77.2336 144.339 9
      vertex 74.7853 143.325 9
      vertex 74.821 143.22 9
    endloop
  endfacet
  facet normal 0 0 1
    outer loop
      vertex 77.0311 144.75 9
      vertex 74.7361 143.425 9
      vertex 74.7853 143.325 9
    endloop
  endfacet
  facet normal 0 0 1
    outer loop
      vertex 76.7767 145.131 9
      vertex 74.6743 143.517 9
      vertex 74.7361 143.425 9
    endloop
  endfacet
  facet normal 0 0 1
    outer loop
      vertex 76.4749 145.475 9
      vertex 74.601 143.601 9
      vertex 74.6743 143.517 9
    endloop
  endfacet
  facet normal 0 0 1
    outer loop
      vertex 76.1307 145.777 9
      vertex 74.5174 143.674 9
      vertex 74.601 143.601 9
    endloop
  endfacet
  facet normal 0 0 1
    outer loop
      vertex 74.22 143.821 9
      vertex 74.9059 146.381 9
      vertex 74.4568 146.47 9
    endloop
  endfacet
  facet normal 0 0 1
    outer loop
      vertex 75.75 146.031 9
      vertex 74.425 143.736 9
      vertex 74.5174 143.674 9
    endloop
  endfacet
  facet normal 0 0 1
    outer loop
      vertex 75.3394 146.234 9
      vertex 74.3253 143.785 9
      vertex 74.425 143.736 9
    endloop
  endfacet
  facet normal 0 0 1
    outer loop
      vertex 74.9059 146.381 9
      vertex 74.22 143.821 9
      vertex 74.3253 143.785 9
    endloop
  endfacet
  facet normal 0 0 1
    outer loop
      vertex 74.4568 146.47 9
      vertex 74.1109 143.843 9
      vertex 74.22 143.821 9
    endloop
  endfacet
  facet normal 0 0 1
    outer loop
      vertex 74 146.5 9
      vertex 74.1109 143.843 9
      vertex 74.4568 146.47 9
    endloop
  endfacet
  facet normal 0 0 1
    outer loop
      vertex 74 146.5 9
      vertex 74 143.85 9
      vertex 74.1109 143.843 9
    endloop
  endfacet
  facet normal 0 0 1
    outer loop
      vertex 74 146.5 9
      vertex 73.8891 143.843 9
      vertex 74 143.85 9
    endloop
  endfacet
  facet normal -0 0 1
    outer loop
      vertex 73.5432 146.47 9
      vertex 73.8891 143.843 9
      vertex 74 146.5 9
    endloop
  endfacet
  facet normal 0 0 1
    outer loop
      vertex 73.8891 143.843 9
      vertex 73.5432 146.47 9
      vertex 73.78 143.821 9
    endloop
  endfacet
  facet normal -0 0 1
    outer loop
      vertex 73.0941 146.381 9
      vertex 73.78 143.821 9
      vertex 73.5432 146.47 9
    endloop
  endfacet
  facet normal 0 0 1
    outer loop
      vertex 73.78 143.821 9
      vertex 73.0941 146.381 9
      vertex 73.6747 143.785 9
    endloop
  endfacet
  facet normal -0 0 1
    outer loop
      vertex 72.6606 146.234 9
      vertex 73.6747 143.785 9
      vertex 73.0941 146.381 9
    endloop
  endfacet
  facet normal 0 0 1
    outer loop
      vertex 73.6747 143.785 9
      vertex 72.6606 146.234 9
      vertex 73.575 143.736 9
    endloop
  endfacet
  facet normal -0 0 1
    outer loop
      vertex 72.25 146.031 9
      vertex 73.575 143.736 9
      vertex 72.6606 146.234 9
    endloop
  endfacet
  facet normal 0 0 1
    outer loop
      vertex 73.575 143.736 9
      vertex 72.25 146.031 9
      vertex 73.4826 143.674 9
    endloop
  endfacet
  facet normal -0 0 1
    outer loop
      vertex 71.8693 145.777 9
      vertex 73.4826 143.674 9
      vertex 72.25 146.031 9
    endloop
  endfacet
  facet normal 0 0 1
    outer loop
      vertex 73.4826 143.674 9
      vertex 71.8693 145.777 9
      vertex 73.399 143.601 9
    endloop
  endfacet
  facet normal -0 0 1
    outer loop
      vertex 71.5251 145.475 9
      vertex 73.399 143.601 9
      vertex 71.8693 145.777 9
    endloop
  endfacet
  facet normal -0 0 1
    outer loop
      vertex 71.2233 145.131 9
      vertex 73.3257 143.517 9
      vertex 71.5251 145.475 9
    endloop
  endfacet
  facet normal 0 0 1
    outer loop
      vertex 73.399 143.601 9
      vertex 71.5251 145.475 9
      vertex 73.3257 143.517 9
    endloop
  endfacet
  facet normal 0 0 1
    outer loop
      vertex 76.7767 140.869 9
      vertex 74.6743 142.483 9
      vertex 76.4749 140.525 9
    endloop
  endfacet
  facet normal -0 0 1
    outer loop
      vertex 74.601 142.399 9
      vertex 76.4749 140.525 9
      vertex 74.6743 142.483 9
    endloop
  endfacet
  facet normal 0 0 1
    outer loop
      vertex 76.4749 140.525 9
      vertex 74.601 142.399 9
      vertex 76.1307 140.223 9
    endloop
  endfacet
  facet normal -0 0 1
    outer loop
      vertex 74.5174 142.326 9
      vertex 76.1307 140.223 9
      vertex 74.601 142.399 9
    endloop
  endfacet
  facet normal 0 0 1
    outer loop
      vertex 76.1307 140.223 9
      vertex 74.5174 142.326 9
      vertex 75.75 139.969 9
    endloop
  endfacet
  facet normal -0 0 1
    outer loop
      vertex 74.425 142.264 9
      vertex 75.75 139.969 9
      vertex 74.5174 142.326 9
    endloop
  endfacet
  facet normal 0 0 1
    outer loop
      vertex 75.75 139.969 9
      vertex 74.425 142.264 9
      vertex 75.3394 139.766 9
    endloop
  endfacet
  facet normal -0 0 1
    outer loop
      vertex 74.3253 142.215 9
      vertex 75.3394 139.766 9
      vertex 74.425 142.264 9
    endloop
  endfacet
  facet normal 0 0 1
    outer loop
      vertex 75.3394 139.766 9
      vertex 74.3253 142.215 9
      vertex 74.9059 139.619 9
    endloop
  endfacet
  facet normal -0 0 1
    outer loop
      vertex 74.22 142.179 9
      vertex 74.9059 139.619 9
      vertex 74.3253 142.215 9
    endloop
  endfacet
  facet normal 0 0 1
    outer loop
      vertex 74.9059 139.619 9
      vertex 74.22 142.179 9
      vertex 74.4568 139.53 9
    endloop
  endfacet
  facet normal -0 0 1
    outer loop
      vertex 74.1109 142.157 9
      vertex 74.4568 139.53 9
      vertex 74.22 142.179 9
    endloop
  endfacet
  facet normal -0 0 1
    outer loop
      vertex 74 142.15 9
      vertex 74.4568 139.53 9
      vertex 74.1109 142.157 9
    endloop
  endfacet
  facet normal 0 0 1
    outer loop
      vertex 74 142.15 9
      vertex 74 139.5 9
      vertex 74.4568 139.53 9
    endloop
  endfacet
  facet normal 0 0 1
    outer loop
      vertex 73.8891 142.157 9
      vertex 74 139.5 9
      vertex 74 142.15 9
    endloop
  endfacet
  facet normal 0 0 1
    outer loop
      vertex 73.5432 139.53 9
      vertex 73.8891 142.157 9
      vertex 73.78 142.179 9
    endloop
  endfacet
  facet normal 0 0 1
    outer loop
      vertex 73.0941 139.619 9
      vertex 73.78 142.179 9
      vertex 73.6747 142.215 9
    endloop
  endfacet
  facet normal 0 0 1
    outer loop
      vertex 72.6606 139.766 9
      vertex 73.6747 142.215 9
      vertex 73.575 142.264 9
    endloop
  endfacet
  facet normal 0 0 1
    outer loop
      vertex 73.8891 142.157 9
      vertex 73.5432 139.53 9
      vertex 74 139.5 9
    endloop
  endfacet
  facet normal 0 0 1
    outer loop
      vertex 72.25 139.969 9
      vertex 73.575 142.264 9
      vertex 73.4826 142.326 9
    endloop
  endfacet
  facet normal 0 0 1
    outer loop
      vertex 71.8693 140.223 9
      vertex 73.4826 142.326 9
      vertex 73.399 142.399 9
    endloop
  endfacet
  facet normal 0 0 1
    outer loop
      vertex 71.5251 140.525 9
      vertex 73.399 142.399 9
      vertex 73.3257 142.483 9
    endloop
  endfacet
  facet normal 0 0 1
    outer loop
      vertex 71.2233 140.869 9
      vertex 73.3257 142.483 9
      vertex 73.2639 142.575 9
    endloop
  endfacet
  facet normal 0 0 1
    outer loop
      vertex 70.9689 141.25 9
      vertex 73.2639 142.575 9
      vertex 73.2147 142.675 9
    endloop
  endfacet
  facet normal 0 0 1
    outer loop
      vertex 70.7664 141.661 9
      vertex 73.2147 142.675 9
      vertex 73.179 142.78 9
    endloop
  endfacet
  facet normal 0 0 1
    outer loop
      vertex 70.6193 142.094 9
      vertex 73.179 142.78 9
      vertex 73.1573 142.889 9
    endloop
  endfacet
  facet normal 0 0 1
    outer loop
      vertex 73.78 142.179 9
      vertex 73.0941 139.619 9
      vertex 73.5432 139.53 9
    endloop
  endfacet
  facet normal 0 0 1
    outer loop
      vertex 70.5299 142.543 9
      vertex 73.1573 142.889 9
      vertex 73.15 143 9
    endloop
  endfacet
  facet normal 0 0 1
    outer loop
      vertex 73.3257 143.517 9
      vertex 71.2233 145.131 9
      vertex 73.2639 143.425 9
    endloop
  endfacet
  facet normal -0 0 1
    outer loop
      vertex 70.9689 144.75 9
      vertex 73.2639 143.425 9
      vertex 71.2233 145.131 9
    endloop
  endfacet
  facet normal 0 0 1
    outer loop
      vertex 73.6747 142.215 9
      vertex 72.6606 139.766 9
      vertex 73.0941 139.619 9
    endloop
  endfacet
  facet normal 0 0 1
    outer loop
      vertex 73.2639 143.425 9
      vertex 70.9689 144.75 9
      vertex 73.2147 143.325 9
    endloop
  endfacet
  facet normal 0 0 1
    outer loop
      vertex 73.575 142.264 9
      vertex 72.25 139.969 9
      vertex 72.6606 139.766 9
    endloop
  endfacet
  facet normal -0 0 1
    outer loop
      vertex 70.7664 144.339 9
      vertex 73.2147 143.325 9
      vertex 70.9689 144.75 9
    endloop
  endfacet
  facet normal 0 0 1
    outer loop
      vertex 73.4826 142.326 9
      vertex 71.8693 140.223 9
      vertex 72.25 139.969 9
    endloop
  endfacet
  facet normal 0 0 1
    outer loop
      vertex 73.2147 143.325 9
      vertex 70.7664 144.339 9
      vertex 73.179 143.22 9
    endloop
  endfacet
  facet normal 0 0 1
    outer loop
      vertex 73.399 142.399 9
      vertex 71.5251 140.525 9
      vertex 71.8693 140.223 9
    endloop
  endfacet
  facet normal -0 0 1
    outer loop
      vertex 70.6193 143.906 9
      vertex 73.179 143.22 9
      vertex 70.7664 144.339 9
    endloop
  endfacet
  facet normal 0 0 1
    outer loop
      vertex 73.3257 142.483 9
      vertex 71.2233 140.869 9
      vertex 71.5251 140.525 9
    endloop
  endfacet
  facet normal 0 0 1
    outer loop
      vertex 73.179 143.22 9
      vertex 70.6193 143.906 9
      vertex 73.1573 143.111 9
    endloop
  endfacet
  facet normal 0 0 1
    outer loop
      vertex 73.2639 142.575 9
      vertex 70.9689 141.25 9
      vertex 71.2233 140.869 9
    endloop
  endfacet
  facet normal -0 0 1
    outer loop
      vertex 70.5299 143.457 9
      vertex 73.1573 143.111 9
      vertex 70.6193 143.906 9
    endloop
  endfacet
  facet normal 0 0 1
    outer loop
      vertex 73.2147 142.675 9
      vertex 70.7664 141.661 9
      vertex 70.9689 141.25 9
    endloop
  endfacet
  facet normal 0 0 1
    outer loop
      vertex 73.1573 143.111 9
      vertex 70.5299 143.457 9
      vertex 73.15 143 9
    endloop
  endfacet
  facet normal 0 0 1
    outer loop
      vertex 73.179 142.78 9
      vertex 70.6193 142.094 9
      vertex 70.7664 141.661 9
    endloop
  endfacet
  facet normal 0 0 1
    outer loop
      vertex 70.5 143 9
      vertex 73.15 143 9
      vertex 70.5299 143.457 9
    endloop
  endfacet
  facet normal 0 0 1
    outer loop
      vertex 73.1573 142.889 9
      vertex 70.5299 142.543 9
      vertex 70.6193 142.094 9
    endloop
  endfacet
  facet normal 0 0 1
    outer loop
      vertex 73.15 143 9
      vertex 70.5 143 9
      vertex 70.5299 142.543 9
    endloop
  endfacet
  facet normal -0.980748 0.195276 0
    outer loop
      vertex 70.5299 143.457 3
      vertex 70.6193 143.906 9
      vertex 70.6193 143.906 3
    endloop
  endfacet
  facet normal -0.980748 0.195276 0
    outer loop
      vertex 70.6193 143.906 9
      vertex 70.5299 143.457 3
      vertex 70.5299 143.457 9
    endloop
  endfacet
  facet normal -0.555003 0.831849 0
    outer loop
      vertex 72.25 146.031 3
      vertex 71.8693 145.777 9
      vertex 72.25 146.031 9
    endloop
  endfacet
  facet normal -0.555003 0.831849 0
    outer loop
      vertex 71.8693 145.777 9
      vertex 72.25 146.031 3
      vertex 71.8693 145.777 3
    endloop
  endfacet
  facet normal 0.897031 -0.441968 0
    outer loop
      vertex 77.0311 141.25 9
      vertex 77.2336 141.661 3
      vertex 77.2336 141.661 9
    endloop
  endfacet
  facet normal 0.897031 -0.441968 0
    outer loop
      vertex 77.2336 141.661 3
      vertex 77.0311 141.25 9
      vertex 77.0311 141.25 3
    endloop
  endfacet
  facet normal 0.946853 -0.321668 0
    outer loop
      vertex 77.2336 141.661 9
      vertex 77.3807 142.094 3
      vertex 77.3807 142.094 9
    endloop
  endfacet
  facet normal 0.946853 -0.321668 0
    outer loop
      vertex 77.3807 142.094 3
      vertex 77.2336 141.661 9
      vertex 77.2336 141.661 3
    endloop
  endfacet
  facet normal 0.980748 -0.195276 0
    outer loop
      vertex 77.3807 142.094 9
      vertex 77.4701 142.543 3
      vertex 77.4701 142.543 9
    endloop
  endfacet
  facet normal 0.980748 -0.195276 0
    outer loop
      vertex 77.4701 142.543 3
      vertex 77.3807 142.094 9
      vertex 77.3807 142.094 3
    endloop
  endfacet
  facet normal -0.997844 -0.065624 0
    outer loop
      vertex 74.85 143 3.98
      vertex 74.8427 143.111 9
      vertex 74.8427 143.111 3.98
    endloop
  endfacet
  facet normal -0.997844 -0.065624 0
    outer loop
      vertex 74.8427 143.111 9
      vertex 74.85 143 3.98
      vertex 74.85 143 9
    endloop
  endfacet
  facet normal 0.997844 -0.065624 0
    outer loop
      vertex 73.15 143 9
      vertex 73.1573 143.111 3.98
      vertex 73.1573 143.111 9
    endloop
  endfacet
  facet normal 0.997844 -0.065624 0
    outer loop
      vertex 73.1573 143.111 3.98
      vertex 73.15 143 9
      vertex 73.15 143 3.98
    endloop
  endfacet
  facet normal 0.0629946 -0.998014 0
    outer loop
      vertex 73.8891 143.843 3.98
      vertex 74 143.85 9
      vertex 73.8891 143.843 9
    endloop
  endfacet
  facet normal 0.0629946 -0.998014 0
    outer loop
      vertex 74 143.85 9
      vertex 73.8891 143.843 3.98
      vertex 74 143.85 3.98
    endloop
  endfacet
  facet normal -0.657739 -0.753246 0
    outer loop
      vertex 74.5174 143.674 3.98
      vertex 74.601 143.601 9
      vertex 74.5174 143.674 9
    endloop
  endfacet
  facet normal -0.657739 -0.753246 -0
    outer loop
      vertex 74.601 143.601 9
      vertex 74.5174 143.674 3.98
      vertex 74.601 143.601 3.98
    endloop
  endfacet
  facet normal 0.753465 -0.657488 0
    outer loop
      vertex 73.3257 143.517 9
      vertex 73.399 143.601 3.98
      vertex 73.399 143.601 9
    endloop
  endfacet
  facet normal 0.753465 -0.657488 0
    outer loop
      vertex 73.399 143.601 3.98
      vertex 73.3257 143.517 9
      vertex 73.3257 143.517 3.98
    endloop
  endfacet
  facet normal 0.441082 -0.897467 0
    outer loop
      vertex 73.575 143.736 3.98
      vertex 73.6747 143.785 9
      vertex 73.575 143.736 9
    endloop
  endfacet
  facet normal 0.441082 -0.897467 0
    outer loop
      vertex 73.6747 143.785 9
      vertex 73.575 143.736 3.98
      vertex 73.6747 143.785 3.98
    endloop
  endfacet
  facet normal -0.89728 -0.441462 0
    outer loop
      vertex 74.7853 143.325 3.98
      vertex 74.7361 143.425 9
      vertex 74.7361 143.425 3.98
    endloop
  endfacet
  facet normal -0.89728 -0.441462 0
    outer loop
      vertex 74.7361 143.425 9
      vertex 74.7853 143.325 3.98
      vertex 74.7853 143.325 9
    endloop
  endfacet
  facet normal -0.830102 -0.557612 0
    outer loop
      vertex 74.7361 143.425 3.98
      vertex 74.6743 143.517 9
      vertex 74.6743 143.517 3.98
    endloop
  endfacet
  facet normal -0.830102 -0.557612 0
    outer loop
      vertex 74.6743 143.517 9
      vertex 74.7361 143.425 3.98
      vertex 74.7361 143.425 9
    endloop
  endfacet
  facet normal -0.323497 -0.946229 0
    outer loop
      vertex 74.22 143.821 3.98
      vertex 74.3253 143.785 9
      vertex 74.22 143.821 9
    endloop
  endfacet
  facet normal -0.323497 -0.946229 -0
    outer loop
      vertex 74.3253 143.785 9
      vertex 74.22 143.821 3.98
      vertex 74.3253 143.785 3.98
    endloop
  endfacet
  facet normal -0.197671 -0.980268 0
    outer loop
      vertex 74.1109 143.843 3.98
      vertex 74.22 143.821 9
      vertex 74.1109 143.843 9
    endloop
  endfacet
  facet normal -0.197671 -0.980268 -0
    outer loop
      vertex 74.22 143.821 9
      vertex 74.1109 143.843 3.98
      vertex 74.22 143.821 3.98
    endloop
  endfacet
  facet normal -0.557186 -0.830387 0
    outer loop
      vertex 74.425 143.736 3.98
      vertex 74.5174 143.674 9
      vertex 74.425 143.736 9
    endloop
  endfacet
  facet normal -0.557186 -0.830387 -0
    outer loop
      vertex 74.5174 143.674 9
      vertex 74.425 143.736 3.98
      vertex 74.5174 143.674 3.98
    endloop
  endfacet
  facet normal 0.89728 -0.441462 0
    outer loop
      vertex 73.2147 143.325 9
      vertex 73.2639 143.425 3.98
      vertex 73.2639 143.425 9
    endloop
  endfacet
  facet normal 0.89728 -0.441462 0
    outer loop
      vertex 73.2639 143.425 3.98
      vertex 73.2147 143.325 9
      vertex 73.2147 143.325 3.98
    endloop
  endfacet
  facet normal 0.830102 -0.557612 0
    outer loop
      vertex 73.2639 143.425 9
      vertex 73.3257 143.517 3.98
      vertex 73.3257 143.517 9
    endloop
  endfacet
  facet normal 0.830102 -0.557612 0
    outer loop
      vertex 73.3257 143.517 3.98
      vertex 73.2639 143.425 9
      vertex 73.2639 143.425 3.98
    endloop
  endfacet
  facet normal 0.980753 -0.195251 0
    outer loop
      vertex 73.1573 143.111 9
      vertex 73.179 143.22 3.98
      vertex 73.179 143.22 9
    endloop
  endfacet
  facet normal 0.980753 -0.195251 0
    outer loop
      vertex 73.179 143.22 3.98
      vertex 73.1573 143.111 9
      vertex 73.1573 143.111 3.98
    endloop
  endfacet
  facet normal 0.557186 -0.830387 0
    outer loop
      vertex 73.4826 143.674 3.98
      vertex 73.575 143.736 9
      vertex 73.4826 143.674 9
    endloop
  endfacet
  facet normal 0.557186 -0.830387 0
    outer loop
      vertex 73.575 143.736 9
      vertex 73.4826 143.674 3.98
      vertex 73.575 143.736 3.98
    endloop
  endfacet
  facet normal 0.197671 -0.980268 0
    outer loop
      vertex 73.78 143.821 3.98
      vertex 73.8891 143.843 9
      vertex 73.78 143.821 9
    endloop
  endfacet
  facet normal 0.197671 -0.980268 0
    outer loop
      vertex 73.8891 143.843 9
      vertex 73.78 143.821 3.98
      vertex 73.8891 143.843 3.98
    endloop
  endfacet
  facet normal -0.830102 0.557612 0
    outer loop
      vertex 74.6743 142.483 3.98
      vertex 74.7361 142.575 9
      vertex 74.7361 142.575 3.98
    endloop
  endfacet
  facet normal -0.830102 0.557612 0
    outer loop
      vertex 74.7361 142.575 9
      vertex 74.6743 142.483 3.98
      vertex 74.6743 142.483 9
    endloop
  endfacet
  facet normal 0.197671 0.980268 -0
    outer loop
      vertex 73.8891 142.157 3.98
      vertex 73.78 142.179 9
      vertex 73.8891 142.157 9
    endloop
  endfacet
  facet normal 0.197671 0.980268 0
    outer loop
      vertex 73.78 142.179 9
      vertex 73.8891 142.157 3.98
      vertex 73.78 142.179 3.98
    endloop
  endfacet
  facet normal -0.197671 0.980268 0
    outer loop
      vertex 74.22 142.179 3.98
      vertex 74.1109 142.157 9
      vertex 74.22 142.179 9
    endloop
  endfacet
  facet normal -0.197671 0.980268 0
    outer loop
      vertex 74.1109 142.157 9
      vertex 74.22 142.179 3.98
      vertex 74.1109 142.157 3.98
    endloop
  endfacet
  facet normal -0.946773 -0.321903 0
    outer loop
      vertex 74.821 143.22 3.98
      vertex 74.7853 143.325 9
      vertex 74.7853 143.325 3.98
    endloop
  endfacet
  facet normal -0.946773 -0.321903 0
    outer loop
      vertex 74.7853 143.325 9
      vertex 74.821 143.22 3.98
      vertex 74.821 143.22 9
    endloop
  endfacet
  facet normal -0.980753 -0.195251 0
    outer loop
      vertex 74.8427 143.111 3.98
      vertex 74.821 143.22 9
      vertex 74.821 143.22 3.98
    endloop
  endfacet
  facet normal -0.980753 -0.195251 0
    outer loop
      vertex 74.821 143.22 9
      vertex 74.8427 143.111 3.98
      vertex 74.8427 143.111 9
    endloop
  endfacet
  facet normal -0.753465 -0.657488 0
    outer loop
      vertex 74.6743 143.517 3.98
      vertex 74.601 143.601 9
      vertex 74.601 143.601 3.98
    endloop
  endfacet
  facet normal -0.753465 -0.657488 0
    outer loop
      vertex 74.601 143.601 9
      vertex 74.6743 143.517 3.98
      vertex 74.6743 143.517 9
    endloop
  endfacet
  facet normal -0.0629946 -0.998014 0
    outer loop
      vertex 74 143.85 3.98
      vertex 74.1109 143.843 9
      vertex 74 143.85 9
    endloop
  endfacet
  facet normal -0.0629946 -0.998014 -0
    outer loop
      vertex 74.1109 143.843 9
      vertex 74 143.85 3.98
      vertex 74.1109 143.843 3.98
    endloop
  endfacet
  facet normal -0.441082 -0.897467 0
    outer loop
      vertex 74.3253 143.785 3.98
      vertex 74.425 143.736 9
      vertex 74.3253 143.785 9
    endloop
  endfacet
  facet normal -0.441082 -0.897467 -0
    outer loop
      vertex 74.425 143.736 9
      vertex 74.3253 143.785 3.98
      vertex 74.425 143.736 3.98
    endloop
  endfacet
  facet normal 0.946773 -0.321903 0
    outer loop
      vertex 73.179 143.22 9
      vertex 73.2147 143.325 3.98
      vertex 73.2147 143.325 9
    endloop
  endfacet
  facet normal 0.946773 -0.321903 0
    outer loop
      vertex 73.2147 143.325 3.98
      vertex 73.179 143.22 9
      vertex 73.179 143.22 3.98
    endloop
  endfacet
  facet normal 0.657739 -0.753246 0
    outer loop
      vertex 73.399 143.601 3.98
      vertex 73.4826 143.674 9
      vertex 73.399 143.601 9
    endloop
  endfacet
  facet normal 0.657739 -0.753246 0
    outer loop
      vertex 73.4826 143.674 9
      vertex 73.399 143.601 3.98
      vertex 73.4826 143.674 3.98
    endloop
  endfacet
  facet normal 0.323497 -0.946229 0
    outer loop
      vertex 73.6747 143.785 3.98
      vertex 73.78 143.821 9
      vertex 73.6747 143.785 9
    endloop
  endfacet
  facet normal 0.323497 -0.946229 0
    outer loop
      vertex 73.78 143.821 9
      vertex 73.6747 143.785 3.98
      vertex 73.78 143.821 3.98
    endloop
  endfacet
  facet normal -0.557186 0.830387 0
    outer loop
      vertex 74.5174 142.326 3.98
      vertex 74.425 142.264 9
      vertex 74.5174 142.326 9
    endloop
  endfacet
  facet normal -0.557186 0.830387 0
    outer loop
      vertex 74.425 142.264 9
      vertex 74.5174 142.326 3.98
      vertex 74.425 142.264 3.98
    endloop
  endfacet
  facet normal -0.946773 0.321903 0
    outer loop
      vertex 74.7853 142.675 3.98
      vertex 74.821 142.78 9
      vertex 74.821 142.78 3.98
    endloop
  endfacet
  facet normal -0.946773 0.321903 0
    outer loop
      vertex 74.821 142.78 9
      vertex 74.7853 142.675 3.98
      vertex 74.7853 142.675 9
    endloop
  endfacet
  facet normal -0.89728 0.441462 0
    outer loop
      vertex 74.7361 142.575 3.98
      vertex 74.7853 142.675 9
      vertex 74.7853 142.675 3.98
    endloop
  endfacet
  facet normal -0.89728 0.441462 0
    outer loop
      vertex 74.7853 142.675 9
      vertex 74.7361 142.575 3.98
      vertex 74.7361 142.575 9
    endloop
  endfacet
  facet normal -0.980753 0.195251 0
    outer loop
      vertex 74.821 142.78 3.98
      vertex 74.8427 142.889 9
      vertex 74.8427 142.889 3.98
    endloop
  endfacet
  facet normal -0.980753 0.195251 0
    outer loop
      vertex 74.8427 142.889 9
      vertex 74.821 142.78 3.98
      vertex 74.821 142.78 9
    endloop
  endfacet
  facet normal 0.0629946 0.998014 -0
    outer loop
      vertex 74 142.15 3.98
      vertex 73.8891 142.157 9
      vertex 74 142.15 9
    endloop
  endfacet
  facet normal 0.0629946 0.998014 0
    outer loop
      vertex 73.8891 142.157 9
      vertex 74 142.15 3.98
      vertex 73.8891 142.157 3.98
    endloop
  endfacet
  facet normal 0.997844 0.065624 0
    outer loop
      vertex 73.1573 142.889 9
      vertex 73.15 143 3.98
      vertex 73.15 143 9
    endloop
  endfacet
  facet normal 0.997844 0.065624 0
    outer loop
      vertex 73.15 143 3.98
      vertex 73.1573 142.889 9
      vertex 73.1573 142.889 3.98
    endloop
  endfacet
  facet normal 0.946773 0.321903 0
    outer loop
      vertex 73.2147 142.675 9
      vertex 73.179 142.78 3.98
      vertex 73.179 142.78 9
    endloop
  endfacet
  facet normal 0.946773 0.321903 0
    outer loop
      vertex 73.179 142.78 3.98
      vertex 73.2147 142.675 9
      vertex 73.2147 142.675 3.98
    endloop
  endfacet
  facet normal -0.441082 0.897467 0
    outer loop
      vertex 74.425 142.264 3.98
      vertex 74.3253 142.215 9
      vertex 74.425 142.264 9
    endloop
  endfacet
  facet normal -0.441082 0.897467 0
    outer loop
      vertex 74.3253 142.215 9
      vertex 74.425 142.264 3.98
      vertex 74.3253 142.215 3.98
    endloop
  endfacet
  facet normal -0.323497 0.946229 0
    outer loop
      vertex 74.3253 142.215 3.98
      vertex 74.22 142.179 9
      vertex 74.3253 142.215 9
    endloop
  endfacet
  facet normal -0.323497 0.946229 0
    outer loop
      vertex 74.22 142.179 9
      vertex 74.3253 142.215 3.98
      vertex 74.22 142.179 3.98
    endloop
  endfacet
  facet normal -0.997844 0.065624 0
    outer loop
      vertex 74.8427 142.889 3.98
      vertex 74.85 143 9
      vertex 74.85 143 3.98
    endloop
  endfacet
  facet normal -0.997844 0.065624 0
    outer loop
      vertex 74.85 143 9
      vertex 74.8427 142.889 3.98
      vertex 74.8427 142.889 9
    endloop
  endfacet
  facet normal 0.323497 0.946229 -0
    outer loop
      vertex 73.78 142.179 3.98
      vertex 73.6747 142.215 9
      vertex 73.78 142.179 9
    endloop
  endfacet
  facet normal 0.323497 0.946229 0
    outer loop
      vertex 73.6747 142.215 9
      vertex 73.78 142.179 3.98
      vertex 73.6747 142.215 3.98
    endloop
  endfacet
  facet normal 0.753465 0.657488 0
    outer loop
      vertex 73.399 142.399 9
      vertex 73.3257 142.483 3.98
      vertex 73.3257 142.483 9
    endloop
  endfacet
  facet normal 0.753465 0.657488 0
    outer loop
      vertex 73.3257 142.483 3.98
      vertex 73.399 142.399 9
      vertex 73.399 142.399 3.98
    endloop
  endfacet
  facet normal 0.980753 0.195251 0
    outer loop
      vertex 73.179 142.78 9
      vertex 73.1573 142.889 3.98
      vertex 73.1573 142.889 9
    endloop
  endfacet
  facet normal 0.980753 0.195251 0
    outer loop
      vertex 73.1573 142.889 3.98
      vertex 73.179 142.78 9
      vertex 73.179 142.78 3.98
    endloop
  endfacet
  facet normal 0 0 1
    outer loop
      vertex 74.8427 143.111 3.98
      vertex 74.8427 142.889 3.98
      vertex 74.85 143 3.98
    endloop
  endfacet
  facet normal 0 0 1
    outer loop
      vertex 74.821 143.22 3.98
      vertex 74.8427 142.889 3.98
      vertex 74.8427 143.111 3.98
    endloop
  endfacet
  facet normal 0 0 1
    outer loop
      vertex 74.821 143.22 3.98
      vertex 74.821 142.78 3.98
      vertex 74.8427 142.889 3.98
    endloop
  endfacet
  facet normal 0 0 1
    outer loop
      vertex 74.7853 143.325 3.98
      vertex 74.821 142.78 3.98
      vertex 74.821 143.22 3.98
    endloop
  endfacet
  facet normal 0 0 1
    outer loop
      vertex 74.7853 143.325 3.98
      vertex 74.7853 142.675 3.98
      vertex 74.821 142.78 3.98
    endloop
  endfacet
  facet normal 0 0 1
    outer loop
      vertex 74.7361 143.425 3.98
      vertex 74.7853 142.675 3.98
      vertex 74.7853 143.325 3.98
    endloop
  endfacet
  facet normal 0 0 1
    outer loop
      vertex 74.7361 143.425 3.98
      vertex 74.7361 142.575 3.98
      vertex 74.7853 142.675 3.98
    endloop
  endfacet
  facet normal 0 0 1
    outer loop
      vertex 74.6743 143.517 3.98
      vertex 74.7361 142.575 3.98
      vertex 74.7361 143.425 3.98
    endloop
  endfacet
  facet normal 0 0 1
    outer loop
      vertex 74.6743 143.517 3.98
      vertex 74.6743 142.483 3.98
      vertex 74.7361 142.575 3.98
    endloop
  endfacet
  facet normal 0 0 1
    outer loop
      vertex 74.601 143.601 3.98
      vertex 74.6743 142.483 3.98
      vertex 74.6743 143.517 3.98
    endloop
  endfacet
  facet normal 0 0 1
    outer loop
      vertex 74.601 143.601 3.98
      vertex 74.601 142.399 3.98
      vertex 74.6743 142.483 3.98
    endloop
  endfacet
  facet normal 0 0 1
    outer loop
      vertex 74.5174 143.674 3.98
      vertex 74.601 142.399 3.98
      vertex 74.601 143.601 3.98
    endloop
  endfacet
  facet normal 0 0 1
    outer loop
      vertex 74.5174 143.674 3.98
      vertex 74.5174 142.326 3.98
      vertex 74.601 142.399 3.98
    endloop
  endfacet
  facet normal 0 0 1
    outer loop
      vertex 74.425 143.736 3.98
      vertex 74.5174 142.326 3.98
      vertex 74.5174 143.674 3.98
    endloop
  endfacet
  facet normal 0 0 1
    outer loop
      vertex 74.425 143.736 3.98
      vertex 74.425 142.264 3.98
      vertex 74.5174 142.326 3.98
    endloop
  endfacet
  facet normal 0 0 1
    outer loop
      vertex 74.3253 143.785 3.98
      vertex 74.425 142.264 3.98
      vertex 74.425 143.736 3.98
    endloop
  endfacet
  facet normal 0 0 1
    outer loop
      vertex 74.3253 143.785 3.98
      vertex 74.3253 142.215 3.98
      vertex 74.425 142.264 3.98
    endloop
  endfacet
  facet normal 0 0 1
    outer loop
      vertex 74.22 143.821 3.98
      vertex 74.3253 142.215 3.98
      vertex 74.3253 143.785 3.98
    endloop
  endfacet
  facet normal 0 0 1
    outer loop
      vertex 74.22 143.821 3.98
      vertex 74.22 142.179 3.98
      vertex 74.3253 142.215 3.98
    endloop
  endfacet
  facet normal 0 0 1
    outer loop
      vertex 74.1109 143.843 3.98
      vertex 74.22 142.179 3.98
      vertex 74.22 143.821 3.98
    endloop
  endfacet
  facet normal 0 0 1
    outer loop
      vertex 74.1109 143.843 3.98
      vertex 74.1109 142.157 3.98
      vertex 74.22 142.179 3.98
    endloop
  endfacet
  facet normal 0 0 1
    outer loop
      vertex 74 143.85 3.98
      vertex 74.1109 142.157 3.98
      vertex 74.1109 143.843 3.98
    endloop
  endfacet
  facet normal 0 0 1
    outer loop
      vertex 74 143.85 3.98
      vertex 74 142.15 3.98
      vertex 74.1109 142.157 3.98
    endloop
  endfacet
  facet normal -0 0 1
    outer loop
      vertex 73.8891 143.843 3.98
      vertex 74 142.15 3.98
      vertex 74 143.85 3.98
    endloop
  endfacet
  facet normal 0 0 1
    outer loop
      vertex 73.8891 143.843 3.98
      vertex 73.8891 142.157 3.98
      vertex 74 142.15 3.98
    endloop
  endfacet
  facet normal -0 0 1
    outer loop
      vertex 73.78 143.821 3.98
      vertex 73.8891 142.157 3.98
      vertex 73.8891 143.843 3.98
    endloop
  endfacet
  facet normal 0 0 1
    outer loop
      vertex 73.78 143.821 3.98
      vertex 73.78 142.179 3.98
      vertex 73.8891 142.157 3.98
    endloop
  endfacet
  facet normal -0 0 1
    outer loop
      vertex 73.6747 143.785 3.98
      vertex 73.78 142.179 3.98
      vertex 73.78 143.821 3.98
    endloop
  endfacet
  facet normal 0 0 1
    outer loop
      vertex 73.6747 143.785 3.98
      vertex 73.6747 142.215 3.98
      vertex 73.78 142.179 3.98
    endloop
  endfacet
  facet normal -0 0 1
    outer loop
      vertex 73.575 143.736 3.98
      vertex 73.6747 142.215 3.98
      vertex 73.6747 143.785 3.98
    endloop
  endfacet
  facet normal 0 0 1
    outer loop
      vertex 73.575 143.736 3.98
      vertex 73.575 142.264 3.98
      vertex 73.6747 142.215 3.98
    endloop
  endfacet
  facet normal -0 0 1
    outer loop
      vertex 73.4826 143.674 3.98
      vertex 73.575 142.264 3.98
      vertex 73.575 143.736 3.98
    endloop
  endfacet
  facet normal 0 0 1
    outer loop
      vertex 73.4826 143.674 3.98
      vertex 73.4826 142.326 3.98
      vertex 73.575 142.264 3.98
    endloop
  endfacet
  facet normal -0 0 1
    outer loop
      vertex 73.399 143.601 3.98
      vertex 73.4826 142.326 3.98
      vertex 73.4826 143.674 3.98
    endloop
  endfacet
  facet normal 0 0 1
    outer loop
      vertex 73.399 143.601 3.98
      vertex 73.399 142.399 3.98
      vertex 73.4826 142.326 3.98
    endloop
  endfacet
  facet normal -0 0 1
    outer loop
      vertex 73.3257 143.517 3.98
      vertex 73.399 142.399 3.98
      vertex 73.399 143.601 3.98
    endloop
  endfacet
  facet normal 0 0 1
    outer loop
      vertex 73.3257 143.517 3.98
      vertex 73.3257 142.483 3.98
      vertex 73.399 142.399 3.98
    endloop
  endfacet
  facet normal -0 0 1
    outer loop
      vertex 73.2639 143.425 3.98
      vertex 73.3257 142.483 3.98
      vertex 73.3257 143.517 3.98
    endloop
  endfacet
  facet normal 0 0 1
    outer loop
      vertex 73.2639 143.425 3.98
      vertex 73.2639 142.575 3.98
      vertex 73.3257 142.483 3.98
    endloop
  endfacet
  facet normal -0 0 1
    outer loop
      vertex 73.2147 143.325 3.98
      vertex 73.2639 142.575 3.98
      vertex 73.2639 143.425 3.98
    endloop
  endfacet
  facet normal 0 0 1
    outer loop
      vertex 73.2147 143.325 3.98
      vertex 73.2147 142.675 3.98
      vertex 73.2639 142.575 3.98
    endloop
  endfacet
  facet normal -0 0 1
    outer loop
      vertex 73.179 143.22 3.98
      vertex 73.2147 142.675 3.98
      vertex 73.2147 143.325 3.98
    endloop
  endfacet
  facet normal 0 0 1
    outer loop
      vertex 73.179 143.22 3.98
      vertex 73.179 142.78 3.98
      vertex 73.2147 142.675 3.98
    endloop
  endfacet
  facet normal -0 0 1
    outer loop
      vertex 73.1573 143.111 3.98
      vertex 73.179 142.78 3.98
      vertex 73.179 143.22 3.98
    endloop
  endfacet
  facet normal 0 0 1
    outer loop
      vertex 73.1573 143.111 3.98
      vertex 73.1573 142.889 3.98
      vertex 73.179 142.78 3.98
    endloop
  endfacet
  facet normal 0 -0 1
    outer loop
      vertex 73.1573 142.889 3.98
      vertex 73.1573 143.111 3.98
      vertex 73.15 143 3.98
    endloop
  endfacet
  facet normal -0.657739 0.753246 0
    outer loop
      vertex 74.601 142.399 3.98
      vertex 74.5174 142.326 9
      vertex 74.601 142.399 9
    endloop
  endfacet
  facet normal -0.657739 0.753246 0
    outer loop
      vertex 74.5174 142.326 9
      vertex 74.601 142.399 3.98
      vertex 74.5174 142.326 3.98
    endloop
  endfacet
  facet normal -0.0629946 0.998014 0
    outer loop
      vertex 74.1109 142.157 3.98
      vertex 74 142.15 9
      vertex 74.1109 142.157 9
    endloop
  endfacet
  facet normal -0.0629946 0.998014 0
    outer loop
      vertex 74 142.15 9
      vertex 74.1109 142.157 3.98
      vertex 74 142.15 3.98
    endloop
  endfacet
  facet normal 0.557186 0.830387 -0
    outer loop
      vertex 73.575 142.264 3.98
      vertex 73.4826 142.326 9
      vertex 73.575 142.264 9
    endloop
  endfacet
  facet normal 0.557186 0.830387 0
    outer loop
      vertex 73.4826 142.326 9
      vertex 73.575 142.264 3.98
      vertex 73.4826 142.326 3.98
    endloop
  endfacet
  facet normal 0.657739 0.753246 -0
    outer loop
      vertex 73.4826 142.326 3.98
      vertex 73.399 142.399 9
      vertex 73.4826 142.326 9
    endloop
  endfacet
  facet normal 0.657739 0.753246 0
    outer loop
      vertex 73.399 142.399 9
      vertex 73.4826 142.326 3.98
      vertex 73.399 142.399 3.98
    endloop
  endfacet
  facet normal 0.830102 0.557612 0
    outer loop
      vertex 73.3257 142.483 9
      vertex 73.2639 142.575 3.98
      vertex 73.2639 142.575 9
    endloop
  endfacet
  facet normal 0.830102 0.557612 0
    outer loop
      vertex 73.2639 142.575 3.98
      vertex 73.3257 142.483 9
      vertex 73.3257 142.483 3.98
    endloop
  endfacet
  facet normal 0.89728 0.441462 0
    outer loop
      vertex 73.2639 142.575 9
      vertex 73.2147 142.675 3.98
      vertex 73.2147 142.675 9
    endloop
  endfacet
  facet normal 0.89728 0.441462 0
    outer loop
      vertex 73.2147 142.675 3.98
      vertex 73.2639 142.575 9
      vertex 73.2639 142.575 3.98
    endloop
  endfacet
  facet normal -0.753465 0.657488 0
    outer loop
      vertex 74.601 142.399 3.98
      vertex 74.6743 142.483 9
      vertex 74.6743 142.483 3.98
    endloop
  endfacet
  facet normal -0.753465 0.657488 0
    outer loop
      vertex 74.6743 142.483 9
      vertex 74.601 142.399 3.98
      vertex 74.601 142.399 9
    endloop
  endfacet
  facet normal 0.441082 0.897467 -0
    outer loop
      vertex 73.6747 142.215 3.98
      vertex 73.575 142.264 9
      vertex 73.6747 142.215 9
    endloop
  endfacet
  facet normal 0.441082 0.897467 0
    outer loop
      vertex 73.575 142.264 9
      vertex 73.6747 142.215 3.98
      vertex 73.575 142.264 3.98
    endloop
  endfacet
  facet normal -1 0 0
    outer loop
      vertex 162.5 2.4 3
      vertex 162.5 6.4 9.98
      vertex 162.5 6.4 3
    endloop
  endfacet
  facet normal -1 -0 0
    outer loop
      vertex 162.5 6.4 9.98
      vertex 162.5 2.4 3
      vertex 162.5 2.4 9.98
    endloop
  endfacet
  facet normal -0 0 1
    outer loop
      vertex 162.5 6.4 9.98
      vertex 180.5 2.4 9.98
      vertex 180.5 6.4 9.98
    endloop
  endfacet
  facet normal 0 0 1
    outer loop
      vertex 180.5 2.4 9.98
      vertex 162.5 6.4 9.98
      vertex 162.5 2.4 9.98
    endloop
  endfacet
  facet normal 1 -0 0
    outer loop
      vertex 180.5 2.4 9.98
      vertex 180.5 6.4 3
      vertex 180.5 6.4 9.98
    endloop
  endfacet
  facet normal 1 0 0
    outer loop
      vertex 180.5 6.4 3
      vertex 180.5 2.4 9.98
      vertex 180.5 2.4 3
    endloop
  endfacet
  facet normal 0 1 0
    outer loop
      vertex 180.5 6.4 9.98
      vertex 177.5 6.4 8.98
      vertex 162.5 6.4 9.98
    endloop
  endfacet
  facet normal 0 1 0
    outer loop
      vertex 180.5 6.4 9.98
      vertex 177.5 6.4 4.98
      vertex 177.5 6.4 8.98
    endloop
  endfacet
  facet normal 0 1 0
    outer loop
      vertex 177.5 6.4 4.98
      vertex 180.5 6.4 3
      vertex 165.5 6.4 4.98
    endloop
  endfacet
  facet normal 0 1 -0
    outer loop
      vertex 180.5 6.4 3
      vertex 177.5 6.4 4.98
      vertex 180.5 6.4 9.98
    endloop
  endfacet
  facet normal 0 1 -0
    outer loop
      vertex 165.5 6.4 8.98
      vertex 162.5 6.4 9.98
      vertex 177.5 6.4 8.98
    endloop
  endfacet
  facet normal 0 1 -0
    outer loop
      vertex 165.5 6.4 4.98
      vertex 162.5 6.4 9.98
      vertex 165.5 6.4 8.98
    endloop
  endfacet
  facet normal 0 1 0
    outer loop
      vertex 165.5 6.4 4.98
      vertex 162.5 6.4 3
      vertex 162.5 6.4 9.98
    endloop
  endfacet
  facet normal 0 1 0
    outer loop
      vertex 162.5 6.4 3
      vertex 165.5 6.4 4.98
      vertex 180.5 6.4 3
    endloop
  endfacet
  facet normal 0 -1 0
    outer loop
      vertex 162.5 2.4 9.98
      vertex 165.5 2.4 8.98
      vertex 180.5 2.4 9.98
    endloop
  endfacet
  facet normal 0 -1 0
    outer loop
      vertex 162.5 2.4 9.98
      vertex 165.5 2.4 4.98
      vertex 165.5 2.4 8.98
    endloop
  endfacet
  facet normal 0 -1 -0
    outer loop
      vertex 165.5 2.4 4.98
      vertex 162.5 2.4 3
      vertex 177.5 2.4 4.98
    endloop
  endfacet
  facet normal 0 -1 0
    outer loop
      vertex 162.5 2.4 3
      vertex 165.5 2.4 4.98
      vertex 162.5 2.4 9.98
    endloop
  endfacet
  facet normal 0 -1 0
    outer loop
      vertex 177.5 2.4 8.98
      vertex 180.5 2.4 9.98
      vertex 165.5 2.4 8.98
    endloop
  endfacet
  facet normal 0 -1 0
    outer loop
      vertex 177.5 2.4 4.98
      vertex 180.5 2.4 9.98
      vertex 177.5 2.4 8.98
    endloop
  endfacet
  facet normal 0 -1 0
    outer loop
      vertex 177.5 2.4 4.98
      vertex 180.5 2.4 3
      vertex 180.5 2.4 9.98
    endloop
  endfacet
  facet normal 0 -1 0
    outer loop
      vertex 180.5 2.4 3
      vertex 177.5 2.4 4.98
      vertex 162.5 2.4 3
    endloop
  endfacet
  facet normal 1 -0 0
    outer loop
      vertex 165.5 2.4 8.98
      vertex 165.5 6.4 4.98
      vertex 165.5 6.4 8.98
    endloop
  endfacet
  facet normal 1 0 0
    outer loop
      vertex 165.5 6.4 4.98
      vertex 165.5 2.4 8.98
      vertex 165.5 2.4 4.98
    endloop
  endfacet
  facet normal 0 0 -1
    outer loop
      vertex 165.5 2.4 8.98
      vertex 177.5 6.4 8.98
      vertex 177.5 2.4 8.98
    endloop
  endfacet
  facet normal -0 0 -1
    outer loop
      vertex 177.5 6.4 8.98
      vertex 165.5 2.4 8.98
      vertex 165.5 6.4 8.98
    endloop
  endfacet
  facet normal -1 0 0
    outer loop
      vertex 177.5 2.4 4.98
      vertex 177.5 6.4 8.98
      vertex 177.5 6.4 4.98
    endloop
  endfacet
  facet normal -1 -0 0
    outer loop
      vertex 177.5 6.4 8.98
      vertex 177.5 2.4 4.98
      vertex 177.5 2.4 8.98
    endloop
  endfacet
  facet normal -0 0 1
    outer loop
      vertex 165.5 6.4 4.98
      vertex 177.5 2.4 4.98
      vertex 177.5 6.4 4.98
    endloop
  endfacet
  facet normal 0 0 1
    outer loop
      vertex 177.5 2.4 4.98
      vertex 165.5 6.4 4.98
      vertex 165.5 2.4 4.98
    endloop
  endfacet
  facet normal -1 0 0
    outer loop
      vertex 162.5 46.4 3
      vertex 162.5 50.4 9.98
      vertex 162.5 50.4 3
    endloop
  endfacet
  facet normal -1 -0 0
    outer loop
      vertex 162.5 50.4 9.98
      vertex 162.5 46.4 3
      vertex 162.5 46.4 9.98
    endloop
  endfacet
  facet normal -0 0 1
    outer loop
      vertex 162.5 50.4 9.98
      vertex 180.5 46.4 9.98
      vertex 180.5 50.4 9.98
    endloop
  endfacet
  facet normal 0 0 1
    outer loop
      vertex 180.5 46.4 9.98
      vertex 162.5 50.4 9.98
      vertex 162.5 46.4 9.98
    endloop
  endfacet
  facet normal 1 -0 0
    outer loop
      vertex 180.5 46.4 9.98
      vertex 180.5 50.4 3
      vertex 180.5 50.4 9.98
    endloop
  endfacet
  facet normal 1 0 0
    outer loop
      vertex 180.5 50.4 3
      vertex 180.5 46.4 9.98
      vertex 180.5 46.4 3
    endloop
  endfacet
  facet normal 0 1 0
    outer loop
      vertex 180.5 50.4 9.98
      vertex 177.5 50.4 8.98
      vertex 162.5 50.4 9.98
    endloop
  endfacet
  facet normal 0 1 0
    outer loop
      vertex 180.5 50.4 9.98
      vertex 177.5 50.4 4.98
      vertex 177.5 50.4 8.98
    endloop
  endfacet
  facet normal 0 1 0
    outer loop
      vertex 177.5 50.4 4.98
      vertex 180.5 50.4 3
      vertex 165.5 50.4 4.98
    endloop
  endfacet
  facet normal 0 1 -0
    outer loop
      vertex 180.5 50.4 3
      vertex 177.5 50.4 4.98
      vertex 180.5 50.4 9.98
    endloop
  endfacet
  facet normal 0 1 -0
    outer loop
      vertex 165.5 50.4 8.98
      vertex 162.5 50.4 9.98
      vertex 177.5 50.4 8.98
    endloop
  endfacet
  facet normal 0 1 -0
    outer loop
      vertex 165.5 50.4 4.98
      vertex 162.5 50.4 9.98
      vertex 165.5 50.4 8.98
    endloop
  endfacet
  facet normal 0 1 0
    outer loop
      vertex 165.5 50.4 4.98
      vertex 162.5 50.4 3
      vertex 162.5 50.4 9.98
    endloop
  endfacet
  facet normal 0 1 0
    outer loop
      vertex 162.5 50.4 3
      vertex 165.5 50.4 4.98
      vertex 180.5 50.4 3
    endloop
  endfacet
  facet normal 0 -1 0
    outer loop
      vertex 162.5 46.4 9.98
      vertex 165.5 46.4 8.98
      vertex 180.5 46.4 9.98
    endloop
  endfacet
  facet normal 0 -1 0
    outer loop
      vertex 162.5 46.4 9.98
      vertex 165.5 46.4 4.98
      vertex 165.5 46.4 8.98
    endloop
  endfacet
  facet normal 0 -1 -0
    outer loop
      vertex 165.5 46.4 4.98
      vertex 162.5 46.4 3
      vertex 177.5 46.4 4.98
    endloop
  endfacet
  facet normal 0 -1 0
    outer loop
      vertex 162.5 46.4 3
      vertex 165.5 46.4 4.98
      vertex 162.5 46.4 9.98
    endloop
  endfacet
  facet normal 0 -1 0
    outer loop
      vertex 177.5 46.4 8.98
      vertex 180.5 46.4 9.98
      vertex 165.5 46.4 8.98
    endloop
  endfacet
  facet normal 0 -1 0
    outer loop
      vertex 177.5 46.4 4.98
      vertex 180.5 46.4 9.98
      vertex 177.5 46.4 8.98
    endloop
  endfacet
  facet normal 0 -1 0
    outer loop
      vertex 177.5 46.4 4.98
      vertex 180.5 46.4 3
      vertex 180.5 46.4 9.98
    endloop
  endfacet
  facet normal 0 -1 0
    outer loop
      vertex 180.5 46.4 3
      vertex 177.5 46.4 4.98
      vertex 162.5 46.4 3
    endloop
  endfacet
  facet normal 1 -0 0
    outer loop
      vertex 165.5 46.4 8.98
      vertex 165.5 50.4 4.98
      vertex 165.5 50.4 8.98
    endloop
  endfacet
  facet normal 1 0 0
    outer loop
      vertex 165.5 50.4 4.98
      vertex 165.5 46.4 8.98
      vertex 165.5 46.4 4.98
    endloop
  endfacet
  facet normal 0 0 -1
    outer loop
      vertex 165.5 46.4 8.98
      vertex 177.5 50.4 8.98
      vertex 177.5 46.4 8.98
    endloop
  endfacet
  facet normal -0 0 -1
    outer loop
      vertex 177.5 50.4 8.98
      vertex 165.5 46.4 8.98
      vertex 165.5 50.4 8.98
    endloop
  endfacet
  facet normal -1 0 0
    outer loop
      vertex 177.5 46.4 4.98
      vertex 177.5 50.4 8.98
      vertex 177.5 50.4 4.98
    endloop
  endfacet
  facet normal -1 -0 0
    outer loop
      vertex 177.5 50.4 8.98
      vertex 177.5 46.4 4.98
      vertex 177.5 46.4 8.98
    endloop
  endfacet
  facet normal -0 0 1
    outer loop
      vertex 165.5 50.4 4.98
      vertex 177.5 46.4 4.98
      vertex 177.5 50.4 4.98
    endloop
  endfacet
  facet normal 0 0 1
    outer loop
      vertex 177.5 46.4 4.98
      vertex 165.5 50.4 4.98
      vertex 165.5 46.4 4.98
    endloop
  endfacet
  facet normal 0 0.751724 0.659478
    outer loop
      vertex 115 56.8801 110.063
      vertex 111 56.6213 110.358
      vertex 115 56.6213 110.358
    endloop
  endfacet
  facet normal 0 0.751724 0.659478
    outer loop
      vertex 111 56.6213 110.358
      vertex 115 56.8801 110.063
      vertex 111 56.8801 110.063
    endloop
  endfacet
  facet normal 0 -0.94699 -0.321264
    outer loop
      vertex 111 51.7284 107.088
      vertex 115 51.6022 107.46
      vertex 111 51.6022 107.46
    endloop
  endfacet
  facet normal 0 -0.94699 -0.321264
    outer loop
      vertex 115 51.6022 107.46
      vertex 111 51.7284 107.088
      vertex 115 51.7284 107.088
    endloop
  endfacet
  facet normal 0 0.94699 -0.321264
    outer loop
      vertex 115 57.2716 107.088
      vertex 111 57.3978 107.46
      vertex 115 57.3978 107.46
    endloop
  endfacet
  facet normal 0 0.94699 -0.321264
    outer loop
      vertex 111 57.3978 107.46
      vertex 115 57.2716 107.088
      vertex 111 57.2716 107.088
    endloop
  endfacet
  facet normal 0 0.441084 -0.897466
    outer loop
      vertex 111 55.648 105.465
      vertex 115 56 105.638
      vertex 115 55.648 105.465
    endloop
  endfacet
  facet normal 0 0.441084 -0.897466
    outer loop
      vertex 115 56 105.638
      vertex 111 55.648 105.465
      vertex 111 56 105.638
    endloop
  endfacet
  facet normal -0 0.443134 0.896455
    outer loop
      vertex 111 56 110.834
      vertex 115 55.648 111.008
      vertex 115 56 110.834
    endloop
  endfacet
  facet normal 0 0.443134 0.896455
    outer loop
      vertex 115 55.648 111.008
      vertex 111 56 110.834
      vertex 111 55.648 111.008
    endloop
  endfacet
  facet normal -0 0.196165 0.980571
    outer loop
      vertex 111 55.2765 111.134
      vertex 115 54.8916 111.211
      vertex 115 55.2765 111.134
    endloop
  endfacet
  facet normal 0 0.196165 0.980571
    outer loop
      vertex 115 54.8916 111.211
      vertex 111 55.2765 111.134
      vertex 111 54.8916 111.211
    endloop
  endfacet
  facet normal -0 0.555523 0.831501
    outer loop
      vertex 111 56.3263 110.616
      vertex 115 56 110.834
      vertex 115 56.3263 110.616
    endloop
  endfacet
  facet normal 0 0.555523 0.831501
    outer loop
      vertex 115 56 110.834
      vertex 111 56.3263 110.616
      vertex 111 56 110.834
    endloop
  endfacet
  facet normal -0 0.658324 0.752735
    outer loop
      vertex 111 56.6213 110.358
      vertex 115 56.3263 110.616
      vertex 115 56.6213 110.358
    endloop
  endfacet
  facet normal 0 0.658324 0.752735
    outer loop
      vertex 115 56.3263 110.616
      vertex 111 56.6213 110.358
      vertex 111 56.3263 110.616
    endloop
  endfacet
  facet normal 0 0.896961 0.44211
    outer loop
      vertex 115 57.2716 109.384
      vertex 111 57.0981 109.736
      vertex 115 57.0981 109.736
    endloop
  endfacet
  facet normal 0 0.896961 0.44211
    outer loop
      vertex 111 57.0981 109.736
      vertex 115 57.2716 109.384
      vertex 111 57.2716 109.384
    endloop
  endfacet
  facet normal 0 0.980825 0.194891
    outer loop
      vertex 115 57.4743 108.628
      vertex 111 57.3978 109.013
      vertex 115 57.3978 109.013
    endloop
  endfacet
  facet normal 0 0.980825 0.194891
    outer loop
      vertex 111 57.3978 109.013
      vertex 115 57.4743 108.628
      vertex 111 57.4743 108.628
    endloop
  endfacet
  facet normal 0 0.196165 -0.980571
    outer loop
      vertex 111 54.8916 105.262
      vertex 115 55.2765 105.339
      vertex 115 54.8916 105.262
    endloop
  endfacet
  facet normal 0 0.196165 -0.980571
    outer loop
      vertex 115 55.2765 105.339
      vertex 111 54.8916 105.262
      vertex 111 55.2765 105.339
    endloop
  endfacet
  facet normal 0 0.659766 -0.751471
    outer loop
      vertex 111 56.3263 105.856
      vertex 115 56.6213 106.115
      vertex 115 56.3263 105.856
    endloop
  endfacet
  facet normal 0 0.659766 -0.751471
    outer loop
      vertex 115 56.6213 106.115
      vertex 111 56.3263 105.856
      vertex 111 56.6213 106.115
    endloop
  endfacet
  facet normal 0 0.896961 -0.44211
    outer loop
      vertex 115 57.0981 106.736
      vertex 111 57.2716 107.088
      vertex 115 57.2716 107.088
    endloop
  endfacet
  facet normal 0 0.896961 -0.44211
    outer loop
      vertex 111 57.2716 107.088
      vertex 115 57.0981 106.736
      vertex 111 57.0981 106.736
    endloop
  endfacet
  facet normal 0 0.980825 -0.194891
    outer loop
      vertex 115 57.3978 107.46
      vertex 111 57.4743 107.845
      vertex 115 57.4743 107.845
    endloop
  endfacet
  facet normal 0 0.980825 -0.194891
    outer loop
      vertex 111 57.4743 107.845
      vertex 115 57.3978 107.46
      vertex 111 57.3978 107.46
    endloop
  endfacet
  facet normal 0 -0.063711 0.997968
    outer loop
      vertex 111 54.5 111.236
      vertex 115 54.1084 111.211
      vertex 115 54.5 111.236
    endloop
  endfacet
  facet normal 0 -0.063711 0.997968
    outer loop
      vertex 115 54.1084 111.211
      vertex 111 54.5 111.236
      vertex 111 54.1084 111.211
    endloop
  endfacet
  facet normal 0 -0.946726 0.32204
    outer loop
      vertex 111 51.6022 109.013
      vertex 115 51.7284 109.384
      vertex 111 51.7284 109.384
    endloop
  endfacet
  facet normal 0 -0.946726 0.32204
    outer loop
      vertex 115 51.7284 109.384
      vertex 111 51.6022 109.013
      vertex 115 51.6022 109.013
    endloop
  endfacet
  facet normal 0 -0.896961 0.44211
    outer loop
      vertex 111 51.7284 109.384
      vertex 115 51.9019 109.736
      vertex 111 51.9019 109.736
    endloop
  endfacet
  facet normal 0 -0.896961 0.44211
    outer loop
      vertex 115 51.9019 109.736
      vertex 111 51.7284 109.384
      vertex 115 51.7284 109.384
    endloop
  endfacet
  facet normal 0 -0.658324 0.752735
    outer loop
      vertex 111 52.6737 110.616
      vertex 115 52.3787 110.358
      vertex 115 52.6737 110.616
    endloop
  endfacet
  facet normal 0 -0.658324 0.752735
    outer loop
      vertex 115 52.3787 110.358
      vertex 111 52.6737 110.616
      vertex 111 52.3787 110.358
    endloop
  endfacet
  facet normal 0 -0.980825 -0.194891
    outer loop
      vertex 111 51.6022 107.46
      vertex 115 51.5257 107.845
      vertex 111 51.5257 107.845
    endloop
  endfacet
  facet normal 0 -0.980825 -0.194891
    outer loop
      vertex 115 51.5257 107.845
      vertex 111 51.6022 107.46
      vertex 115 51.6022 107.46
    endloop
  endfacet
  facet normal 0 -0.751724 -0.659478
    outer loop
      vertex 111 52.3787 106.115
      vertex 115 52.1199 106.41
      vertex 111 52.1199 106.41
    endloop
  endfacet
  facet normal 0 -0.751724 -0.659478
    outer loop
      vertex 115 52.1199 106.41
      vertex 111 52.3787 106.115
      vertex 115 52.3787 106.115
    endloop
  endfacet
  facet normal 0 -0.441084 -0.897466
    outer loop
      vertex 111 53 105.638
      vertex 115 53.352 105.465
      vertex 115 53 105.638
    endloop
  endfacet
  facet normal -0 -0.441084 -0.897466
    outer loop
      vertex 115 53.352 105.465
      vertex 111 53 105.638
      vertex 111 53.352 105.465
    endloop
  endfacet
  facet normal 0 -0.196165 -0.980571
    outer loop
      vertex 111 53.7235 105.339
      vertex 115 54.1084 105.262
      vertex 115 53.7235 105.339
    endloop
  endfacet
  facet normal -0 -0.196165 -0.980571
    outer loop
      vertex 115 54.1084 105.262
      vertex 111 53.7235 105.339
      vertex 111 54.1084 105.262
    endloop
  endfacet
  facet normal -0 0.321194 0.947013
    outer loop
      vertex 111 55.648 111.008
      vertex 115 55.2765 111.134
      vertex 115 55.648 111.008
    endloop
  endfacet
  facet normal 0 0.321194 0.947013
    outer loop
      vertex 115 55.2765 111.134
      vertex 111 55.648 111.008
      vertex 111 55.2765 111.134
    endloop
  endfacet
  facet normal 0 0.83205 0.5547
    outer loop
      vertex 115 57.0981 109.736
      vertex 111 56.8801 110.063
      vertex 115 56.8801 110.063
    endloop
  endfacet
  facet normal 0 0.83205 0.5547
    outer loop
      vertex 111 56.8801 110.063
      vertex 115 57.0981 109.736
      vertex 111 57.0981 109.736
    endloop
  endfacet
  facet normal 0 0.997858 0.0654208
    outer loop
      vertex 115 57.5 108.236
      vertex 111 57.4743 108.628
      vertex 115 57.4743 108.628
    endloop
  endfacet
  facet normal 0 0.997858 0.0654208
    outer loop
      vertex 111 57.4743 108.628
      vertex 115 57.5 108.236
      vertex 111 57.5 108.236
    endloop
  endfacet
  facet normal 0 0.946726 0.32204
    outer loop
      vertex 115 57.3978 109.013
      vertex 111 57.2716 109.384
      vertex 115 57.2716 109.384
    endloop
  endfacet
  facet normal 0 0.946726 0.32204
    outer loop
      vertex 111 57.2716 109.384
      vertex 115 57.3978 109.013
      vertex 111 57.3978 109.013
    endloop
  endfacet
  facet normal 0 0.0662484 -0.997803
    outer loop
      vertex 111 54.5 105.236
      vertex 115 54.8916 105.262
      vertex 115 54.5 105.236
    endloop
  endfacet
  facet normal 0 0.0662484 -0.997803
    outer loop
      vertex 115 54.8916 105.262
      vertex 111 54.5 105.236
      vertex 111 54.8916 105.262
    endloop
  endfacet
  facet normal 0 0.321194 -0.947013
    outer loop
      vertex 111 55.2765 105.339
      vertex 115 55.648 105.465
      vertex 115 55.2765 105.339
    endloop
  endfacet
  facet normal 0 0.321194 -0.947013
    outer loop
      vertex 115 55.648 105.465
      vertex 111 55.2765 105.339
      vertex 111 55.648 105.465
    endloop
  endfacet
  facet normal 0 0.555523 -0.831501
    outer loop
      vertex 111 56 105.638
      vertex 115 56.3263 105.856
      vertex 115 56 105.638
    endloop
  endfacet
  facet normal 0 0.555523 -0.831501
    outer loop
      vertex 115 56.3263 105.856
      vertex 111 56 105.638
      vertex 111 56.3263 105.856
    endloop
  endfacet
  facet normal 0 0.997847 -0.0655874
    outer loop
      vertex 115 57.4743 107.845
      vertex 111 57.5 108.236
      vertex 115 57.5 108.236
    endloop
  endfacet
  facet normal 0 0.997847 -0.0655874
    outer loop
      vertex 111 57.5 108.236
      vertex 115 57.4743 107.845
      vertex 111 57.4743 107.845
    endloop
  endfacet
  facet normal 0 0.831265 -0.555877
    outer loop
      vertex 115 56.8801 106.41
      vertex 111 57.0981 106.736
      vertex 115 57.0981 106.736
    endloop
  endfacet
  facet normal 0 0.831265 -0.555877
    outer loop
      vertex 111 57.0981 106.736
      vertex 115 56.8801 106.41
      vertex 111 56.8801 106.41
    endloop
  endfacet
  facet normal 0 0.751724 -0.659478
    outer loop
      vertex 115 56.6213 106.115
      vertex 111 56.8801 106.41
      vertex 115 56.8801 106.41
    endloop
  endfacet
  facet normal 0 0.751724 -0.659478
    outer loop
      vertex 111 56.8801 106.41
      vertex 115 56.6213 106.115
      vertex 111 56.6213 106.115
    endloop
  endfacet
  facet normal -0 0.063711 0.997968
    outer loop
      vertex 111 54.8916 111.211
      vertex 115 54.5 111.236
      vertex 115 54.8916 111.211
    endloop
  endfacet
  facet normal 0 0.063711 0.997968
    outer loop
      vertex 115 54.5 111.236
      vertex 111 54.8916 111.211
      vertex 111 54.5 111.236
    endloop
  endfacet
  facet normal 0 -0.997858 0.0654208
    outer loop
      vertex 111 51.5 108.236
      vertex 115 51.5257 108.628
      vertex 111 51.5257 108.628
    endloop
  endfacet
  facet normal 0 -0.997858 0.0654208
    outer loop
      vertex 115 51.5257 108.628
      vertex 111 51.5 108.236
      vertex 115 51.5 108.236
    endloop
  endfacet
  facet normal 0 -0.321194 0.947013
    outer loop
      vertex 111 53.7235 111.134
      vertex 115 53.352 111.008
      vertex 115 53.7235 111.134
    endloop
  endfacet
  facet normal 0 -0.321194 0.947013
    outer loop
      vertex 115 53.352 111.008
      vertex 111 53.7235 111.134
      vertex 111 53.352 111.008
    endloop
  endfacet
  facet normal 0 -0.980825 0.194891
    outer loop
      vertex 111 51.5257 108.628
      vertex 115 51.6022 109.013
      vertex 111 51.6022 109.013
    endloop
  endfacet
  facet normal 0 -0.980825 0.194891
    outer loop
      vertex 115 51.6022 109.013
      vertex 111 51.5257 108.628
      vertex 115 51.5257 108.628
    endloop
  endfacet
  facet normal 0 -0.83205 0.5547
    outer loop
      vertex 111 51.9019 109.736
      vertex 115 52.1199 110.063
      vertex 111 52.1199 110.063
    endloop
  endfacet
  facet normal 0 -0.83205 0.5547
    outer loop
      vertex 115 52.1199 110.063
      vertex 111 51.9019 109.736
      vertex 115 51.9019 109.736
    endloop
  endfacet
  facet normal 0 -0.443134 0.896455
    outer loop
      vertex 111 53.352 111.008
      vertex 115 53 110.834
      vertex 115 53.352 111.008
    endloop
  endfacet
  facet normal 0 -0.443134 0.896455
    outer loop
      vertex 115 53 110.834
      vertex 111 53.352 111.008
      vertex 111 53 110.834
    endloop
  endfacet
  facet normal 0 -0.997847 -0.0655874
    outer loop
      vertex 111 51.5257 107.845
      vertex 115 51.5 108.236
      vertex 111 51.5 108.236
    endloop
  endfacet
  facet normal 0 -0.997847 -0.0655874
    outer loop
      vertex 115 51.5 108.236
      vertex 111 51.5257 107.845
      vertex 115 51.5257 107.845
    endloop
  endfacet
  facet normal 0 -0.896961 -0.44211
    outer loop
      vertex 111 51.9019 106.736
      vertex 115 51.7284 107.088
      vertex 111 51.7284 107.088
    endloop
  endfacet
  facet normal 0 -0.896961 -0.44211
    outer loop
      vertex 115 51.7284 107.088
      vertex 111 51.9019 106.736
      vertex 115 51.9019 106.736
    endloop
  endfacet
  facet normal 0 -0.321194 -0.947013
    outer loop
      vertex 111 53.352 105.465
      vertex 115 53.7235 105.339
      vertex 115 53.352 105.465
    endloop
  endfacet
  facet normal -0 -0.321194 -0.947013
    outer loop
      vertex 115 53.7235 105.339
      vertex 111 53.352 105.465
      vertex 111 53.7235 105.339
    endloop
  endfacet
  facet normal 0 -0.0662484 -0.997803
    outer loop
      vertex 111 54.1084 105.262
      vertex 115 54.5 105.236
      vertex 115 54.1084 105.262
    endloop
  endfacet
  facet normal -0 -0.0662484 -0.997803
    outer loop
      vertex 115 54.5 105.236
      vertex 111 54.1084 105.262
      vertex 111 54.5 105.236
    endloop
  endfacet
  facet normal 0 -0.555523 -0.831501
    outer loop
      vertex 111 52.6737 105.856
      vertex 115 53 105.638
      vertex 115 52.6737 105.856
    endloop
  endfacet
  facet normal -0 -0.555523 -0.831501
    outer loop
      vertex 115 53 105.638
      vertex 111 52.6737 105.856
      vertex 111 53 105.638
    endloop
  endfacet
  facet normal -1 0 0
    outer loop
      vertex 111 55.35 108.236
      vertex 111 57.5 108.236
      vertex 111 57.4743 107.845
    endloop
  endfacet
  facet normal -1 0 0
    outer loop
      vertex 111 55.3427 108.125
      vertex 111 57.4743 107.845
      vertex 111 57.3978 107.46
    endloop
  endfacet
  facet normal -1 0 0
    outer loop
      vertex 111 57.5 108.236
      vertex 111 55.35 108.236
      vertex 111 57.4743 108.628
    endloop
  endfacet
  facet normal -1 0 0
    outer loop
      vertex 111 55.321 108.016
      vertex 111 57.3978 107.46
      vertex 111 57.2716 107.088
    endloop
  endfacet
  facet normal -1 0 0
    outer loop
      vertex 111 55.3427 108.347
      vertex 111 57.4743 108.628
      vertex 111 55.35 108.236
    endloop
  endfacet
  facet normal -1 0 0
    outer loop
      vertex 111 55.2853 107.911
      vertex 111 57.2716 107.088
      vertex 111 57.0981 106.736
    endloop
  endfacet
  facet normal -1 -0 0
    outer loop
      vertex 111 57.4743 108.628
      vertex 111 55.3427 108.347
      vertex 111 57.3978 109.013
    endloop
  endfacet
  facet normal -1 0 0
    outer loop
      vertex 111 55.2361 107.811
      vertex 111 57.0981 106.736
      vertex 111 56.8801 106.41
    endloop
  endfacet
  facet normal -1 0 0
    outer loop
      vertex 111 55.321 108.456
      vertex 111 57.3978 109.013
      vertex 111 55.3427 108.347
    endloop
  endfacet
  facet normal -1 0 0
    outer loop
      vertex 111 55.1744 107.719
      vertex 111 56.8801 106.41
      vertex 111 56.6213 106.115
    endloop
  endfacet
  facet normal -1 -0 0
    outer loop
      vertex 111 57.3978 109.013
      vertex 111 55.321 108.456
      vertex 111 57.2716 109.384
    endloop
  endfacet
  facet normal -1 0 0
    outer loop
      vertex 111 55.101 107.635
      vertex 111 56.6213 106.115
      vertex 111 56.3263 105.856
    endloop
  endfacet
  facet normal -1 0 0
    outer loop
      vertex 111 55.2853 108.562
      vertex 111 57.2716 109.384
      vertex 111 55.321 108.456
    endloop
  endfacet
  facet normal -1 0 0
    outer loop
      vertex 111 55.0174 107.562
      vertex 111 56.3263 105.856
      vertex 111 56 105.638
    endloop
  endfacet
  facet normal -1 -0 0
    outer loop
      vertex 111 57.2716 109.384
      vertex 111 55.2853 108.562
      vertex 111 57.0981 109.736
    endloop
  endfacet
  facet normal -1 0 0
    outer loop
      vertex 111 54.925 107.5
      vertex 111 56 105.638
      vertex 111 55.648 105.465
    endloop
  endfacet
  facet normal -1 0 0
    outer loop
      vertex 111 55.2361 108.661
      vertex 111 57.0981 109.736
      vertex 111 55.2853 108.562
    endloop
  endfacet
  facet normal -1 -0 0
    outer loop
      vertex 111 57.0981 109.736
      vertex 111 55.2361 108.661
      vertex 111 56.8801 110.063
    endloop
  endfacet
  facet normal -1 0 0
    outer loop
      vertex 111 57.4743 107.845
      vertex 111 55.3427 108.125
      vertex 111 55.35 108.236
    endloop
  endfacet
  facet normal -1 0 0
    outer loop
      vertex 111 57.3978 107.46
      vertex 111 55.321 108.016
      vertex 111 55.3427 108.125
    endloop
  endfacet
  facet normal -1 0 0
    outer loop
      vertex 111 57.2716 107.088
      vertex 111 55.2853 107.911
      vertex 111 55.321 108.016
    endloop
  endfacet
  facet normal -1 0 0
    outer loop
      vertex 111 54.8253 107.451
      vertex 111 55.648 105.465
      vertex 111 55.2765 105.339
    endloop
  endfacet
  facet normal -1 0 0
    outer loop
      vertex 111 57.0981 106.736
      vertex 111 55.2361 107.811
      vertex 111 55.2853 107.911
    endloop
  endfacet
  facet normal -1 0 0
    outer loop
      vertex 111 56.8801 106.41
      vertex 111 55.1744 107.719
      vertex 111 55.2361 107.811
    endloop
  endfacet
  facet normal -1 0 0
    outer loop
      vertex 111 56.6213 106.115
      vertex 111 55.101 107.635
      vertex 111 55.1744 107.719
    endloop
  endfacet
  facet normal -1 0 0
    outer loop
      vertex 111 56.3263 105.856
      vertex 111 55.0174 107.562
      vertex 111 55.101 107.635
    endloop
  endfacet
  facet normal -1 0 0
    outer loop
      vertex 111 56 105.638
      vertex 111 54.925 107.5
      vertex 111 55.0174 107.562
    endloop
  endfacet
  facet normal -1 0 0
    outer loop
      vertex 111 54.72 107.415
      vertex 111 55.2765 105.339
      vertex 111 54.8916 105.262
    endloop
  endfacet
  facet normal -1 0 0
    outer loop
      vertex 111 55.648 105.465
      vertex 111 54.8253 107.451
      vertex 111 54.925 107.5
    endloop
  endfacet
  facet normal -1 0 0
    outer loop
      vertex 111 55.2765 105.339
      vertex 111 54.72 107.415
      vertex 111 54.8253 107.451
    endloop
  endfacet
  facet normal -1 0 0
    outer loop
      vertex 111 54.8916 105.262
      vertex 111 54.6109 107.394
      vertex 111 54.72 107.415
    endloop
  endfacet
  facet normal -1 0 0
    outer loop
      vertex 111 54.5 105.236
      vertex 111 54.6109 107.394
      vertex 111 54.8916 105.262
    endloop
  endfacet
  facet normal -1 0 0
    outer loop
      vertex 111 54.5 105.236
      vertex 111 54.5 107.386
      vertex 111 54.6109 107.394
    endloop
  endfacet
  facet normal -1 0 0
    outer loop
      vertex 111 54.5 105.236
      vertex 111 54.3891 107.394
      vertex 111 54.5 107.386
    endloop
  endfacet
  facet normal -1 0 0
    outer loop
      vertex 111 54.1084 105.262
      vertex 111 54.3891 107.394
      vertex 111 54.5 105.236
    endloop
  endfacet
  facet normal -1 -0 0
    outer loop
      vertex 111 54.3891 107.394
      vertex 111 54.1084 105.262
      vertex 111 54.28 107.415
    endloop
  endfacet
  facet normal -1 0 0
    outer loop
      vertex 111 53.7235 105.339
      vertex 111 54.28 107.415
      vertex 111 54.1084 105.262
    endloop
  endfacet
  facet normal -1 -0 0
    outer loop
      vertex 111 54.28 107.415
      vertex 111 53.7235 105.339
      vertex 111 54.1747 107.451
    endloop
  endfacet
  facet normal -1 0 0
    outer loop
      vertex 111 53.352 105.465
      vertex 111 54.1747 107.451
      vertex 111 53.7235 105.339
    endloop
  endfacet
  facet normal -1 -0 0
    outer loop
      vertex 111 54.1747 107.451
      vertex 111 53.352 105.465
      vertex 111 54.075 107.5
    endloop
  endfacet
  facet normal -1 0 0
    outer loop
      vertex 111 53 105.638
      vertex 111 54.075 107.5
      vertex 111 53.352 105.465
    endloop
  endfacet
  facet normal -1 -0 0
    outer loop
      vertex 111 54.075 107.5
      vertex 111 53 105.638
      vertex 111 53.9826 107.562
    endloop
  endfacet
  facet normal -1 0 0
    outer loop
      vertex 111 52.6737 105.856
      vertex 111 53.9826 107.562
      vertex 111 53 105.638
    endloop
  endfacet
  facet normal -1 -0 0
    outer loop
      vertex 111 53.9826 107.562
      vertex 111 52.6737 105.856
      vertex 111 53.899 107.635
    endloop
  endfacet
  facet normal -1 0 0
    outer loop
      vertex 111 52.3787 106.115
      vertex 111 53.899 107.635
      vertex 111 52.6737 105.856
    endloop
  endfacet
  facet normal -1 -0 0
    outer loop
      vertex 111 53.899 107.635
      vertex 111 52.3787 106.115
      vertex 111 53.8256 107.719
    endloop
  endfacet
  facet normal -1 0 0
    outer loop
      vertex 111 52.1199 106.41
      vertex 111 53.8256 107.719
      vertex 111 52.3787 106.115
    endloop
  endfacet
  facet normal -1 -0 0
    outer loop
      vertex 111 53.8256 107.719
      vertex 111 52.1199 106.41
      vertex 111 53.7639 107.811
    endloop
  endfacet
  facet normal -1 0 0
    outer loop
      vertex 111 55.1744 108.754
      vertex 111 56.8801 110.063
      vertex 111 55.2361 108.661
    endloop
  endfacet
  facet normal -1 -0 0
    outer loop
      vertex 111 56.8801 110.063
      vertex 111 55.1744 108.754
      vertex 111 56.6213 110.358
    endloop
  endfacet
  facet normal -1 0 0
    outer loop
      vertex 111 55.101 108.837
      vertex 111 56.6213 110.358
      vertex 111 55.1744 108.754
    endloop
  endfacet
  facet normal -1 -0 0
    outer loop
      vertex 111 56.6213 110.358
      vertex 111 55.101 108.837
      vertex 111 56.3263 110.616
    endloop
  endfacet
  facet normal -1 0 0
    outer loop
      vertex 111 55.0174 108.911
      vertex 111 56.3263 110.616
      vertex 111 55.101 108.837
    endloop
  endfacet
  facet normal -1 -0 0
    outer loop
      vertex 111 56.3263 110.616
      vertex 111 55.0174 108.911
      vertex 111 56 110.834
    endloop
  endfacet
  facet normal -1 0 0
    outer loop
      vertex 111 54.925 108.973
      vertex 111 56 110.834
      vertex 111 55.0174 108.911
    endloop
  endfacet
  facet normal -1 -0 0
    outer loop
      vertex 111 56 110.834
      vertex 111 54.925 108.973
      vertex 111 55.648 111.008
    endloop
  endfacet
  facet normal -1 0 0
    outer loop
      vertex 111 54.8253 109.022
      vertex 111 55.648 111.008
      vertex 111 54.925 108.973
    endloop
  endfacet
  facet normal -1 -0 0
    outer loop
      vertex 111 55.648 111.008
      vertex 111 54.8253 109.022
      vertex 111 55.2765 111.134
    endloop
  endfacet
  facet normal -1 0 0
    outer loop
      vertex 111 54.72 109.057
      vertex 111 55.2765 111.134
      vertex 111 54.8253 109.022
    endloop
  endfacet
  facet normal -1 -0 0
    outer loop
      vertex 111 55.2765 111.134
      vertex 111 54.72 109.057
      vertex 111 54.8916 111.211
    endloop
  endfacet
  facet normal -1 0 0
    outer loop
      vertex 111 54.6109 109.079
      vertex 111 54.8916 111.211
      vertex 111 54.72 109.057
    endloop
  endfacet
  facet normal -1 0 0
    outer loop
      vertex 111 54.5 109.086
      vertex 111 54.8916 111.211
      vertex 111 54.6109 109.079
    endloop
  endfacet
  facet normal -1 0 0
    outer loop
      vertex 111 54.5 109.086
      vertex 111 54.5 111.236
      vertex 111 54.8916 111.211
    endloop
  endfacet
  facet normal -1 0 0
    outer loop
      vertex 111 54.3891 109.079
      vertex 111 54.5 111.236
      vertex 111 54.5 109.086
    endloop
  endfacet
  facet normal -1 0 0
    outer loop
      vertex 111 54.1084 111.211
      vertex 111 54.3891 109.079
      vertex 111 54.28 109.057
    endloop
  endfacet
  facet normal -1 0 0
    outer loop
      vertex 111 53.7235 111.134
      vertex 111 54.28 109.057
      vertex 111 54.1747 109.022
    endloop
  endfacet
  facet normal -1 0 0
    outer loop
      vertex 111 54.3891 109.079
      vertex 111 54.1084 111.211
      vertex 111 54.5 111.236
    endloop
  endfacet
  facet normal -1 0 0
    outer loop
      vertex 111 53.352 111.008
      vertex 111 54.1747 109.022
      vertex 111 54.075 108.973
    endloop
  endfacet
  facet normal -1 0 0
    outer loop
      vertex 111 53 110.834
      vertex 111 54.075 108.973
      vertex 111 53.9826 108.911
    endloop
  endfacet
  facet normal -1 0 0
    outer loop
      vertex 111 52.6737 110.616
      vertex 111 53.9826 108.911
      vertex 111 53.899 108.837
    endloop
  endfacet
  facet normal -1 0 0
    outer loop
      vertex 111 52.3787 110.358
      vertex 111 53.899 108.837
      vertex 111 53.8256 108.754
    endloop
  endfacet
  facet normal -1 0 0
    outer loop
      vertex 111 52.1199 110.063
      vertex 111 53.8256 108.754
      vertex 111 53.7639 108.661
    endloop
  endfacet
  facet normal -1 0 0
    outer loop
      vertex 111 54.28 109.057
      vertex 111 53.7235 111.134
      vertex 111 54.1084 111.211
    endloop
  endfacet
  facet normal -1 0 0
    outer loop
      vertex 111 51.9019 109.736
      vertex 111 53.7639 108.661
      vertex 111 53.7147 108.562
    endloop
  endfacet
  facet normal -1 0 0
    outer loop
      vertex 111 51.7284 109.384
      vertex 111 53.7147 108.562
      vertex 111 53.679 108.456
    endloop
  endfacet
  facet normal -1 0 0
    outer loop
      vertex 111 51.6022 109.013
      vertex 111 53.679 108.456
      vertex 111 53.6573 108.347
    endloop
  endfacet
  facet normal -1 0 0
    outer loop
      vertex 111 51.5257 108.628
      vertex 111 53.6573 108.347
      vertex 111 53.65 108.236
    endloop
  endfacet
  facet normal -1 0 0
    outer loop
      vertex 111 51.9019 106.736
      vertex 111 53.7639 107.811
      vertex 111 52.1199 106.41
    endloop
  endfacet
  facet normal -1 0 0
    outer loop
      vertex 111 54.1747 109.022
      vertex 111 53.352 111.008
      vertex 111 53.7235 111.134
    endloop
  endfacet
  facet normal -1 -0 0
    outer loop
      vertex 111 53.7639 107.811
      vertex 111 51.9019 106.736
      vertex 111 53.7147 107.911
    endloop
  endfacet
  facet normal -1 0 0
    outer loop
      vertex 111 54.075 108.973
      vertex 111 53 110.834
      vertex 111 53.352 111.008
    endloop
  endfacet
  facet normal -1 0 0
    outer loop
      vertex 111 51.7284 107.088
      vertex 111 53.7147 107.911
      vertex 111 51.9019 106.736
    endloop
  endfacet
  facet normal -1 0 0
    outer loop
      vertex 111 53.9826 108.911
      vertex 111 52.6737 110.616
      vertex 111 53 110.834
    endloop
  endfacet
  facet normal -1 -0 0
    outer loop
      vertex 111 53.7147 107.911
      vertex 111 51.7284 107.088
      vertex 111 53.679 108.016
    endloop
  endfacet
  facet normal -1 0 0
    outer loop
      vertex 111 53.899 108.837
      vertex 111 52.3787 110.358
      vertex 111 52.6737 110.616
    endloop
  endfacet
  facet normal -1 0 0
    outer loop
      vertex 111 51.6022 107.46
      vertex 111 53.679 108.016
      vertex 111 51.7284 107.088
    endloop
  endfacet
  facet normal -1 0 0
    outer loop
      vertex 111 53.8256 108.754
      vertex 111 52.1199 110.063
      vertex 111 52.3787 110.358
    endloop
  endfacet
  facet normal -1 -0 0
    outer loop
      vertex 111 53.679 108.016
      vertex 111 51.6022 107.46
      vertex 111 53.6573 108.125
    endloop
  endfacet
  facet normal -1 0 0
    outer loop
      vertex 111 53.7639 108.661
      vertex 111 51.9019 109.736
      vertex 111 52.1199 110.063
    endloop
  endfacet
  facet normal -1 0 0
    outer loop
      vertex 111 51.5257 107.845
      vertex 111 53.6573 108.125
      vertex 111 51.6022 107.46
    endloop
  endfacet
  facet normal -1 0 0
    outer loop
      vertex 111 53.7147 108.562
      vertex 111 51.7284 109.384
      vertex 111 51.9019 109.736
    endloop
  endfacet
  facet normal -1 -0 0
    outer loop
      vertex 111 53.6573 108.125
      vertex 111 51.5257 107.845
      vertex 111 53.65 108.236
    endloop
  endfacet
  facet normal -1 0 0
    outer loop
      vertex 111 53.679 108.456
      vertex 111 51.6022 109.013
      vertex 111 51.7284 109.384
    endloop
  endfacet
  facet normal -1 0 0
    outer loop
      vertex 111 51.5 108.236
      vertex 111 53.65 108.236
      vertex 111 51.5257 107.845
    endloop
  endfacet
  facet normal -1 0 0
    outer loop
      vertex 111 53.6573 108.347
      vertex 111 51.5257 108.628
      vertex 111 51.6022 109.013
    endloop
  endfacet
  facet normal -1 0 0
    outer loop
      vertex 111 53.65 108.236
      vertex 111 51.5 108.236
      vertex 111 51.5257 108.628
    endloop
  endfacet
  facet normal 0 -0.196165 0.980571
    outer loop
      vertex 111 54.1084 111.211
      vertex 115 53.7235 111.134
      vertex 115 54.1084 111.211
    endloop
  endfacet
  facet normal 0 -0.196165 0.980571
    outer loop
      vertex 115 53.7235 111.134
      vertex 111 54.1084 111.211
      vertex 111 53.7235 111.134
    endloop
  endfacet
  facet normal 0 -0.751724 0.659478
    outer loop
      vertex 111 52.1199 110.063
      vertex 115 52.3787 110.358
      vertex 111 52.3787 110.358
    endloop
  endfacet
  facet normal 0 -0.751724 0.659478
    outer loop
      vertex 115 52.3787 110.358
      vertex 111 52.1199 110.063
      vertex 115 52.1199 110.063
    endloop
  endfacet
  facet normal 0 -0.555523 0.831501
    outer loop
      vertex 111 53 110.834
      vertex 115 52.6737 110.616
      vertex 115 53 110.834
    endloop
  endfacet
  facet normal 0 -0.555523 0.831501
    outer loop
      vertex 115 52.6737 110.616
      vertex 111 53 110.834
      vertex 111 52.6737 110.616
    endloop
  endfacet
  facet normal 0 -0.831265 -0.555877
    outer loop
      vertex 111 52.1199 106.41
      vertex 115 51.9019 106.736
      vertex 111 51.9019 106.736
    endloop
  endfacet
  facet normal 0 -0.831265 -0.555877
    outer loop
      vertex 115 51.9019 106.736
      vertex 111 52.1199 106.41
      vertex 115 52.1199 106.41
    endloop
  endfacet
  facet normal 0 -0.659766 -0.751471
    outer loop
      vertex 111 52.3787 106.115
      vertex 115 52.6737 105.856
      vertex 115 52.3787 106.115
    endloop
  endfacet
  facet normal -0 -0.659766 -0.751471
    outer loop
      vertex 115 52.6737 105.856
      vertex 111 52.3787 106.115
      vertex 111 52.6737 105.856
    endloop
  endfacet
  facet normal 0 -0.441082 -0.897467
    outer loop
      vertex 111 54.8253 109.022
      vertex 115 54.925 108.973
      vertex 115 54.8253 109.022
    endloop
  endfacet
  facet normal -0 -0.441082 -0.897467
    outer loop
      vertex 115 54.925 108.973
      vertex 111 54.8253 109.022
      vertex 111 54.925 108.973
    endloop
  endfacet
  facet normal 0 -0.557186 -0.830387
    outer loop
      vertex 111 54.925 108.973
      vertex 115 55.0174 108.911
      vertex 115 54.925 108.973
    endloop
  endfacet
  facet normal -0 -0.557186 -0.830387
    outer loop
      vertex 115 55.0174 108.911
      vertex 111 54.925 108.973
      vertex 111 55.0174 108.911
    endloop
  endfacet
  facet normal 0 -0.947695 -0.319177
    outer loop
      vertex 111 55.321 108.456
      vertex 115 55.2853 108.562
      vertex 111 55.2853 108.562
    endloop
  endfacet
  facet normal 0 -0.947695 -0.319177
    outer loop
      vertex 115 55.2853 108.562
      vertex 111 55.321 108.456
      vertex 115 55.321 108.456
    endloop
  endfacet
  facet normal 0 -0.89728 0.441462
    outer loop
      vertex 111 55.2361 107.811
      vertex 115 55.2853 107.911
      vertex 111 55.2853 107.911
    endloop
  endfacet
  facet normal 0 -0.89728 0.441462
    outer loop
      vertex 115 55.2853 107.911
      vertex 111 55.2361 107.811
      vertex 115 55.2361 107.811
    endloop
  endfacet
  facet normal 0 -0.441082 0.897467
    outer loop
      vertex 111 54.925 107.5
      vertex 115 54.8253 107.451
      vertex 115 54.925 107.5
    endloop
  endfacet
  facet normal 0 -0.441082 0.897467
    outer loop
      vertex 115 54.8253 107.451
      vertex 111 54.925 107.5
      vertex 111 54.8253 107.451
    endloop
  endfacet
  facet normal 0 0.197671 -0.980268
    outer loop
      vertex 111 54.28 109.057
      vertex 115 54.3891 109.079
      vertex 115 54.28 109.057
    endloop
  endfacet
  facet normal 0 0.197671 -0.980268
    outer loop
      vertex 115 54.3891 109.079
      vertex 111 54.28 109.057
      vertex 111 54.3891 109.079
    endloop
  endfacet
  facet normal 0 -0.89551 -0.445041
    outer loop
      vertex 111 55.2853 108.562
      vertex 115 55.2361 108.661
      vertex 111 55.2361 108.661
    endloop
  endfacet
  facet normal 0 -0.89551 -0.445041
    outer loop
      vertex 115 55.2361 108.661
      vertex 111 55.2853 108.562
      vertex 115 55.2853 108.562
    endloop
  endfacet
  facet normal 0 -0.0719501 0.997408
    outer loop
      vertex 111 54.6109 107.394
      vertex 115 54.5 107.386
      vertex 115 54.6109 107.394
    endloop
  endfacet
  facet normal 0 -0.0719501 0.997408
    outer loop
      vertex 115 54.5 107.386
      vertex 111 54.6109 107.394
      vertex 111 54.5 107.386
    endloop
  endfacet
  facet normal 0 -0.557186 0.830387
    outer loop
      vertex 111 55.0174 107.562
      vertex 115 54.925 107.5
      vertex 115 55.0174 107.562
    endloop
  endfacet
  facet normal 0 -0.557186 0.830387
    outer loop
      vertex 115 54.925 107.5
      vertex 111 55.0174 107.562
      vertex 111 54.925 107.5
    endloop
  endfacet
  facet normal 0 -0.830519 0.55699
    outer loop
      vertex 111 55.1744 107.719
      vertex 115 55.2361 107.811
      vertex 111 55.2361 107.811
    endloop
  endfacet
  facet normal 0 -0.830519 0.55699
    outer loop
      vertex 115 55.2361 107.811
      vertex 111 55.1744 107.719
      vertex 115 55.1744 107.719
    endloop
  endfacet
  facet normal 0 -0.946773 0.321903
    outer loop
      vertex 111 55.2853 107.911
      vertex 115 55.321 108.016
      vertex 111 55.321 108.016
    endloop
  endfacet
  facet normal 0 -0.946773 0.321903
    outer loop
      vertex 115 55.321 108.016
      vertex 111 55.2853 107.911
      vertex 115 55.2853 107.911
    endloop
  endfacet
  facet normal 0 0.0629946 -0.998014
    outer loop
      vertex 111 54.3891 109.079
      vertex 115 54.5 109.086
      vertex 115 54.3891 109.079
    endloop
  endfacet
  facet normal 0 0.0629946 -0.998014
    outer loop
      vertex 115 54.5 109.086
      vertex 111 54.3891 109.079
      vertex 111 54.5 109.086
    endloop
  endfacet
  facet normal 0 0.315417 -0.948953
    outer loop
      vertex 111 54.1747 109.022
      vertex 115 54.28 109.057
      vertex 115 54.1747 109.022
    endloop
  endfacet
  facet normal 0 0.315417 -0.948953
    outer loop
      vertex 115 54.28 109.057
      vertex 111 54.1747 109.022
      vertex 111 54.28 109.057
    endloop
  endfacet
  facet normal 0 0.833289 -0.552838
    outer loop
      vertex 115 53.7639 108.661
      vertex 111 53.8256 108.754
      vertex 115 53.8256 108.754
    endloop
  endfacet
  facet normal 0 0.833289 -0.552838
    outer loop
      vertex 111 53.8256 108.754
      vertex 115 53.7639 108.661
      vertex 111 53.7639 108.661
    endloop
  endfacet
  facet normal 0 -0.315417 -0.948953
    outer loop
      vertex 111 54.72 109.057
      vertex 115 54.8253 109.022
      vertex 115 54.72 109.057
    endloop
  endfacet
  facet normal -0 -0.315417 -0.948953
    outer loop
      vertex 115 54.8253 109.022
      vertex 111 54.72 109.057
      vertex 111 54.8253 109.022
    endloop
  endfacet
  facet normal 0 -0.7491 -0.662457
    outer loop
      vertex 111 55.1744 108.754
      vertex 115 55.101 108.837
      vertex 111 55.101 108.837
    endloop
  endfacet
  facet normal 0 -0.7491 -0.662457
    outer loop
      vertex 115 55.101 108.837
      vertex 111 55.1744 108.754
      vertex 115 55.1744 108.754
    endloop
  endfacet
  facet normal 0 -0.997844 0.065624
    outer loop
      vertex 111 55.3427 108.125
      vertex 115 55.35 108.236
      vertex 111 55.35 108.236
    endloop
  endfacet
  facet normal 0 -0.997844 0.065624
    outer loop
      vertex 115 55.35 108.236
      vertex 111 55.3427 108.125
      vertex 115 55.3427 108.125
    endloop
  endfacet
  facet normal 0 -0.980753 -0.195251
    outer loop
      vertex 111 55.3427 108.347
      vertex 115 55.321 108.456
      vertex 111 55.321 108.456
    endloop
  endfacet
  facet normal 0 -0.980753 -0.195251
    outer loop
      vertex 115 55.321 108.456
      vertex 111 55.3427 108.347
      vertex 115 55.3427 108.347
    endloop
  endfacet
  facet normal 0 -0.833289 -0.552838
    outer loop
      vertex 111 55.2361 108.661
      vertex 115 55.1744 108.754
      vertex 111 55.1744 108.754
    endloop
  endfacet
  facet normal 0 -0.833289 -0.552838
    outer loop
      vertex 115 55.1744 108.754
      vertex 111 55.2361 108.661
      vertex 115 55.2361 108.661
    endloop
  endfacet
  facet normal 0 -0.323497 0.946229
    outer loop
      vertex 111 54.8253 107.451
      vertex 115 54.72 107.415
      vertex 115 54.8253 107.451
    endloop
  endfacet
  facet normal 0 -0.323497 0.946229
    outer loop
      vertex 115 54.72 107.415
      vertex 111 54.8253 107.451
      vertex 111 54.72 107.415
    endloop
  endfacet
  facet normal 0 -0.189014 0.981974
    outer loop
      vertex 111 54.72 107.415
      vertex 115 54.6109 107.394
      vertex 115 54.72 107.415
    endloop
  endfacet
  facet normal 0 -0.189014 0.981974
    outer loop
      vertex 115 54.6109 107.394
      vertex 111 54.72 107.415
      vertex 111 54.6109 107.394
    endloop
  endfacet
  facet normal 0 -0.980753 0.195251
    outer loop
      vertex 111 55.321 108.016
      vertex 115 55.3427 108.125
      vertex 111 55.3427 108.125
    endloop
  endfacet
  facet normal 0 -0.980753 0.195251
    outer loop
      vertex 115 55.3427 108.125
      vertex 111 55.321 108.016
      vertex 115 55.321 108.016
    endloop
  endfacet
  facet normal 0 -0.753021 0.657997
    outer loop
      vertex 111 55.101 107.635
      vertex 115 55.1744 107.719
      vertex 111 55.1744 107.719
    endloop
  endfacet
  facet normal 0 -0.753021 0.657997
    outer loop
      vertex 115 55.1744 107.719
      vertex 111 55.101 107.635
      vertex 115 55.101 107.635
    endloop
  endfacet
  facet normal 0 -0.657739 0.753246
    outer loop
      vertex 111 55.101 107.635
      vertex 115 55.0174 107.562
      vertex 115 55.101 107.635
    endloop
  endfacet
  facet normal 0 -0.657739 0.753246
    outer loop
      vertex 115 55.0174 107.562
      vertex 111 55.101 107.635
      vertex 111 55.0174 107.562
    endloop
  endfacet
  facet normal 0 -0.0629946 -0.998014
    outer loop
      vertex 111 54.5 109.086
      vertex 115 54.6109 109.079
      vertex 115 54.5 109.086
    endloop
  endfacet
  facet normal -0 -0.0629946 -0.998014
    outer loop
      vertex 115 54.6109 109.079
      vertex 111 54.5 109.086
      vertex 111 54.6109 109.079
    endloop
  endfacet
  facet normal 0 0.557186 -0.830387
    outer loop
      vertex 111 53.9826 108.911
      vertex 115 54.075 108.973
      vertex 115 53.9826 108.911
    endloop
  endfacet
  facet normal 0 0.557186 -0.830387
    outer loop
      vertex 115 54.075 108.973
      vertex 111 53.9826 108.911
      vertex 111 54.075 108.973
    endloop
  endfacet
  facet normal -0 0.0719501 0.997408
    outer loop
      vertex 111 54.5 107.386
      vertex 115 54.3891 107.394
      vertex 115 54.5 107.386
    endloop
  endfacet
  facet normal 0 0.0719501 0.997408
    outer loop
      vertex 115 54.3891 107.394
      vertex 111 54.5 107.386
      vertex 111 54.3891 107.394
    endloop
  endfacet
  facet normal -0 0.441082 0.897467
    outer loop
      vertex 111 54.1747 107.451
      vertex 115 54.075 107.5
      vertex 115 54.1747 107.451
    endloop
  endfacet
  facet normal 0 0.441082 0.897467
    outer loop
      vertex 115 54.075 107.5
      vertex 111 54.1747 107.451
      vertex 111 54.075 107.5
    endloop
  endfacet
  facet normal 0 0.980753 -0.195251
    outer loop
      vertex 115 53.6573 108.347
      vertex 111 53.679 108.456
      vertex 115 53.679 108.456
    endloop
  endfacet
  facet normal 0 0.980753 -0.195251
    outer loop
      vertex 111 53.679 108.456
      vertex 115 53.6573 108.347
      vertex 111 53.6573 108.347
    endloop
  endfacet
  facet normal 0 0.7491 -0.662457
    outer loop
      vertex 115 53.8256 108.754
      vertex 111 53.899 108.837
      vertex 115 53.899 108.837
    endloop
  endfacet
  facet normal 0 0.7491 -0.662457
    outer loop
      vertex 111 53.899 108.837
      vertex 115 53.8256 108.754
      vertex 111 53.8256 108.754
    endloop
  endfacet
  facet normal 0 -0.197671 -0.980268
    outer loop
      vertex 111 54.6109 109.079
      vertex 115 54.72 109.057
      vertex 115 54.6109 109.079
    endloop
  endfacet
  facet normal -0 -0.197671 -0.980268
    outer loop
      vertex 115 54.72 109.057
      vertex 111 54.6109 109.079
      vertex 111 54.72 109.057
    endloop
  endfacet
  facet normal 0 -0.662806 -0.748791
    outer loop
      vertex 111 55.0174 108.911
      vertex 115 55.101 108.837
      vertex 115 55.0174 108.911
    endloop
  endfacet
  facet normal -0 -0.662806 -0.748791
    outer loop
      vertex 115 55.101 108.837
      vertex 111 55.0174 108.911
      vertex 111 55.101 108.837
    endloop
  endfacet
  facet normal 0 -0.997844 -0.065624
    outer loop
      vertex 111 55.35 108.236
      vertex 115 55.3427 108.347
      vertex 111 55.3427 108.347
    endloop
  endfacet
  facet normal 0 -0.997844 -0.065624
    outer loop
      vertex 115 55.3427 108.347
      vertex 111 55.35 108.236
      vertex 115 55.35 108.236
    endloop
  endfacet
  facet normal 0 0.441082 -0.897467
    outer loop
      vertex 111 54.075 108.973
      vertex 115 54.1747 109.022
      vertex 115 54.075 108.973
    endloop
  endfacet
  facet normal 0 0.441082 -0.897467
    outer loop
      vertex 115 54.1747 109.022
      vertex 111 54.075 108.973
      vertex 111 54.1747 109.022
    endloop
  endfacet
  facet normal -0 0.323497 0.946229
    outer loop
      vertex 111 54.28 107.415
      vertex 115 54.1747 107.451
      vertex 115 54.28 107.415
    endloop
  endfacet
  facet normal 0 0.323497 0.946229
    outer loop
      vertex 115 54.1747 107.451
      vertex 111 54.28 107.415
      vertex 111 54.1747 107.451
    endloop
  endfacet
  facet normal -0 0.189014 0.981974
    outer loop
      vertex 111 54.3891 107.394
      vertex 115 54.28 107.415
      vertex 115 54.3891 107.394
    endloop
  endfacet
  facet normal 0 0.189014 0.981974
    outer loop
      vertex 115 54.28 107.415
      vertex 111 54.3891 107.394
      vertex 111 54.28 107.415
    endloop
  endfacet
  facet normal 0 0.89551 -0.445041
    outer loop
      vertex 115 53.7147 108.562
      vertex 111 53.7639 108.661
      vertex 115 53.7639 108.661
    endloop
  endfacet
  facet normal 0 0.89551 -0.445041
    outer loop
      vertex 111 53.7639 108.661
      vertex 115 53.7147 108.562
      vertex 111 53.7147 108.562
    endloop
  endfacet
  facet normal 0 0.947695 -0.319177
    outer loop
      vertex 115 53.679 108.456
      vertex 111 53.7147 108.562
      vertex 115 53.7147 108.562
    endloop
  endfacet
  facet normal 0 0.947695 -0.319177
    outer loop
      vertex 111 53.7147 108.562
      vertex 115 53.679 108.456
      vertex 111 53.679 108.456
    endloop
  endfacet
  facet normal 0 0.662806 -0.748791
    outer loop
      vertex 111 53.899 108.837
      vertex 115 53.9826 108.911
      vertex 115 53.899 108.837
    endloop
  endfacet
  facet normal 0 0.662806 -0.748791
    outer loop
      vertex 115 53.9826 108.911
      vertex 111 53.899 108.837
      vertex 111 53.9826 108.911
    endloop
  endfacet
  facet normal 0 0.946773 0.321903
    outer loop
      vertex 115 53.7147 107.911
      vertex 111 53.679 108.016
      vertex 115 53.679 108.016
    endloop
  endfacet
  facet normal 0 0.946773 0.321903
    outer loop
      vertex 111 53.679 108.016
      vertex 115 53.7147 107.911
      vertex 111 53.7147 107.911
    endloop
  endfacet
  facet normal 0 0.997844 -0.065624
    outer loop
      vertex 115 53.65 108.236
      vertex 111 53.6573 108.347
      vertex 115 53.6573 108.347
    endloop
  endfacet
  facet normal 0 0.997844 -0.065624
    outer loop
      vertex 111 53.6573 108.347
      vertex 115 53.65 108.236
      vertex 111 53.65 108.236
    endloop
  endfacet
  facet normal 0 0.997844 0.065624
    outer loop
      vertex 115 53.6573 108.125
      vertex 111 53.65 108.236
      vertex 115 53.65 108.236
    endloop
  endfacet
  facet normal 0 0.997844 0.065624
    outer loop
      vertex 111 53.65 108.236
      vertex 115 53.6573 108.125
      vertex 111 53.6573 108.125
    endloop
  endfacet
  facet normal 0 0.980753 0.195251
    outer loop
      vertex 115 53.679 108.016
      vertex 111 53.6573 108.125
      vertex 115 53.6573 108.125
    endloop
  endfacet
  facet normal 0 0.980753 0.195251
    outer loop
      vertex 111 53.6573 108.125
      vertex 115 53.679 108.016
      vertex 111 53.679 108.016
    endloop
  endfacet
  facet normal -0 0.657739 0.753246
    outer loop
      vertex 111 53.9826 107.562
      vertex 115 53.899 107.635
      vertex 115 53.9826 107.562
    endloop
  endfacet
  facet normal 0 0.657739 0.753246
    outer loop
      vertex 115 53.899 107.635
      vertex 111 53.9826 107.562
      vertex 111 53.899 107.635
    endloop
  endfacet
  facet normal 0 0.753021 0.657997
    outer loop
      vertex 115 53.899 107.635
      vertex 111 53.8256 107.719
      vertex 115 53.8256 107.719
    endloop
  endfacet
  facet normal 0 0.753021 0.657997
    outer loop
      vertex 111 53.8256 107.719
      vertex 115 53.899 107.635
      vertex 111 53.899 107.635
    endloop
  endfacet
  facet normal 0 0.830519 0.55699
    outer loop
      vertex 115 53.8256 107.719
      vertex 111 53.7639 107.811
      vertex 115 53.7639 107.811
    endloop
  endfacet
  facet normal 0 0.830519 0.55699
    outer loop
      vertex 111 53.7639 107.811
      vertex 115 53.8256 107.719
      vertex 111 53.8256 107.719
    endloop
  endfacet
  facet normal -0 0.557186 0.830387
    outer loop
      vertex 111 54.075 107.5
      vertex 115 53.9826 107.562
      vertex 115 54.075 107.5
    endloop
  endfacet
  facet normal 0 0.557186 0.830387
    outer loop
      vertex 115 53.9826 107.562
      vertex 111 54.075 107.5
      vertex 111 53.9826 107.562
    endloop
  endfacet
  facet normal 0 0.89728 0.441462
    outer loop
      vertex 115 53.7639 107.811
      vertex 111 53.7147 107.911
      vertex 115 53.7147 107.911
    endloop
  endfacet
  facet normal 0 0.89728 0.441462
    outer loop
      vertex 111 53.7147 107.911
      vertex 115 53.7639 107.811
      vertex 111 53.7639 107.811
    endloop
  endfacet
  facet normal 0 0.751724 0.659478
    outer loop
      vertex 115 73.8801 110.063
      vertex 111 73.6213 110.358
      vertex 115 73.6213 110.358
    endloop
  endfacet
  facet normal 0 0.751724 0.659478
    outer loop
      vertex 111 73.6213 110.358
      vertex 115 73.8801 110.063
      vertex 111 73.8801 110.063
    endloop
  endfacet
  facet normal 0 -0.94699 -0.321264
    outer loop
      vertex 111 68.7284 107.088
      vertex 115 68.6022 107.46
      vertex 111 68.6022 107.46
    endloop
  endfacet
  facet normal 0 -0.94699 -0.321264
    outer loop
      vertex 115 68.6022 107.46
      vertex 111 68.7284 107.088
      vertex 115 68.7284 107.088
    endloop
  endfacet
  facet normal 0 0.94699 -0.321264
    outer loop
      vertex 115 74.2716 107.088
      vertex 111 74.3978 107.46
      vertex 115 74.3978 107.46
    endloop
  endfacet
  facet normal 0 0.94699 -0.321264
    outer loop
      vertex 111 74.3978 107.46
      vertex 115 74.2716 107.088
      vertex 111 74.2716 107.088
    endloop
  endfacet
  facet normal 0 0.441084 -0.897466
    outer loop
      vertex 111 72.648 105.465
      vertex 115 73 105.638
      vertex 115 72.648 105.465
    endloop
  endfacet
  facet normal 0 0.441084 -0.897466
    outer loop
      vertex 115 73 105.638
      vertex 111 72.648 105.465
      vertex 111 73 105.638
    endloop
  endfacet
  facet normal -0 0.443134 0.896455
    outer loop
      vertex 111 73 110.834
      vertex 115 72.648 111.008
      vertex 115 73 110.834
    endloop
  endfacet
  facet normal 0 0.443134 0.896455
    outer loop
      vertex 115 72.648 111.008
      vertex 111 73 110.834
      vertex 111 72.648 111.008
    endloop
  endfacet
  facet normal -0 0.196165 0.980571
    outer loop
      vertex 111 72.2765 111.134
      vertex 115 71.8916 111.211
      vertex 115 72.2765 111.134
    endloop
  endfacet
  facet normal 0 0.196165 0.980571
    outer loop
      vertex 115 71.8916 111.211
      vertex 111 72.2765 111.134
      vertex 111 71.8916 111.211
    endloop
  endfacet
  facet normal -0 0.555523 0.831501
    outer loop
      vertex 111 73.3263 110.616
      vertex 115 73 110.834
      vertex 115 73.3263 110.616
    endloop
  endfacet
  facet normal 0 0.555523 0.831501
    outer loop
      vertex 115 73 110.834
      vertex 111 73.3263 110.616
      vertex 111 73 110.834
    endloop
  endfacet
  facet normal -0 0.658324 0.752735
    outer loop
      vertex 111 73.6213 110.358
      vertex 115 73.3263 110.616
      vertex 115 73.6213 110.358
    endloop
  endfacet
  facet normal 0 0.658324 0.752735
    outer loop
      vertex 115 73.3263 110.616
      vertex 111 73.6213 110.358
      vertex 111 73.3263 110.616
    endloop
  endfacet
  facet normal 0 0.896961 0.44211
    outer loop
      vertex 115 74.2716 109.384
      vertex 111 74.0981 109.736
      vertex 115 74.0981 109.736
    endloop
  endfacet
  facet normal 0 0.896961 0.44211
    outer loop
      vertex 111 74.0981 109.736
      vertex 115 74.2716 109.384
      vertex 111 74.2716 109.384
    endloop
  endfacet
  facet normal 0 0.980825 0.194891
    outer loop
      vertex 115 74.4743 108.628
      vertex 111 74.3978 109.013
      vertex 115 74.3978 109.013
    endloop
  endfacet
  facet normal 0 0.980825 0.194891
    outer loop
      vertex 111 74.3978 109.013
      vertex 115 74.4743 108.628
      vertex 111 74.4743 108.628
    endloop
  endfacet
  facet normal 0 0.196165 -0.980571
    outer loop
      vertex 111 71.8916 105.262
      vertex 115 72.2765 105.339
      vertex 115 71.8916 105.262
    endloop
  endfacet
  facet normal 0 0.196165 -0.980571
    outer loop
      vertex 115 72.2765 105.339
      vertex 111 71.8916 105.262
      vertex 111 72.2765 105.339
    endloop
  endfacet
  facet normal 0 0.659766 -0.751471
    outer loop
      vertex 111 73.3263 105.856
      vertex 115 73.6213 106.115
      vertex 115 73.3263 105.856
    endloop
  endfacet
  facet normal 0 0.659766 -0.751471
    outer loop
      vertex 115 73.6213 106.115
      vertex 111 73.3263 105.856
      vertex 111 73.6213 106.115
    endloop
  endfacet
  facet normal 0 0.896961 -0.44211
    outer loop
      vertex 115 74.0981 106.736
      vertex 111 74.2716 107.088
      vertex 115 74.2716 107.088
    endloop
  endfacet
  facet normal 0 0.896961 -0.44211
    outer loop
      vertex 111 74.2716 107.088
      vertex 115 74.0981 106.736
      vertex 111 74.0981 106.736
    endloop
  endfacet
  facet normal 0 0.980825 -0.194891
    outer loop
      vertex 115 74.3978 107.46
      vertex 111 74.4743 107.845
      vertex 115 74.4743 107.845
    endloop
  endfacet
  facet normal 0 0.980825 -0.194891
    outer loop
      vertex 111 74.4743 107.845
      vertex 115 74.3978 107.46
      vertex 111 74.3978 107.46
    endloop
  endfacet
  facet normal 0 -0.063711 0.997968
    outer loop
      vertex 111 71.5 111.236
      vertex 115 71.1084 111.211
      vertex 115 71.5 111.236
    endloop
  endfacet
  facet normal 0 -0.063711 0.997968
    outer loop
      vertex 115 71.1084 111.211
      vertex 111 71.5 111.236
      vertex 111 71.1084 111.211
    endloop
  endfacet
  facet normal 0 -0.946726 0.32204
    outer loop
      vertex 111 68.6022 109.013
      vertex 115 68.7284 109.384
      vertex 111 68.7284 109.384
    endloop
  endfacet
  facet normal 0 -0.946726 0.32204
    outer loop
      vertex 115 68.7284 109.384
      vertex 111 68.6022 109.013
      vertex 115 68.6022 109.013
    endloop
  endfacet
  facet normal 0 -0.896961 0.44211
    outer loop
      vertex 111 68.7284 109.384
      vertex 115 68.9019 109.736
      vertex 111 68.9019 109.736
    endloop
  endfacet
  facet normal 0 -0.896961 0.44211
    outer loop
      vertex 115 68.9019 109.736
      vertex 111 68.7284 109.384
      vertex 115 68.7284 109.384
    endloop
  endfacet
  facet normal 0 -0.658324 0.752735
    outer loop
      vertex 111 69.6737 110.616
      vertex 115 69.3787 110.358
      vertex 115 69.6737 110.616
    endloop
  endfacet
  facet normal 0 -0.658324 0.752735
    outer loop
      vertex 115 69.3787 110.358
      vertex 111 69.6737 110.616
      vertex 111 69.3787 110.358
    endloop
  endfacet
  facet normal 0 -0.980825 -0.194891
    outer loop
      vertex 111 68.6022 107.46
      vertex 115 68.5257 107.845
      vertex 111 68.5257 107.845
    endloop
  endfacet
  facet normal 0 -0.980825 -0.194891
    outer loop
      vertex 115 68.5257 107.845
      vertex 111 68.6022 107.46
      vertex 115 68.6022 107.46
    endloop
  endfacet
  facet normal 0 -0.751724 -0.659478
    outer loop
      vertex 111 69.3787 106.115
      vertex 115 69.1199 106.41
      vertex 111 69.1199 106.41
    endloop
  endfacet
  facet normal 0 -0.751724 -0.659478
    outer loop
      vertex 115 69.1199 106.41
      vertex 111 69.3787 106.115
      vertex 115 69.3787 106.115
    endloop
  endfacet
  facet normal 0 -0.441084 -0.897466
    outer loop
      vertex 111 70 105.638
      vertex 115 70.352 105.465
      vertex 115 70 105.638
    endloop
  endfacet
  facet normal -0 -0.441084 -0.897466
    outer loop
      vertex 115 70.352 105.465
      vertex 111 70 105.638
      vertex 111 70.352 105.465
    endloop
  endfacet
  facet normal 0 -0.196165 -0.980571
    outer loop
      vertex 111 70.7235 105.339
      vertex 115 71.1084 105.262
      vertex 115 70.7235 105.339
    endloop
  endfacet
  facet normal -0 -0.196165 -0.980571
    outer loop
      vertex 115 71.1084 105.262
      vertex 111 70.7235 105.339
      vertex 111 71.1084 105.262
    endloop
  endfacet
  facet normal -0 0.321194 0.947013
    outer loop
      vertex 111 72.648 111.008
      vertex 115 72.2765 111.134
      vertex 115 72.648 111.008
    endloop
  endfacet
  facet normal 0 0.321194 0.947013
    outer loop
      vertex 115 72.2765 111.134
      vertex 111 72.648 111.008
      vertex 111 72.2765 111.134
    endloop
  endfacet
  facet normal 0 0.83205 0.5547
    outer loop
      vertex 115 74.0981 109.736
      vertex 111 73.8801 110.063
      vertex 115 73.8801 110.063
    endloop
  endfacet
  facet normal 0 0.83205 0.5547
    outer loop
      vertex 111 73.8801 110.063
      vertex 115 74.0981 109.736
      vertex 111 74.0981 109.736
    endloop
  endfacet
  facet normal 0 0.997858 0.0654208
    outer loop
      vertex 115 74.5 108.236
      vertex 111 74.4743 108.628
      vertex 115 74.4743 108.628
    endloop
  endfacet
  facet normal 0 0.997858 0.0654208
    outer loop
      vertex 111 74.4743 108.628
      vertex 115 74.5 108.236
      vertex 111 74.5 108.236
    endloop
  endfacet
  facet normal 0 0.946726 0.32204
    outer loop
      vertex 115 74.3978 109.013
      vertex 111 74.2716 109.384
      vertex 115 74.2716 109.384
    endloop
  endfacet
  facet normal 0 0.946726 0.32204
    outer loop
      vertex 111 74.2716 109.384
      vertex 115 74.3978 109.013
      vertex 111 74.3978 109.013
    endloop
  endfacet
  facet normal 0 0.0662484 -0.997803
    outer loop
      vertex 111 71.5 105.236
      vertex 115 71.8916 105.262
      vertex 115 71.5 105.236
    endloop
  endfacet
  facet normal 0 0.0662484 -0.997803
    outer loop
      vertex 115 71.8916 105.262
      vertex 111 71.5 105.236
      vertex 111 71.8916 105.262
    endloop
  endfacet
  facet normal 0 0.321194 -0.947013
    outer loop
      vertex 111 72.2765 105.339
      vertex 115 72.648 105.465
      vertex 115 72.2765 105.339
    endloop
  endfacet
  facet normal 0 0.321194 -0.947013
    outer loop
      vertex 115 72.648 105.465
      vertex 111 72.2765 105.339
      vertex 111 72.648 105.465
    endloop
  endfacet
  facet normal 0 0.555523 -0.831501
    outer loop
      vertex 111 73 105.638
      vertex 115 73.3263 105.856
      vertex 115 73 105.638
    endloop
  endfacet
  facet normal 0 0.555523 -0.831501
    outer loop
      vertex 115 73.3263 105.856
      vertex 111 73 105.638
      vertex 111 73.3263 105.856
    endloop
  endfacet
  facet normal 0 0.997847 -0.0655874
    outer loop
      vertex 115 74.4743 107.845
      vertex 111 74.5 108.236
      vertex 115 74.5 108.236
    endloop
  endfacet
  facet normal 0 0.997847 -0.0655874
    outer loop
      vertex 111 74.5 108.236
      vertex 115 74.4743 107.845
      vertex 111 74.4743 107.845
    endloop
  endfacet
  facet normal 0 0.831265 -0.555877
    outer loop
      vertex 115 73.8801 106.41
      vertex 111 74.0981 106.736
      vertex 115 74.0981 106.736
    endloop
  endfacet
  facet normal 0 0.831265 -0.555877
    outer loop
      vertex 111 74.0981 106.736
      vertex 115 73.8801 106.41
      vertex 111 73.8801 106.41
    endloop
  endfacet
  facet normal 0 0.751724 -0.659478
    outer loop
      vertex 115 73.6213 106.115
      vertex 111 73.8801 106.41
      vertex 115 73.8801 106.41
    endloop
  endfacet
  facet normal 0 0.751724 -0.659478
    outer loop
      vertex 111 73.8801 106.41
      vertex 115 73.6213 106.115
      vertex 111 73.6213 106.115
    endloop
  endfacet
  facet normal -0 0.063711 0.997968
    outer loop
      vertex 111 71.8916 111.211
      vertex 115 71.5 111.236
      vertex 115 71.8916 111.211
    endloop
  endfacet
  facet normal 0 0.063711 0.997968
    outer loop
      vertex 115 71.5 111.236
      vertex 111 71.8916 111.211
      vertex 111 71.5 111.236
    endloop
  endfacet
  facet normal 0 -0.997858 0.0654208
    outer loop
      vertex 111 68.5 108.236
      vertex 115 68.5257 108.628
      vertex 111 68.5257 108.628
    endloop
  endfacet
  facet normal 0 -0.997858 0.0654208
    outer loop
      vertex 115 68.5257 108.628
      vertex 111 68.5 108.236
      vertex 115 68.5 108.236
    endloop
  endfacet
  facet normal 0 -0.321194 0.947013
    outer loop
      vertex 111 70.7235 111.134
      vertex 115 70.352 111.008
      vertex 115 70.7235 111.134
    endloop
  endfacet
  facet normal 0 -0.321194 0.947013
    outer loop
      vertex 115 70.352 111.008
      vertex 111 70.7235 111.134
      vertex 111 70.352 111.008
    endloop
  endfacet
  facet normal 0 -0.980825 0.194891
    outer loop
      vertex 111 68.5257 108.628
      vertex 115 68.6022 109.013
      vertex 111 68.6022 109.013
    endloop
  endfacet
  facet normal 0 -0.980825 0.194891
    outer loop
      vertex 115 68.6022 109.013
      vertex 111 68.5257 108.628
      vertex 115 68.5257 108.628
    endloop
  endfacet
  facet normal 0 -0.83205 0.5547
    outer loop
      vertex 111 68.9019 109.736
      vertex 115 69.1199 110.063
      vertex 111 69.1199 110.063
    endloop
  endfacet
  facet normal 0 -0.83205 0.5547
    outer loop
      vertex 115 69.1199 110.063
      vertex 111 68.9019 109.736
      vertex 115 68.9019 109.736
    endloop
  endfacet
  facet normal 0 -0.443134 0.896455
    outer loop
      vertex 111 70.352 111.008
      vertex 115 70 110.834
      vertex 115 70.352 111.008
    endloop
  endfacet
  facet normal 0 -0.443134 0.896455
    outer loop
      vertex 115 70 110.834
      vertex 111 70.352 111.008
      vertex 111 70 110.834
    endloop
  endfacet
  facet normal 0 -0.997847 -0.0655874
    outer loop
      vertex 111 68.5257 107.845
      vertex 115 68.5 108.236
      vertex 111 68.5 108.236
    endloop
  endfacet
  facet normal 0 -0.997847 -0.0655874
    outer loop
      vertex 115 68.5 108.236
      vertex 111 68.5257 107.845
      vertex 115 68.5257 107.845
    endloop
  endfacet
  facet normal 0 -0.896961 -0.44211
    outer loop
      vertex 111 68.9019 106.736
      vertex 115 68.7284 107.088
      vertex 111 68.7284 107.088
    endloop
  endfacet
  facet normal 0 -0.896961 -0.44211
    outer loop
      vertex 115 68.7284 107.088
      vertex 111 68.9019 106.736
      vertex 115 68.9019 106.736
    endloop
  endfacet
  facet normal 0 -0.321194 -0.947013
    outer loop
      vertex 111 70.352 105.465
      vertex 115 70.7235 105.339
      vertex 115 70.352 105.465
    endloop
  endfacet
  facet normal -0 -0.321194 -0.947013
    outer loop
      vertex 115 70.7235 105.339
      vertex 111 70.352 105.465
      vertex 111 70.7235 105.339
    endloop
  endfacet
  facet normal 0 -0.0662484 -0.997803
    outer loop
      vertex 111 71.1084 105.262
      vertex 115 71.5 105.236
      vertex 115 71.1084 105.262
    endloop
  endfacet
  facet normal -0 -0.0662484 -0.997803
    outer loop
      vertex 115 71.5 105.236
      vertex 111 71.1084 105.262
      vertex 111 71.5 105.236
    endloop
  endfacet
  facet normal 0 -0.555523 -0.831501
    outer loop
      vertex 111 69.6737 105.856
      vertex 115 70 105.638
      vertex 115 69.6737 105.856
    endloop
  endfacet
  facet normal -0 -0.555523 -0.831501
    outer loop
      vertex 115 70 105.638
      vertex 111 69.6737 105.856
      vertex 111 70 105.638
    endloop
  endfacet
  facet normal -1 0 0
    outer loop
      vertex 111 72.35 108.236
      vertex 111 74.5 108.236
      vertex 111 74.4743 107.845
    endloop
  endfacet
  facet normal -1 0 0
    outer loop
      vertex 111 72.3427 108.125
      vertex 111 74.4743 107.845
      vertex 111 74.3978 107.46
    endloop
  endfacet
  facet normal -1 0 0
    outer loop
      vertex 111 74.5 108.236
      vertex 111 72.35 108.236
      vertex 111 74.4743 108.628
    endloop
  endfacet
  facet normal -1 0 0
    outer loop
      vertex 111 72.321 108.016
      vertex 111 74.3978 107.46
      vertex 111 74.2716 107.088
    endloop
  endfacet
  facet normal -1 0 0
    outer loop
      vertex 111 72.3427 108.347
      vertex 111 74.4743 108.628
      vertex 111 72.35 108.236
    endloop
  endfacet
  facet normal -1 0 0
    outer loop
      vertex 111 72.2853 107.911
      vertex 111 74.2716 107.088
      vertex 111 74.0981 106.736
    endloop
  endfacet
  facet normal -1 -0 0
    outer loop
      vertex 111 74.4743 108.628
      vertex 111 72.3427 108.347
      vertex 111 74.3978 109.013
    endloop
  endfacet
  facet normal -1 0 0
    outer loop
      vertex 111 72.2361 107.811
      vertex 111 74.0981 106.736
      vertex 111 73.8801 106.41
    endloop
  endfacet
  facet normal -1 0 0
    outer loop
      vertex 111 72.321 108.456
      vertex 111 74.3978 109.013
      vertex 111 72.3427 108.347
    endloop
  endfacet
  facet normal -1 0 0
    outer loop
      vertex 111 72.1743 107.719
      vertex 111 73.8801 106.41
      vertex 111 73.6213 106.115
    endloop
  endfacet
  facet normal -1 -0 0
    outer loop
      vertex 111 74.3978 109.013
      vertex 111 72.321 108.456
      vertex 111 74.2716 109.384
    endloop
  endfacet
  facet normal -1 0 0
    outer loop
      vertex 111 72.101 107.635
      vertex 111 73.6213 106.115
      vertex 111 73.3263 105.856
    endloop
  endfacet
  facet normal -1 0 0
    outer loop
      vertex 111 72.2853 108.562
      vertex 111 74.2716 109.384
      vertex 111 72.321 108.456
    endloop
  endfacet
  facet normal -1 0 0
    outer loop
      vertex 111 72.0174 107.562
      vertex 111 73.3263 105.856
      vertex 111 73 105.638
    endloop
  endfacet
  facet normal -1 -0 0
    outer loop
      vertex 111 74.2716 109.384
      vertex 111 72.2853 108.562
      vertex 111 74.0981 109.736
    endloop
  endfacet
  facet normal -1 0 0
    outer loop
      vertex 111 71.925 107.5
      vertex 111 73 105.638
      vertex 111 72.648 105.465
    endloop
  endfacet
  facet normal -1 0 0
    outer loop
      vertex 111 72.2361 108.661
      vertex 111 74.0981 109.736
      vertex 111 72.2853 108.562
    endloop
  endfacet
  facet normal -1 -0 0
    outer loop
      vertex 111 74.0981 109.736
      vertex 111 72.2361 108.661
      vertex 111 73.8801 110.063
    endloop
  endfacet
  facet normal -1 0 0
    outer loop
      vertex 111 74.4743 107.845
      vertex 111 72.3427 108.125
      vertex 111 72.35 108.236
    endloop
  endfacet
  facet normal -1 0 0
    outer loop
      vertex 111 74.3978 107.46
      vertex 111 72.321 108.016
      vertex 111 72.3427 108.125
    endloop
  endfacet
  facet normal -1 0 0
    outer loop
      vertex 111 74.2716 107.088
      vertex 111 72.2853 107.911
      vertex 111 72.321 108.016
    endloop
  endfacet
  facet normal -1 0 0
    outer loop
      vertex 111 71.8253 107.451
      vertex 111 72.648 105.465
      vertex 111 72.2765 105.339
    endloop
  endfacet
  facet normal -1 0 0
    outer loop
      vertex 111 74.0981 106.736
      vertex 111 72.2361 107.811
      vertex 111 72.2853 107.911
    endloop
  endfacet
  facet normal -1 0 0
    outer loop
      vertex 111 73.8801 106.41
      vertex 111 72.1743 107.719
      vertex 111 72.2361 107.811
    endloop
  endfacet
  facet normal -1 0 0
    outer loop
      vertex 111 73.6213 106.115
      vertex 111 72.101 107.635
      vertex 111 72.1743 107.719
    endloop
  endfacet
  facet normal -1 0 0
    outer loop
      vertex 111 73.3263 105.856
      vertex 111 72.0174 107.562
      vertex 111 72.101 107.635
    endloop
  endfacet
  facet normal -1 0 0
    outer loop
      vertex 111 73 105.638
      vertex 111 71.925 107.5
      vertex 111 72.0174 107.562
    endloop
  endfacet
  facet normal -1 0 0
    outer loop
      vertex 111 71.72 107.415
      vertex 111 72.2765 105.339
      vertex 111 71.8916 105.262
    endloop
  endfacet
  facet normal -1 0 0
    outer loop
      vertex 111 72.648 105.465
      vertex 111 71.8253 107.451
      vertex 111 71.925 107.5
    endloop
  endfacet
  facet normal -1 0 0
    outer loop
      vertex 111 72.2765 105.339
      vertex 111 71.72 107.415
      vertex 111 71.8253 107.451
    endloop
  endfacet
  facet normal -1 0 0
    outer loop
      vertex 111 71.8916 105.262
      vertex 111 71.6109 107.394
      vertex 111 71.72 107.415
    endloop
  endfacet
  facet normal -1 0 0
    outer loop
      vertex 111 71.5 105.236
      vertex 111 71.6109 107.394
      vertex 111 71.8916 105.262
    endloop
  endfacet
  facet normal -1 0 0
    outer loop
      vertex 111 71.5 105.236
      vertex 111 71.5 107.386
      vertex 111 71.6109 107.394
    endloop
  endfacet
  facet normal -1 0 0
    outer loop
      vertex 111 71.5 105.236
      vertex 111 71.3891 107.394
      vertex 111 71.5 107.386
    endloop
  endfacet
  facet normal -1 0 0
    outer loop
      vertex 111 71.1084 105.262
      vertex 111 71.3891 107.394
      vertex 111 71.5 105.236
    endloop
  endfacet
  facet normal -1 -0 0
    outer loop
      vertex 111 71.3891 107.394
      vertex 111 71.1084 105.262
      vertex 111 71.28 107.415
    endloop
  endfacet
  facet normal -1 0 0
    outer loop
      vertex 111 70.7235 105.339
      vertex 111 71.28 107.415
      vertex 111 71.1084 105.262
    endloop
  endfacet
  facet normal -1 -0 0
    outer loop
      vertex 111 71.28 107.415
      vertex 111 70.7235 105.339
      vertex 111 71.1747 107.451
    endloop
  endfacet
  facet normal -1 0 0
    outer loop
      vertex 111 70.352 105.465
      vertex 111 71.1747 107.451
      vertex 111 70.7235 105.339
    endloop
  endfacet
  facet normal -1 -0 0
    outer loop
      vertex 111 71.1747 107.451
      vertex 111 70.352 105.465
      vertex 111 71.075 107.5
    endloop
  endfacet
  facet normal -1 0 0
    outer loop
      vertex 111 70 105.638
      vertex 111 71.075 107.5
      vertex 111 70.352 105.465
    endloop
  endfacet
  facet normal -1 -0 0
    outer loop
      vertex 111 71.075 107.5
      vertex 111 70 105.638
      vertex 111 70.9826 107.562
    endloop
  endfacet
  facet normal -1 0 0
    outer loop
      vertex 111 69.6737 105.856
      vertex 111 70.9826 107.562
      vertex 111 70 105.638
    endloop
  endfacet
  facet normal -1 -0 0
    outer loop
      vertex 111 70.9826 107.562
      vertex 111 69.6737 105.856
      vertex 111 70.899 107.635
    endloop
  endfacet
  facet normal -1 0 0
    outer loop
      vertex 111 69.3787 106.115
      vertex 111 70.899 107.635
      vertex 111 69.6737 105.856
    endloop
  endfacet
  facet normal -1 -0 0
    outer loop
      vertex 111 70.899 107.635
      vertex 111 69.3787 106.115
      vertex 111 70.8257 107.719
    endloop
  endfacet
  facet normal -1 0 0
    outer loop
      vertex 111 69.1199 106.41
      vertex 111 70.8257 107.719
      vertex 111 69.3787 106.115
    endloop
  endfacet
  facet normal -1 -0 0
    outer loop
      vertex 111 70.8257 107.719
      vertex 111 69.1199 106.41
      vertex 111 70.7639 107.811
    endloop
  endfacet
  facet normal -1 0 0
    outer loop
      vertex 111 72.1743 108.754
      vertex 111 73.8801 110.063
      vertex 111 72.2361 108.661
    endloop
  endfacet
  facet normal -1 -0 0
    outer loop
      vertex 111 73.8801 110.063
      vertex 111 72.1743 108.754
      vertex 111 73.6213 110.358
    endloop
  endfacet
  facet normal -1 0 0
    outer loop
      vertex 111 72.101 108.837
      vertex 111 73.6213 110.358
      vertex 111 72.1743 108.754
    endloop
  endfacet
  facet normal -1 -0 0
    outer loop
      vertex 111 73.6213 110.358
      vertex 111 72.101 108.837
      vertex 111 73.3263 110.616
    endloop
  endfacet
  facet normal -1 0 0
    outer loop
      vertex 111 72.0174 108.911
      vertex 111 73.3263 110.616
      vertex 111 72.101 108.837
    endloop
  endfacet
  facet normal -1 -0 0
    outer loop
      vertex 111 73.3263 110.616
      vertex 111 72.0174 108.911
      vertex 111 73 110.834
    endloop
  endfacet
  facet normal -1 0 0
    outer loop
      vertex 111 71.925 108.973
      vertex 111 73 110.834
      vertex 111 72.0174 108.911
    endloop
  endfacet
  facet normal -1 -0 0
    outer loop
      vertex 111 73 110.834
      vertex 111 71.925 108.973
      vertex 111 72.648 111.008
    endloop
  endfacet
  facet normal -1 0 0
    outer loop
      vertex 111 71.8253 109.022
      vertex 111 72.648 111.008
      vertex 111 71.925 108.973
    endloop
  endfacet
  facet normal -1 -0 0
    outer loop
      vertex 111 72.648 111.008
      vertex 111 71.8253 109.022
      vertex 111 72.2765 111.134
    endloop
  endfacet
  facet normal -1 0 0
    outer loop
      vertex 111 71.72 109.057
      vertex 111 72.2765 111.134
      vertex 111 71.8253 109.022
    endloop
  endfacet
  facet normal -1 -0 0
    outer loop
      vertex 111 72.2765 111.134
      vertex 111 71.72 109.057
      vertex 111 71.8916 111.211
    endloop
  endfacet
  facet normal -1 0 0
    outer loop
      vertex 111 71.6109 109.079
      vertex 111 71.8916 111.211
      vertex 111 71.72 109.057
    endloop
  endfacet
  facet normal -1 0 0
    outer loop
      vertex 111 71.5 109.086
      vertex 111 71.8916 111.211
      vertex 111 71.6109 109.079
    endloop
  endfacet
  facet normal -1 0 0
    outer loop
      vertex 111 71.5 109.086
      vertex 111 71.5 111.236
      vertex 111 71.8916 111.211
    endloop
  endfacet
  facet normal -1 0 0
    outer loop
      vertex 111 71.3891 109.079
      vertex 111 71.5 111.236
      vertex 111 71.5 109.086
    endloop
  endfacet
  facet normal -1 0 0
    outer loop
      vertex 111 71.1084 111.211
      vertex 111 71.3891 109.079
      vertex 111 71.28 109.057
    endloop
  endfacet
  facet normal -1 0 0
    outer loop
      vertex 111 70.7235 111.134
      vertex 111 71.28 109.057
      vertex 111 71.1747 109.022
    endloop
  endfacet
  facet normal -1 0 0
    outer loop
      vertex 111 71.3891 109.079
      vertex 111 71.1084 111.211
      vertex 111 71.5 111.236
    endloop
  endfacet
  facet normal -1 0 0
    outer loop
      vertex 111 70.352 111.008
      vertex 111 71.1747 109.022
      vertex 111 71.075 108.973
    endloop
  endfacet
  facet normal -1 0 0
    outer loop
      vertex 111 70 110.834
      vertex 111 71.075 108.973
      vertex 111 70.9826 108.911
    endloop
  endfacet
  facet normal -1 0 0
    outer loop
      vertex 111 69.6737 110.616
      vertex 111 70.9826 108.911
      vertex 111 70.899 108.837
    endloop
  endfacet
  facet normal -1 0 0
    outer loop
      vertex 111 69.3787 110.358
      vertex 111 70.899 108.837
      vertex 111 70.8257 108.754
    endloop
  endfacet
  facet normal -1 0 0
    outer loop
      vertex 111 69.1199 110.063
      vertex 111 70.8257 108.754
      vertex 111 70.7639 108.661
    endloop
  endfacet
  facet normal -1 0 0
    outer loop
      vertex 111 71.28 109.057
      vertex 111 70.7235 111.134
      vertex 111 71.1084 111.211
    endloop
  endfacet
  facet normal -1 0 0
    outer loop
      vertex 111 68.9019 109.736
      vertex 111 70.7639 108.661
      vertex 111 70.7147 108.562
    endloop
  endfacet
  facet normal -1 0 0
    outer loop
      vertex 111 68.7284 109.384
      vertex 111 70.7147 108.562
      vertex 111 70.679 108.456
    endloop
  endfacet
  facet normal -1 0 0
    outer loop
      vertex 111 68.6022 109.013
      vertex 111 70.679 108.456
      vertex 111 70.6573 108.347
    endloop
  endfacet
  facet normal -1 0 0
    outer loop
      vertex 111 68.5257 108.628
      vertex 111 70.6573 108.347
      vertex 111 70.65 108.236
    endloop
  endfacet
  facet normal -1 0 0
    outer loop
      vertex 111 68.9019 106.736
      vertex 111 70.7639 107.811
      vertex 111 69.1199 106.41
    endloop
  endfacet
  facet normal -1 0 0
    outer loop
      vertex 111 71.1747 109.022
      vertex 111 70.352 111.008
      vertex 111 70.7235 111.134
    endloop
  endfacet
  facet normal -1 -0 0
    outer loop
      vertex 111 70.7639 107.811
      vertex 111 68.9019 106.736
      vertex 111 70.7147 107.911
    endloop
  endfacet
  facet normal -1 0 0
    outer loop
      vertex 111 71.075 108.973
      vertex 111 70 110.834
      vertex 111 70.352 111.008
    endloop
  endfacet
  facet normal -1 0 0
    outer loop
      vertex 111 68.7284 107.088
      vertex 111 70.7147 107.911
      vertex 111 68.9019 106.736
    endloop
  endfacet
  facet normal -1 0 0
    outer loop
      vertex 111 70.9826 108.911
      vertex 111 69.6737 110.616
      vertex 111 70 110.834
    endloop
  endfacet
  facet normal -1 -0 0
    outer loop
      vertex 111 70.7147 107.911
      vertex 111 68.7284 107.088
      vertex 111 70.679 108.016
    endloop
  endfacet
  facet normal -1 0 0
    outer loop
      vertex 111 70.899 108.837
      vertex 111 69.3787 110.358
      vertex 111 69.6737 110.616
    endloop
  endfacet
  facet normal -1 0 0
    outer loop
      vertex 111 68.6022 107.46
      vertex 111 70.679 108.016
      vertex 111 68.7284 107.088
    endloop
  endfacet
  facet normal -1 0 0
    outer loop
      vertex 111 70.8257 108.754
      vertex 111 69.1199 110.063
      vertex 111 69.3787 110.358
    endloop
  endfacet
  facet normal -1 -0 0
    outer loop
      vertex 111 70.679 108.016
      vertex 111 68.6022 107.46
      vertex 111 70.6573 108.125
    endloop
  endfacet
  facet normal -1 0 0
    outer loop
      vertex 111 70.7639 108.661
      vertex 111 68.9019 109.736
      vertex 111 69.1199 110.063
    endloop
  endfacet
  facet normal -1 0 0
    outer loop
      vertex 111 68.5257 107.845
      vertex 111 70.6573 108.125
      vertex 111 68.6022 107.46
    endloop
  endfacet
  facet normal -1 0 0
    outer loop
      vertex 111 70.7147 108.562
      vertex 111 68.7284 109.384
      vertex 111 68.9019 109.736
    endloop
  endfacet
  facet normal -1 -0 0
    outer loop
      vertex 111 70.6573 108.125
      vertex 111 68.5257 107.845
      vertex 111 70.65 108.236
    endloop
  endfacet
  facet normal -1 0 0
    outer loop
      vertex 111 70.679 108.456
      vertex 111 68.6022 109.013
      vertex 111 68.7284 109.384
    endloop
  endfacet
  facet normal -1 0 0
    outer loop
      vertex 111 68.5 108.236
      vertex 111 70.65 108.236
      vertex 111 68.5257 107.845
    endloop
  endfacet
  facet normal -1 0 0
    outer loop
      vertex 111 70.6573 108.347
      vertex 111 68.5257 108.628
      vertex 111 68.6022 109.013
    endloop
  endfacet
  facet normal -1 0 0
    outer loop
      vertex 111 70.65 108.236
      vertex 111 68.5 108.236
      vertex 111 68.5257 108.628
    endloop
  endfacet
  facet normal 0 -0.196165 0.980571
    outer loop
      vertex 111 71.1084 111.211
      vertex 115 70.7235 111.134
      vertex 115 71.1084 111.211
    endloop
  endfacet
  facet normal 0 -0.196165 0.980571
    outer loop
      vertex 115 70.7235 111.134
      vertex 111 71.1084 111.211
      vertex 111 70.7235 111.134
    endloop
  endfacet
  facet normal 0 -0.751724 0.659478
    outer loop
      vertex 111 69.1199 110.063
      vertex 115 69.3787 110.358
      vertex 111 69.3787 110.358
    endloop
  endfacet
  facet normal 0 -0.751724 0.659478
    outer loop
      vertex 115 69.3787 110.358
      vertex 111 69.1199 110.063
      vertex 115 69.1199 110.063
    endloop
  endfacet
  facet normal 0 -0.555523 0.831501
    outer loop
      vertex 111 70 110.834
      vertex 115 69.6737 110.616
      vertex 115 70 110.834
    endloop
  endfacet
  facet normal 0 -0.555523 0.831501
    outer loop
      vertex 115 69.6737 110.616
      vertex 111 70 110.834
      vertex 111 69.6737 110.616
    endloop
  endfacet
  facet normal 0 -0.831265 -0.555877
    outer loop
      vertex 111 69.1199 106.41
      vertex 115 68.9019 106.736
      vertex 111 68.9019 106.736
    endloop
  endfacet
  facet normal 0 -0.831265 -0.555877
    outer loop
      vertex 115 68.9019 106.736
      vertex 111 69.1199 106.41
      vertex 115 69.1199 106.41
    endloop
  endfacet
  facet normal 0 -0.659766 -0.751471
    outer loop
      vertex 111 69.3787 106.115
      vertex 115 69.6737 105.856
      vertex 115 69.3787 106.115
    endloop
  endfacet
  facet normal -0 -0.659766 -0.751471
    outer loop
      vertex 115 69.6737 105.856
      vertex 111 69.3787 106.115
      vertex 111 69.6737 105.856
    endloop
  endfacet
  facet normal 0 -0.441082 -0.897467
    outer loop
      vertex 111 71.8253 109.022
      vertex 115 71.925 108.973
      vertex 115 71.8253 109.022
    endloop
  endfacet
  facet normal -0 -0.441082 -0.897467
    outer loop
      vertex 115 71.925 108.973
      vertex 111 71.8253 109.022
      vertex 111 71.925 108.973
    endloop
  endfacet
  facet normal 0 -0.557186 -0.830387
    outer loop
      vertex 111 71.925 108.973
      vertex 115 72.0174 108.911
      vertex 115 71.925 108.973
    endloop
  endfacet
  facet normal -0 -0.557186 -0.830387
    outer loop
      vertex 115 72.0174 108.911
      vertex 111 71.925 108.973
      vertex 111 72.0174 108.911
    endloop
  endfacet
  facet normal 0 -0.947695 -0.319177
    outer loop
      vertex 111 72.321 108.456
      vertex 115 72.2853 108.562
      vertex 111 72.2853 108.562
    endloop
  endfacet
  facet normal 0 -0.947695 -0.319177
    outer loop
      vertex 115 72.2853 108.562
      vertex 111 72.321 108.456
      vertex 115 72.321 108.456
    endloop
  endfacet
  facet normal 0 -0.89728 0.441462
    outer loop
      vertex 111 72.2361 107.811
      vertex 115 72.2853 107.911
      vertex 111 72.2853 107.911
    endloop
  endfacet
  facet normal 0 -0.89728 0.441462
    outer loop
      vertex 115 72.2853 107.911
      vertex 111 72.2361 107.811
      vertex 115 72.2361 107.811
    endloop
  endfacet
  facet normal 0 -0.441082 0.897467
    outer loop
      vertex 111 71.925 107.5
      vertex 115 71.8253 107.451
      vertex 115 71.925 107.5
    endloop
  endfacet
  facet normal 0 -0.441082 0.897467
    outer loop
      vertex 115 71.8253 107.451
      vertex 111 71.925 107.5
      vertex 111 71.8253 107.451
    endloop
  endfacet
  facet normal 0 0.197671 -0.980268
    outer loop
      vertex 111 71.28 109.057
      vertex 115 71.3891 109.079
      vertex 115 71.28 109.057
    endloop
  endfacet
  facet normal 0 0.197671 -0.980268
    outer loop
      vertex 115 71.3891 109.079
      vertex 111 71.28 109.057
      vertex 111 71.3891 109.079
    endloop
  endfacet
  facet normal 0 -0.89551 -0.445041
    outer loop
      vertex 111 72.2853 108.562
      vertex 115 72.2361 108.661
      vertex 111 72.2361 108.661
    endloop
  endfacet
  facet normal 0 -0.89551 -0.445041
    outer loop
      vertex 115 72.2361 108.661
      vertex 111 72.2853 108.562
      vertex 115 72.2853 108.562
    endloop
  endfacet
  facet normal 0 -0.0719501 0.997408
    outer loop
      vertex 111 71.6109 107.394
      vertex 115 71.5 107.386
      vertex 115 71.6109 107.394
    endloop
  endfacet
  facet normal 0 -0.0719501 0.997408
    outer loop
      vertex 115 71.5 107.386
      vertex 111 71.6109 107.394
      vertex 111 71.5 107.386
    endloop
  endfacet
  facet normal 0 -0.557186 0.830387
    outer loop
      vertex 111 72.0174 107.562
      vertex 115 71.925 107.5
      vertex 115 72.0174 107.562
    endloop
  endfacet
  facet normal 0 -0.557186 0.830387
    outer loop
      vertex 115 71.925 107.5
      vertex 111 72.0174 107.562
      vertex 111 71.925 107.5
    endloop
  endfacet
  facet normal 0 -0.830102 0.557612
    outer loop
      vertex 111 72.1743 107.719
      vertex 115 72.2361 107.811
      vertex 111 72.2361 107.811
    endloop
  endfacet
  facet normal 0 -0.830102 0.557612
    outer loop
      vertex 115 72.2361 107.811
      vertex 111 72.1743 107.719
      vertex 115 72.1743 107.719
    endloop
  endfacet
  facet normal 0 -0.946773 0.321903
    outer loop
      vertex 111 72.2853 107.911
      vertex 115 72.321 108.016
      vertex 111 72.321 108.016
    endloop
  endfacet
  facet normal 0 -0.946773 0.321903
    outer loop
      vertex 115 72.321 108.016
      vertex 111 72.2853 107.911
      vertex 115 72.2853 107.911
    endloop
  endfacet
  facet normal 0 0.0629946 -0.998014
    outer loop
      vertex 111 71.3891 109.079
      vertex 115 71.5 109.086
      vertex 115 71.3891 109.079
    endloop
  endfacet
  facet normal 0 0.0629946 -0.998014
    outer loop
      vertex 115 71.5 109.086
      vertex 111 71.3891 109.079
      vertex 111 71.5 109.086
    endloop
  endfacet
  facet normal 0 0.315417 -0.948953
    outer loop
      vertex 111 71.1747 109.022
      vertex 115 71.28 109.057
      vertex 115 71.1747 109.022
    endloop
  endfacet
  facet normal 0 0.315417 -0.948953
    outer loop
      vertex 115 71.28 109.057
      vertex 111 71.1747 109.022
      vertex 111 71.28 109.057
    endloop
  endfacet
  facet normal 0 0.832876 -0.55346
    outer loop
      vertex 115 70.7639 108.661
      vertex 111 70.8257 108.754
      vertex 115 70.8257 108.754
    endloop
  endfacet
  facet normal 0 0.832876 -0.55346
    outer loop
      vertex 111 70.8257 108.754
      vertex 115 70.7639 108.661
      vertex 111 70.7639 108.661
    endloop
  endfacet
  facet normal 0 -0.315417 -0.948953
    outer loop
      vertex 111 71.72 109.057
      vertex 115 71.8253 109.022
      vertex 115 71.72 109.057
    endloop
  endfacet
  facet normal -0 -0.315417 -0.948953
    outer loop
      vertex 115 71.8253 109.022
      vertex 111 71.72 109.057
      vertex 111 71.8253 109.022
    endloop
  endfacet
  facet normal 0 -0.749548 -0.66195
    outer loop
      vertex 111 72.1743 108.754
      vertex 115 72.101 108.837
      vertex 111 72.101 108.837
    endloop
  endfacet
  facet normal 0 -0.749548 -0.66195
    outer loop
      vertex 115 72.101 108.837
      vertex 111 72.1743 108.754
      vertex 115 72.1743 108.754
    endloop
  endfacet
  facet normal 0 -0.997844 0.065624
    outer loop
      vertex 111 72.3427 108.125
      vertex 115 72.35 108.236
      vertex 111 72.35 108.236
    endloop
  endfacet
  facet normal 0 -0.997844 0.065624
    outer loop
      vertex 115 72.35 108.236
      vertex 111 72.3427 108.125
      vertex 115 72.3427 108.125
    endloop
  endfacet
  facet normal 0 -0.980753 -0.195251
    outer loop
      vertex 111 72.3427 108.347
      vertex 115 72.321 108.456
      vertex 111 72.321 108.456
    endloop
  endfacet
  facet normal 0 -0.980753 -0.195251
    outer loop
      vertex 115 72.321 108.456
      vertex 111 72.3427 108.347
      vertex 115 72.3427 108.347
    endloop
  endfacet
  facet normal 0 -0.832876 -0.55346
    outer loop
      vertex 111 72.2361 108.661
      vertex 115 72.1743 108.754
      vertex 111 72.1743 108.754
    endloop
  endfacet
  facet normal 0 -0.832876 -0.55346
    outer loop
      vertex 115 72.1743 108.754
      vertex 111 72.2361 108.661
      vertex 115 72.2361 108.661
    endloop
  endfacet
  facet normal 0 -0.323497 0.946229
    outer loop
      vertex 111 71.8253 107.451
      vertex 115 71.72 107.415
      vertex 115 71.8253 107.451
    endloop
  endfacet
  facet normal 0 -0.323497 0.946229
    outer loop
      vertex 115 71.72 107.415
      vertex 111 71.8253 107.451
      vertex 111 71.72 107.415
    endloop
  endfacet
  facet normal 0 -0.189014 0.981974
    outer loop
      vertex 111 71.72 107.415
      vertex 115 71.6109 107.394
      vertex 115 71.72 107.415
    endloop
  endfacet
  facet normal 0 -0.189014 0.981974
    outer loop
      vertex 115 71.6109 107.394
      vertex 111 71.72 107.415
      vertex 111 71.6109 107.394
    endloop
  endfacet
  facet normal 0 -0.980753 0.195251
    outer loop
      vertex 111 72.321 108.016
      vertex 115 72.3427 108.125
      vertex 111 72.3427 108.125
    endloop
  endfacet
  facet normal 0 -0.980753 0.195251
    outer loop
      vertex 115 72.3427 108.125
      vertex 111 72.321 108.016
      vertex 115 72.321 108.016
    endloop
  endfacet
  facet normal 0 -0.753465 0.657488
    outer loop
      vertex 111 72.101 107.635
      vertex 115 72.1743 107.719
      vertex 111 72.1743 107.719
    endloop
  endfacet
  facet normal 0 -0.753465 0.657488
    outer loop
      vertex 115 72.1743 107.719
      vertex 111 72.101 107.635
      vertex 115 72.101 107.635
    endloop
  endfacet
  facet normal 0 -0.657739 0.753246
    outer loop
      vertex 111 72.101 107.635
      vertex 115 72.0174 107.562
      vertex 115 72.101 107.635
    endloop
  endfacet
  facet normal 0 -0.657739 0.753246
    outer loop
      vertex 115 72.0174 107.562
      vertex 111 72.101 107.635
      vertex 111 72.0174 107.562
    endloop
  endfacet
  facet normal 0 -0.0629946 -0.998014
    outer loop
      vertex 111 71.5 109.086
      vertex 115 71.6109 109.079
      vertex 115 71.5 109.086
    endloop
  endfacet
  facet normal -0 -0.0629946 -0.998014
    outer loop
      vertex 115 71.6109 109.079
      vertex 111 71.5 109.086
      vertex 111 71.6109 109.079
    endloop
  endfacet
  facet normal 0 0.557186 -0.830387
    outer loop
      vertex 111 70.9826 108.911
      vertex 115 71.075 108.973
      vertex 115 70.9826 108.911
    endloop
  endfacet
  facet normal 0 0.557186 -0.830387
    outer loop
      vertex 115 71.075 108.973
      vertex 111 70.9826 108.911
      vertex 111 71.075 108.973
    endloop
  endfacet
  facet normal -0 0.0719501 0.997408
    outer loop
      vertex 111 71.5 107.386
      vertex 115 71.3891 107.394
      vertex 115 71.5 107.386
    endloop
  endfacet
  facet normal 0 0.0719501 0.997408
    outer loop
      vertex 115 71.3891 107.394
      vertex 111 71.5 107.386
      vertex 111 71.3891 107.394
    endloop
  endfacet
  facet normal -0 0.441082 0.897467
    outer loop
      vertex 111 71.1747 107.451
      vertex 115 71.075 107.5
      vertex 115 71.1747 107.451
    endloop
  endfacet
  facet normal 0 0.441082 0.897467
    outer loop
      vertex 115 71.075 107.5
      vertex 111 71.1747 107.451
      vertex 111 71.075 107.5
    endloop
  endfacet
  facet normal 0 0.980753 -0.195251
    outer loop
      vertex 115 70.6573 108.347
      vertex 111 70.679 108.456
      vertex 115 70.679 108.456
    endloop
  endfacet
  facet normal 0 0.980753 -0.195251
    outer loop
      vertex 111 70.679 108.456
      vertex 115 70.6573 108.347
      vertex 111 70.6573 108.347
    endloop
  endfacet
  facet normal 0 0.749548 -0.66195
    outer loop
      vertex 115 70.8257 108.754
      vertex 111 70.899 108.837
      vertex 115 70.899 108.837
    endloop
  endfacet
  facet normal 0 0.749548 -0.66195
    outer loop
      vertex 111 70.899 108.837
      vertex 115 70.8257 108.754
      vertex 111 70.8257 108.754
    endloop
  endfacet
  facet normal 0 -0.197671 -0.980268
    outer loop
      vertex 111 71.6109 109.079
      vertex 115 71.72 109.057
      vertex 115 71.6109 109.079
    endloop
  endfacet
  facet normal -0 -0.197671 -0.980268
    outer loop
      vertex 115 71.72 109.057
      vertex 111 71.6109 109.079
      vertex 111 71.72 109.057
    endloop
  endfacet
  facet normal 0 -0.662806 -0.748791
    outer loop
      vertex 111 72.0174 108.911
      vertex 115 72.101 108.837
      vertex 115 72.0174 108.911
    endloop
  endfacet
  facet normal -0 -0.662806 -0.748791
    outer loop
      vertex 115 72.101 108.837
      vertex 111 72.0174 108.911
      vertex 111 72.101 108.837
    endloop
  endfacet
  facet normal 0 -0.997844 -0.065624
    outer loop
      vertex 111 72.35 108.236
      vertex 115 72.3427 108.347
      vertex 111 72.3427 108.347
    endloop
  endfacet
  facet normal 0 -0.997844 -0.065624
    outer loop
      vertex 115 72.3427 108.347
      vertex 111 72.35 108.236
      vertex 115 72.35 108.236
    endloop
  endfacet
  facet normal 0 0.441082 -0.897467
    outer loop
      vertex 111 71.075 108.973
      vertex 115 71.1747 109.022
      vertex 115 71.075 108.973
    endloop
  endfacet
  facet normal 0 0.441082 -0.897467
    outer loop
      vertex 115 71.1747 109.022
      vertex 111 71.075 108.973
      vertex 111 71.1747 109.022
    endloop
  endfacet
  facet normal -0 0.323497 0.946229
    outer loop
      vertex 111 71.28 107.415
      vertex 115 71.1747 107.451
      vertex 115 71.28 107.415
    endloop
  endfacet
  facet normal 0 0.323497 0.946229
    outer loop
      vertex 115 71.1747 107.451
      vertex 111 71.28 107.415
      vertex 111 71.1747 107.451
    endloop
  endfacet
  facet normal -0 0.189014 0.981974
    outer loop
      vertex 111 71.3891 107.394
      vertex 115 71.28 107.415
      vertex 115 71.3891 107.394
    endloop
  endfacet
  facet normal 0 0.189014 0.981974
    outer loop
      vertex 115 71.28 107.415
      vertex 111 71.3891 107.394
      vertex 111 71.28 107.415
    endloop
  endfacet
  facet normal 0 0.89551 -0.445041
    outer loop
      vertex 115 70.7147 108.562
      vertex 111 70.7639 108.661
      vertex 115 70.7639 108.661
    endloop
  endfacet
  facet normal 0 0.89551 -0.445041
    outer loop
      vertex 111 70.7639 108.661
      vertex 115 70.7147 108.562
      vertex 111 70.7147 108.562
    endloop
  endfacet
  facet normal 0 0.947695 -0.319177
    outer loop
      vertex 115 70.679 108.456
      vertex 111 70.7147 108.562
      vertex 115 70.7147 108.562
    endloop
  endfacet
  facet normal 0 0.947695 -0.319177
    outer loop
      vertex 111 70.7147 108.562
      vertex 115 70.679 108.456
      vertex 111 70.679 108.456
    endloop
  endfacet
  facet normal 0 0.662806 -0.748791
    outer loop
      vertex 111 70.899 108.837
      vertex 115 70.9826 108.911
      vertex 115 70.899 108.837
    endloop
  endfacet
  facet normal 0 0.662806 -0.748791
    outer loop
      vertex 115 70.9826 108.911
      vertex 111 70.899 108.837
      vertex 111 70.9826 108.911
    endloop
  endfacet
  facet normal 0 0.946773 0.321903
    outer loop
      vertex 115 70.7147 107.911
      vertex 111 70.679 108.016
      vertex 115 70.679 108.016
    endloop
  endfacet
  facet normal 0 0.946773 0.321903
    outer loop
      vertex 111 70.679 108.016
      vertex 115 70.7147 107.911
      vertex 111 70.7147 107.911
    endloop
  endfacet
  facet normal 0 0.997844 -0.065624
    outer loop
      vertex 115 70.65 108.236
      vertex 111 70.6573 108.347
      vertex 115 70.6573 108.347
    endloop
  endfacet
  facet normal 0 0.997844 -0.065624
    outer loop
      vertex 111 70.6573 108.347
      vertex 115 70.65 108.236
      vertex 111 70.65 108.236
    endloop
  endfacet
  facet normal 0 0.997844 0.065624
    outer loop
      vertex 115 70.6573 108.125
      vertex 111 70.65 108.236
      vertex 115 70.65 108.236
    endloop
  endfacet
  facet normal 0 0.997844 0.065624
    outer loop
      vertex 111 70.65 108.236
      vertex 115 70.6573 108.125
      vertex 111 70.6573 108.125
    endloop
  endfacet
  facet normal 0 0.980753 0.195251
    outer loop
      vertex 115 70.679 108.016
      vertex 111 70.6573 108.125
      vertex 115 70.6573 108.125
    endloop
  endfacet
  facet normal 0 0.980753 0.195251
    outer loop
      vertex 111 70.6573 108.125
      vertex 115 70.679 108.016
      vertex 111 70.679 108.016
    endloop
  endfacet
  facet normal -0 0.657739 0.753246
    outer loop
      vertex 111 70.9826 107.562
      vertex 115 70.899 107.635
      vertex 115 70.9826 107.562
    endloop
  endfacet
  facet normal 0 0.657739 0.753246
    outer loop
      vertex 115 70.899 107.635
      vertex 111 70.9826 107.562
      vertex 111 70.899 107.635
    endloop
  endfacet
  facet normal 0 0.753465 0.657488
    outer loop
      vertex 115 70.899 107.635
      vertex 111 70.8257 107.719
      vertex 115 70.8257 107.719
    endloop
  endfacet
  facet normal 0 0.753465 0.657488
    outer loop
      vertex 111 70.8257 107.719
      vertex 115 70.899 107.635
      vertex 111 70.899 107.635
    endloop
  endfacet
  facet normal 0 0.830102 0.557612
    outer loop
      vertex 115 70.8257 107.719
      vertex 111 70.7639 107.811
      vertex 115 70.7639 107.811
    endloop
  endfacet
  facet normal 0 0.830102 0.557612
    outer loop
      vertex 111 70.7639 107.811
      vertex 115 70.8257 107.719
      vertex 111 70.8257 107.719
    endloop
  endfacet
  facet normal -0 0.557186 0.830387
    outer loop
      vertex 111 71.075 107.5
      vertex 115 70.9826 107.562
      vertex 115 71.075 107.5
    endloop
  endfacet
  facet normal 0 0.557186 0.830387
    outer loop
      vertex 115 70.9826 107.562
      vertex 111 71.075 107.5
      vertex 111 70.9826 107.562
    endloop
  endfacet
  facet normal 0 0.89728 0.441462
    outer loop
      vertex 115 70.7639 107.811
      vertex 111 70.7147 107.911
      vertex 115 70.7147 107.911
    endloop
  endfacet
  facet normal 0 0.89728 0.441462
    outer loop
      vertex 111 70.7147 107.911
      vertex 115 70.7639 107.811
      vertex 111 70.7639 107.811
    endloop
  endfacet
  facet normal -1 0 0
    outer loop
      vertex 25 4 117
      vertex 25 8 127
      vertex 25 8 117
    endloop
  endfacet
  facet normal -1 -0 0
    outer loop
      vertex 25 8 127
      vertex 25 4 117
      vertex 25 4 127
    endloop
  endfacet
  facet normal -0 0 1
    outer loop
      vertex 25 8 127
      vertex 43 4 127
      vertex 43 8 127
    endloop
  endfacet
  facet normal 0 0 1
    outer loop
      vertex 43 4 127
      vertex 25 8 127
      vertex 25 4 127
    endloop
  endfacet
  facet normal 1 -0 0
    outer loop
      vertex 43 4 127
      vertex 43 8 117
      vertex 43 8 127
    endloop
  endfacet
  facet normal 1 0 0
    outer loop
      vertex 43 8 117
      vertex 43 4 127
      vertex 43 4 117
    endloop
  endfacet
  facet normal 0 1 0
    outer loop
      vertex 43 8 127
      vertex 40 8 124
      vertex 25 8 127
    endloop
  endfacet
  facet normal 0 1 0
    outer loop
      vertex 43 8 127
      vertex 40 8 120
      vertex 40 8 124
    endloop
  endfacet
  facet normal 0 1 0
    outer loop
      vertex 40 8 120
      vertex 43 8 117
      vertex 28 8 120
    endloop
  endfacet
  facet normal 0 1 -0
    outer loop
      vertex 43 8 117
      vertex 40 8 120
      vertex 43 8 127
    endloop
  endfacet
  facet normal 0 1 -0
    outer loop
      vertex 28 8 124
      vertex 25 8 127
      vertex 40 8 124
    endloop
  endfacet
  facet normal 0 1 -0
    outer loop
      vertex 28 8 120
      vertex 25 8 127
      vertex 28 8 124
    endloop
  endfacet
  facet normal 0 1 0
    outer loop
      vertex 28 8 120
      vertex 25 8 117
      vertex 25 8 127
    endloop
  endfacet
  facet normal 0 1 0
    outer loop
      vertex 25 8 117
      vertex 28 8 120
      vertex 43 8 117
    endloop
  endfacet
  facet normal 0 0 -1
    outer loop
      vertex 25 4 117
      vertex 43 8 117
      vertex 43 4 117
    endloop
  endfacet
  facet normal -0 0 -1
    outer loop
      vertex 43 8 117
      vertex 25 4 117
      vertex 25 8 117
    endloop
  endfacet
  facet normal 0 -1 0
    outer loop
      vertex 25 4 127
      vertex 28 4 124
      vertex 43 4 127
    endloop
  endfacet
  facet normal 0 -1 0
    outer loop
      vertex 25 4 127
      vertex 28 4 120
      vertex 28 4 124
    endloop
  endfacet
  facet normal 0 -1 -0
    outer loop
      vertex 28 4 120
      vertex 25 4 117
      vertex 40 4 120
    endloop
  endfacet
  facet normal 0 -1 0
    outer loop
      vertex 25 4 117
      vertex 28 4 120
      vertex 25 4 127
    endloop
  endfacet
  facet normal 0 -1 0
    outer loop
      vertex 40 4 124
      vertex 43 4 127
      vertex 28 4 124
    endloop
  endfacet
  facet normal 0 -1 0
    outer loop
      vertex 40 4 120
      vertex 43 4 127
      vertex 40 4 124
    endloop
  endfacet
  facet normal 0 -1 0
    outer loop
      vertex 40 4 120
      vertex 43 4 117
      vertex 43 4 127
    endloop
  endfacet
  facet normal 0 -1 0
    outer loop
      vertex 43 4 117
      vertex 40 4 120
      vertex 25 4 117
    endloop
  endfacet
  facet normal 1 -0 0
    outer loop
      vertex 28 4 124
      vertex 28 8 120
      vertex 28 8 124
    endloop
  endfacet
  facet normal 1 0 0
    outer loop
      vertex 28 8 120
      vertex 28 4 124
      vertex 28 4 120
    endloop
  endfacet
  facet normal 0 0 -1
    outer loop
      vertex 28 4 124
      vertex 40 8 124
      vertex 40 4 124
    endloop
  endfacet
  facet normal -0 0 -1
    outer loop
      vertex 40 8 124
      vertex 28 4 124
      vertex 28 8 124
    endloop
  endfacet
  facet normal -1 0 0
    outer loop
      vertex 40 4 120
      vertex 40 8 124
      vertex 40 8 120
    endloop
  endfacet
  facet normal -1 -0 0
    outer loop
      vertex 40 8 124
      vertex 40 4 120
      vertex 40 4 124
    endloop
  endfacet
  facet normal -0 0 1
    outer loop
      vertex 28 8 120
      vertex 40 4 120
      vertex 40 8 120
    endloop
  endfacet
  facet normal 0 0 1
    outer loop
      vertex 40 4 120
      vertex 28 8 120
      vertex 28 4 120
    endloop
  endfacet
  facet normal -1 0 0
    outer loop
      vertex 75 4 117
      vertex 75 8 127
      vertex 75 8 117
    endloop
  endfacet
  facet normal -1 -0 0
    outer loop
      vertex 75 8 127
      vertex 75 4 117
      vertex 75 4 127
    endloop
  endfacet
  facet normal -0 0 1
    outer loop
      vertex 75 8 127
      vertex 93 4 127
      vertex 93 8 127
    endloop
  endfacet
  facet normal 0 0 1
    outer loop
      vertex 93 4 127
      vertex 75 8 127
      vertex 75 4 127
    endloop
  endfacet
  facet normal 1 -0 0
    outer loop
      vertex 93 4 127
      vertex 93 8 117
      vertex 93 8 127
    endloop
  endfacet
  facet normal 1 0 0
    outer loop
      vertex 93 8 117
      vertex 93 4 127
      vertex 93 4 117
    endloop
  endfacet
  facet normal 0 1 0
    outer loop
      vertex 93 8 127
      vertex 90 8 124
      vertex 75 8 127
    endloop
  endfacet
  facet normal 0 1 0
    outer loop
      vertex 93 8 127
      vertex 90 8 120
      vertex 90 8 124
    endloop
  endfacet
  facet normal 0 1 0
    outer loop
      vertex 90 8 120
      vertex 93 8 117
      vertex 78 8 120
    endloop
  endfacet
  facet normal 0 1 -0
    outer loop
      vertex 93 8 117
      vertex 90 8 120
      vertex 93 8 127
    endloop
  endfacet
  facet normal 0 1 -0
    outer loop
      vertex 78 8 124
      vertex 75 8 127
      vertex 90 8 124
    endloop
  endfacet
  facet normal 0 1 -0
    outer loop
      vertex 78 8 120
      vertex 75 8 127
      vertex 78 8 124
    endloop
  endfacet
  facet normal 0 1 0
    outer loop
      vertex 78 8 120
      vertex 75 8 117
      vertex 75 8 127
    endloop
  endfacet
  facet normal 0 1 0
    outer loop
      vertex 75 8 117
      vertex 78 8 120
      vertex 93 8 117
    endloop
  endfacet
  facet normal 0 0 -1
    outer loop
      vertex 75 4 117
      vertex 93 8 117
      vertex 93 4 117
    endloop
  endfacet
  facet normal -0 0 -1
    outer loop
      vertex 93 8 117
      vertex 75 4 117
      vertex 75 8 117
    endloop
  endfacet
  facet normal 0 -1 0
    outer loop
      vertex 75 4 127
      vertex 78 4 124
      vertex 93 4 127
    endloop
  endfacet
  facet normal 0 -1 0
    outer loop
      vertex 75 4 127
      vertex 78 4 120
      vertex 78 4 124
    endloop
  endfacet
  facet normal 0 -1 -0
    outer loop
      vertex 78 4 120
      vertex 75 4 117
      vertex 90 4 120
    endloop
  endfacet
  facet normal 0 -1 0
    outer loop
      vertex 75 4 117
      vertex 78 4 120
      vertex 75 4 127
    endloop
  endfacet
  facet normal 0 -1 0
    outer loop
      vertex 90 4 124
      vertex 93 4 127
      vertex 78 4 124
    endloop
  endfacet
  facet normal 0 -1 0
    outer loop
      vertex 90 4 120
      vertex 93 4 127
      vertex 90 4 124
    endloop
  endfacet
  facet normal 0 -1 0
    outer loop
      vertex 90 4 120
      vertex 93 4 117
      vertex 93 4 127
    endloop
  endfacet
  facet normal 0 -1 0
    outer loop
      vertex 93 4 117
      vertex 90 4 120
      vertex 75 4 117
    endloop
  endfacet
  facet normal 1 -0 0
    outer loop
      vertex 78 4 124
      vertex 78 8 120
      vertex 78 8 124
    endloop
  endfacet
  facet normal 1 0 0
    outer loop
      vertex 78 8 120
      vertex 78 4 124
      vertex 78 4 120
    endloop
  endfacet
  facet normal 0 0 -1
    outer loop
      vertex 78 4 124
      vertex 90 8 124
      vertex 90 4 124
    endloop
  endfacet
  facet normal -0 0 -1
    outer loop
      vertex 90 8 124
      vertex 78 4 124
      vertex 78 8 124
    endloop
  endfacet
  facet normal -1 0 0
    outer loop
      vertex 90 4 120
      vertex 90 8 124
      vertex 90 8 120
    endloop
  endfacet
  facet normal -1 -0 0
    outer loop
      vertex 90 8 124
      vertex 90 4 120
      vertex 90 4 124
    endloop
  endfacet
  facet normal -0 0 1
    outer loop
      vertex 78 8 120
      vertex 90 4 120
      vertex 90 8 120
    endloop
  endfacet
  facet normal 0 0 1
    outer loop
      vertex 90 4 120
      vertex 78 8 120
      vertex 78 4 120
    endloop
  endfacet
  facet normal -1 0 0
    outer loop
      vertex 139 170.6 77
      vertex 139 174.6 87
      vertex 139 174.6 77
    endloop
  endfacet
  facet normal -1 -0 0
    outer loop
      vertex 139 174.6 87
      vertex 139 170.6 77
      vertex 139 170.6 87
    endloop
  endfacet
  facet normal -0 0 1
    outer loop
      vertex 139 174.6 87
      vertex 157 170.6 87
      vertex 157 174.6 87
    endloop
  endfacet
  facet normal 0 0 1
    outer loop
      vertex 157 170.6 87
      vertex 139 174.6 87
      vertex 139 170.6 87
    endloop
  endfacet
  facet normal 1 -0 0
    outer loop
      vertex 157 170.6 87
      vertex 157 174.6 77
      vertex 157 174.6 87
    endloop
  endfacet
  facet normal 1 0 0
    outer loop
      vertex 157 174.6 77
      vertex 157 170.6 87
      vertex 157 170.6 77
    endloop
  endfacet
  facet normal 0 1 0
    outer loop
      vertex 157 174.6 87
      vertex 154 174.6 84
      vertex 139 174.6 87
    endloop
  endfacet
  facet normal 0 1 0
    outer loop
      vertex 157 174.6 87
      vertex 154 174.6 80
      vertex 154 174.6 84
    endloop
  endfacet
  facet normal 0 1 0
    outer loop
      vertex 154 174.6 80
      vertex 157 174.6 77
      vertex 142 174.6 80
    endloop
  endfacet
  facet normal 0 1 -0
    outer loop
      vertex 157 174.6 77
      vertex 154 174.6 80
      vertex 157 174.6 87
    endloop
  endfacet
  facet normal 0 1 -0
    outer loop
      vertex 142 174.6 84
      vertex 139 174.6 87
      vertex 154 174.6 84
    endloop
  endfacet
  facet normal 0 1 -0
    outer loop
      vertex 142 174.6 80
      vertex 139 174.6 87
      vertex 142 174.6 84
    endloop
  endfacet
  facet normal 0 1 0
    outer loop
      vertex 142 174.6 80
      vertex 139 174.6 77
      vertex 139 174.6 87
    endloop
  endfacet
  facet normal 0 1 0
    outer loop
      vertex 139 174.6 77
      vertex 142 174.6 80
      vertex 157 174.6 77
    endloop
  endfacet
  facet normal 0 0 -1
    outer loop
      vertex 139 170.6 77
      vertex 157 174.6 77
      vertex 157 170.6 77
    endloop
  endfacet
  facet normal -0 0 -1
    outer loop
      vertex 157 174.6 77
      vertex 139 170.6 77
      vertex 139 174.6 77
    endloop
  endfacet
  facet normal 0 -1 0
    outer loop
      vertex 139 170.6 87
      vertex 142 170.6 84
      vertex 157 170.6 87
    endloop
  endfacet
  facet normal 0 -1 0
    outer loop
      vertex 139 170.6 87
      vertex 142 170.6 80
      vertex 142 170.6 84
    endloop
  endfacet
  facet normal 0 -1 -0
    outer loop
      vertex 142 170.6 80
      vertex 139 170.6 77
      vertex 154 170.6 80
    endloop
  endfacet
  facet normal 0 -1 0
    outer loop
      vertex 139 170.6 77
      vertex 142 170.6 80
      vertex 139 170.6 87
    endloop
  endfacet
  facet normal 0 -1 0
    outer loop
      vertex 154 170.6 84
      vertex 157 170.6 87
      vertex 142 170.6 84
    endloop
  endfacet
  facet normal 0 -1 0
    outer loop
      vertex 154 170.6 80
      vertex 157 170.6 87
      vertex 154 170.6 84
    endloop
  endfacet
  facet normal 0 -1 0
    outer loop
      vertex 154 170.6 80
      vertex 157 170.6 77
      vertex 157 170.6 87
    endloop
  endfacet
  facet normal 0 -1 0
    outer loop
      vertex 157 170.6 77
      vertex 154 170.6 80
      vertex 139 170.6 77
    endloop
  endfacet
  facet normal 1 -0 0
    outer loop
      vertex 142 170.6 84
      vertex 142 174.6 80
      vertex 142 174.6 84
    endloop
  endfacet
  facet normal 1 0 0
    outer loop
      vertex 142 174.6 80
      vertex 142 170.6 84
      vertex 142 170.6 80
    endloop
  endfacet
  facet normal 0 0 -1
    outer loop
      vertex 142 170.6 84
      vertex 154 174.6 84
      vertex 154 170.6 84
    endloop
  endfacet
  facet normal -0 0 -1
    outer loop
      vertex 154 174.6 84
      vertex 142 170.6 84
      vertex 142 174.6 84
    endloop
  endfacet
  facet normal -1 0 0
    outer loop
      vertex 154 170.6 80
      vertex 154 174.6 84
      vertex 154 174.6 80
    endloop
  endfacet
  facet normal -1 -0 0
    outer loop
      vertex 154 174.6 84
      vertex 154 170.6 80
      vertex 154 170.6 84
    endloop
  endfacet
  facet normal -0 0 1
    outer loop
      vertex 142 174.6 80
      vertex 154 170.6 80
      vertex 154 174.6 80
    endloop
  endfacet
  facet normal 0 0 1
    outer loop
      vertex 154 170.6 80
      vertex 142 174.6 80
      vertex 142 170.6 80
    endloop
  endfacet
  facet normal -1 0 0
    outer loop
      vertex 189 170.6 77
      vertex 189 174.6 87
      vertex 189 174.6 77
    endloop
  endfacet
  facet normal -1 -0 0
    outer loop
      vertex 189 174.6 87
      vertex 189 170.6 77
      vertex 189 170.6 87
    endloop
  endfacet
  facet normal -0 0 1
    outer loop
      vertex 189 174.6 87
      vertex 207 170.6 87
      vertex 207 174.6 87
    endloop
  endfacet
  facet normal 0 0 1
    outer loop
      vertex 207 170.6 87
      vertex 189 174.6 87
      vertex 189 170.6 87
    endloop
  endfacet
  facet normal 1 -0 0
    outer loop
      vertex 207 170.6 87
      vertex 207 174.6 77
      vertex 207 174.6 87
    endloop
  endfacet
  facet normal 1 0 0
    outer loop
      vertex 207 174.6 77
      vertex 207 170.6 87
      vertex 207 170.6 77
    endloop
  endfacet
  facet normal 0 1 0
    outer loop
      vertex 207 174.6 87
      vertex 204 174.6 84
      vertex 189 174.6 87
    endloop
  endfacet
  facet normal 0 1 0
    outer loop
      vertex 207 174.6 87
      vertex 204 174.6 80
      vertex 204 174.6 84
    endloop
  endfacet
  facet normal 0 1 0
    outer loop
      vertex 204 174.6 80
      vertex 207 174.6 77
      vertex 192 174.6 80
    endloop
  endfacet
  facet normal 0 1 -0
    outer loop
      vertex 207 174.6 77
      vertex 204 174.6 80
      vertex 207 174.6 87
    endloop
  endfacet
  facet normal 0 1 -0
    outer loop
      vertex 192 174.6 84
      vertex 189 174.6 87
      vertex 204 174.6 84
    endloop
  endfacet
  facet normal 0 1 -0
    outer loop
      vertex 192 174.6 80
      vertex 189 174.6 87
      vertex 192 174.6 84
    endloop
  endfacet
  facet normal 0 1 0
    outer loop
      vertex 192 174.6 80
      vertex 189 174.6 77
      vertex 189 174.6 87
    endloop
  endfacet
  facet normal 0 1 0
    outer loop
      vertex 189 174.6 77
      vertex 192 174.6 80
      vertex 207 174.6 77
    endloop
  endfacet
  facet normal 0 0 -1
    outer loop
      vertex 189 170.6 77
      vertex 207 174.6 77
      vertex 207 170.6 77
    endloop
  endfacet
  facet normal -0 0 -1
    outer loop
      vertex 207 174.6 77
      vertex 189 170.6 77
      vertex 189 174.6 77
    endloop
  endfacet
  facet normal 0 -1 0
    outer loop
      vertex 189 170.6 87
      vertex 192 170.6 84
      vertex 207 170.6 87
    endloop
  endfacet
  facet normal 0 -1 0
    outer loop
      vertex 189 170.6 87
      vertex 192 170.6 80
      vertex 192 170.6 84
    endloop
  endfacet
  facet normal 0 -1 -0
    outer loop
      vertex 192 170.6 80
      vertex 189 170.6 77
      vertex 204 170.6 80
    endloop
  endfacet
  facet normal 0 -1 0
    outer loop
      vertex 189 170.6 77
      vertex 192 170.6 80
      vertex 189 170.6 87
    endloop
  endfacet
  facet normal 0 -1 0
    outer loop
      vertex 204 170.6 84
      vertex 207 170.6 87
      vertex 192 170.6 84
    endloop
  endfacet
  facet normal 0 -1 0
    outer loop
      vertex 204 170.6 80
      vertex 207 170.6 87
      vertex 204 170.6 84
    endloop
  endfacet
  facet normal 0 -1 0
    outer loop
      vertex 204 170.6 80
      vertex 207 170.6 77
      vertex 207 170.6 87
    endloop
  endfacet
  facet normal 0 -1 0
    outer loop
      vertex 207 170.6 77
      vertex 204 170.6 80
      vertex 189 170.6 77
    endloop
  endfacet
  facet normal 1 -0 0
    outer loop
      vertex 192 170.6 84
      vertex 192 174.6 80
      vertex 192 174.6 84
    endloop
  endfacet
  facet normal 1 0 0
    outer loop
      vertex 192 174.6 80
      vertex 192 170.6 84
      vertex 192 170.6 80
    endloop
  endfacet
  facet normal 0 0 -1
    outer loop
      vertex 192 170.6 84
      vertex 204 174.6 84
      vertex 204 170.6 84
    endloop
  endfacet
  facet normal -0 0 -1
    outer loop
      vertex 204 174.6 84
      vertex 192 170.6 84
      vertex 192 174.6 84
    endloop
  endfacet
  facet normal -1 0 0
    outer loop
      vertex 204 170.6 80
      vertex 204 174.6 84
      vertex 204 174.6 80
    endloop
  endfacet
  facet normal -1 -0 0
    outer loop
      vertex 204 174.6 84
      vertex 204 170.6 80
      vertex 204 170.6 84
    endloop
  endfacet
  facet normal -0 0 1
    outer loop
      vertex 192 174.6 80
      vertex 204 170.6 80
      vertex 204 174.6 80
    endloop
  endfacet
  facet normal 0 0 1
    outer loop
      vertex 204 170.6 80
      vertex 192 174.6 80
      vertex 192 170.6 80
    endloop
  endfacet
  facet normal -1 0 0
    outer loop
      vertex 51 163 133.973
      vertex 51 175 147.973
      vertex 51 175 133.973
    endloop
  endfacet
  facet normal -1 -0 0
    outer loop
      vertex 51 175 147.973
      vertex 51 163 133.973
      vertex 51 163 147.973
    endloop
  endfacet
  facet normal 0 0 1
    outer loop
      vertex 67 175 147.973
      vertex 63 169 147.973
      vertex 67 163 147.973
    endloop
  endfacet
  facet normal 0 0 1
    outer loop
      vertex 67 175 147.973
      vertex 62.9658 169.522 147.973
      vertex 63 169 147.973
    endloop
  endfacet
  facet normal 0 0 1
    outer loop
      vertex 67 175 147.973
      vertex 62.8637 170.035 147.973
      vertex 62.9658 169.522 147.973
    endloop
  endfacet
  facet normal 0 0 1
    outer loop
      vertex 67 175 147.973
      vertex 62.6955 170.531 147.973
      vertex 62.8637 170.035 147.973
    endloop
  endfacet
  facet normal 0 0 1
    outer loop
      vertex 67 175 147.973
      vertex 62.4641 171 147.973
      vertex 62.6955 170.531 147.973
    endloop
  endfacet
  facet normal 0 0 1
    outer loop
      vertex 67 175 147.973
      vertex 62.1734 171.435 147.973
      vertex 62.4641 171 147.973
    endloop
  endfacet
  facet normal 0 0 1
    outer loop
      vertex 67 175 147.973
      vertex 61.8284 171.828 147.973
      vertex 62.1734 171.435 147.973
    endloop
  endfacet
  facet normal 0 0 1
    outer loop
      vertex 67 175 147.973
      vertex 61.435 172.173 147.973
      vertex 61.8284 171.828 147.973
    endloop
  endfacet
  facet normal 0 0 1
    outer loop
      vertex 67 175 147.973
      vertex 61 172.464 147.973
      vertex 61.435 172.173 147.973
    endloop
  endfacet
  facet normal 0 0 1
    outer loop
      vertex 67 175 147.973
      vertex 60.5307 172.696 147.973
      vertex 61 172.464 147.973
    endloop
  endfacet
  facet normal 0 0 1
    outer loop
      vertex 67 175 147.973
      vertex 60.0353 172.864 147.973
      vertex 60.5307 172.696 147.973
    endloop
  endfacet
  facet normal 0 0 1
    outer loop
      vertex 67 175 147.973
      vertex 59.5221 172.966 147.973
      vertex 60.0353 172.864 147.973
    endloop
  endfacet
  facet normal 0 0 1
    outer loop
      vertex 67 175 147.973
      vertex 59 173 147.973
      vertex 59.5221 172.966 147.973
    endloop
  endfacet
  facet normal -0 0 1
    outer loop
      vertex 51 175 147.973
      vertex 59 173 147.973
      vertex 67 175 147.973
    endloop
  endfacet
  facet normal 0 0 1
    outer loop
      vertex 59 173 147.973
      vertex 51 175 147.973
      vertex 58.4779 172.966 147.973
    endloop
  endfacet
  facet normal 0 0 1
    outer loop
      vertex 55.0342 169.522 147.973
      vertex 51 175 147.973
      vertex 55 169 147.973
    endloop
  endfacet
  facet normal 0 0 1
    outer loop
      vertex 55.1363 170.035 147.973
      vertex 51 175 147.973
      vertex 55.0342 169.522 147.973
    endloop
  endfacet
  facet normal 0 0 1
    outer loop
      vertex 55.3045 170.531 147.973
      vertex 51 175 147.973
      vertex 55.1363 170.035 147.973
    endloop
  endfacet
  facet normal 0 0 1
    outer loop
      vertex 55.5359 171 147.973
      vertex 51 175 147.973
      vertex 55.3045 170.531 147.973
    endloop
  endfacet
  facet normal 0 0 1
    outer loop
      vertex 55.8266 171.435 147.973
      vertex 51 175 147.973
      vertex 55.5359 171 147.973
    endloop
  endfacet
  facet normal 0 0 1
    outer loop
      vertex 56.1716 171.828 147.973
      vertex 51 175 147.973
      vertex 55.8266 171.435 147.973
    endloop
  endfacet
  facet normal 0 0 1
    outer loop
      vertex 56.565 172.173 147.973
      vertex 51 175 147.973
      vertex 56.1716 171.828 147.973
    endloop
  endfacet
  facet normal 0 0 1
    outer loop
      vertex 57 172.464 147.973
      vertex 51 175 147.973
      vertex 56.565 172.173 147.973
    endloop
  endfacet
  facet normal 0 0 1
    outer loop
      vertex 57.4693 172.696 147.973
      vertex 51 175 147.973
      vertex 57 172.464 147.973
    endloop
  endfacet
  facet normal 0 0 1
    outer loop
      vertex 57.9647 172.864 147.973
      vertex 51 175 147.973
      vertex 57.4693 172.696 147.973
    endloop
  endfacet
  facet normal 0 0 1
    outer loop
      vertex 58.4779 172.966 147.973
      vertex 51 175 147.973
      vertex 57.9647 172.864 147.973
    endloop
  endfacet
  facet normal -0 0 1
    outer loop
      vertex 62.9658 168.478 147.973
      vertex 67 163 147.973
      vertex 63 169 147.973
    endloop
  endfacet
  facet normal -0 0 1
    outer loop
      vertex 62.8637 167.965 147.973
      vertex 67 163 147.973
      vertex 62.9658 168.478 147.973
    endloop
  endfacet
  facet normal -0 0 1
    outer loop
      vertex 62.6955 167.469 147.973
      vertex 67 163 147.973
      vertex 62.8637 167.965 147.973
    endloop
  endfacet
  facet normal -0 0 1
    outer loop
      vertex 62.4641 167 147.973
      vertex 67 163 147.973
      vertex 62.6955 167.469 147.973
    endloop
  endfacet
  facet normal -0 0 1
    outer loop
      vertex 62.1734 166.565 147.973
      vertex 67 163 147.973
      vertex 62.4641 167 147.973
    endloop
  endfacet
  facet normal -0 0 1
    outer loop
      vertex 61.8284 166.172 147.973
      vertex 67 163 147.973
      vertex 62.1734 166.565 147.973
    endloop
  endfacet
  facet normal -0 0 1
    outer loop
      vertex 61.435 165.827 147.973
      vertex 67 163 147.973
      vertex 61.8284 166.172 147.973
    endloop
  endfacet
  facet normal -0 0 1
    outer loop
      vertex 61 165.536 147.973
      vertex 67 163 147.973
      vertex 61.435 165.827 147.973
    endloop
  endfacet
  facet normal -0 0 1
    outer loop
      vertex 60.5307 165.304 147.973
      vertex 67 163 147.973
      vertex 61 165.536 147.973
    endloop
  endfacet
  facet normal -0 0 1
    outer loop
      vertex 60.0353 165.136 147.973
      vertex 67 163 147.973
      vertex 60.5307 165.304 147.973
    endloop
  endfacet
  facet normal -0 0 1
    outer loop
      vertex 59.5221 165.034 147.973
      vertex 67 163 147.973
      vertex 60.0353 165.136 147.973
    endloop
  endfacet
  facet normal -0 0 1
    outer loop
      vertex 59 165 147.973
      vertex 67 163 147.973
      vertex 59.5221 165.034 147.973
    endloop
  endfacet
  facet normal 0 0 1
    outer loop
      vertex 51 163 147.973
      vertex 59 165 147.973
      vertex 58.4779 165.034 147.973
    endloop
  endfacet
  facet normal 0 0 1
    outer loop
      vertex 51 163 147.973
      vertex 58.4779 165.034 147.973
      vertex 57.9647 165.136 147.973
    endloop
  endfacet
  facet normal 0 0 1
    outer loop
      vertex 51 163 147.973
      vertex 55 169 147.973
      vertex 51 175 147.973
    endloop
  endfacet
  facet normal 0 0 1
    outer loop
      vertex 55 169 147.973
      vertex 51 163 147.973
      vertex 55.0342 168.478 147.973
    endloop
  endfacet
  facet normal 0 0 1
    outer loop
      vertex 55.0342 168.478 147.973
      vertex 51 163 147.973
      vertex 55.1363 167.965 147.973
    endloop
  endfacet
  facet normal 0 0 1
    outer loop
      vertex 55.1363 167.965 147.973
      vertex 51 163 147.973
      vertex 55.3045 167.469 147.973
    endloop
  endfacet
  facet normal 0 0 1
    outer loop
      vertex 59 165 147.973
      vertex 51 163 147.973
      vertex 67 163 147.973
    endloop
  endfacet
  facet normal 0 0 1
    outer loop
      vertex 57.4693 165.304 147.973
      vertex 51 163 147.973
      vertex 57.9647 165.136 147.973
    endloop
  endfacet
  facet normal 0 0 1
    outer loop
      vertex 57 165.536 147.973
      vertex 51 163 147.973
      vertex 57.4693 165.304 147.973
    endloop
  endfacet
  facet normal 0 0 1
    outer loop
      vertex 56.565 165.827 147.973
      vertex 51 163 147.973
      vertex 57 165.536 147.973
    endloop
  endfacet
  facet normal 0 0 1
    outer loop
      vertex 56.1716 166.172 147.973
      vertex 51 163 147.973
      vertex 56.565 165.827 147.973
    endloop
  endfacet
  facet normal 0 0 1
    outer loop
      vertex 55.8266 166.565 147.973
      vertex 51 163 147.973
      vertex 56.1716 166.172 147.973
    endloop
  endfacet
  facet normal 0 0 1
    outer loop
      vertex 55.5359 167 147.973
      vertex 51 163 147.973
      vertex 55.8266 166.565 147.973
    endloop
  endfacet
  facet normal 0 0 1
    outer loop
      vertex 55.3045 167.469 147.973
      vertex 51 163 147.973
      vertex 55.5359 167 147.973
    endloop
  endfacet
  facet normal 1 -0 0
    outer loop
      vertex 67 163 147.973
      vertex 67 175 133.973
      vertex 67 175 147.973
    endloop
  endfacet
  facet normal 1 0 0
    outer loop
      vertex 67 175 133.973
      vertex 67 163 147.973
      vertex 67 163 133.973
    endloop
  endfacet
  facet normal 0 0 -1
    outer loop
      vertex 67 163 133.973
      vertex 63 169 133.973
      vertex 67 175 133.973
    endloop
  endfacet
  facet normal 0 0 -1
    outer loop
      vertex 67 163 133.973
      vertex 62.9658 168.478 133.973
      vertex 63 169 133.973
    endloop
  endfacet
  facet normal 0 0 -1
    outer loop
      vertex 67 163 133.973
      vertex 62.8637 167.965 133.973
      vertex 62.9658 168.478 133.973
    endloop
  endfacet
  facet normal 0 0 -1
    outer loop
      vertex 67 163 133.973
      vertex 62.6955 167.469 133.973
      vertex 62.8637 167.965 133.973
    endloop
  endfacet
  facet normal 0 0 -1
    outer loop
      vertex 67 163 133.973
      vertex 62.4641 167 133.973
      vertex 62.6955 167.469 133.973
    endloop
  endfacet
  facet normal 0 0 -1
    outer loop
      vertex 67 163 133.973
      vertex 62.1734 166.565 133.973
      vertex 62.4641 167 133.973
    endloop
  endfacet
  facet normal 0 0 -1
    outer loop
      vertex 67 163 133.973
      vertex 61.8284 166.172 133.973
      vertex 62.1734 166.565 133.973
    endloop
  endfacet
  facet normal 0 0 -1
    outer loop
      vertex 67 163 133.973
      vertex 61.435 165.827 133.973
      vertex 61.8284 166.172 133.973
    endloop
  endfacet
  facet normal 0 0 -1
    outer loop
      vertex 67 163 133.973
      vertex 61 165.536 133.973
      vertex 61.435 165.827 133.973
    endloop
  endfacet
  facet normal 0 0 -1
    outer loop
      vertex 67 163 133.973
      vertex 60.5307 165.304 133.973
      vertex 61 165.536 133.973
    endloop
  endfacet
  facet normal 0 0 -1
    outer loop
      vertex 67 163 133.973
      vertex 60.0353 165.136 133.973
      vertex 60.5307 165.304 133.973
    endloop
  endfacet
  facet normal 0 0 -1
    outer loop
      vertex 67 163 133.973
      vertex 59.5221 165.034 133.973
      vertex 60.0353 165.136 133.973
    endloop
  endfacet
  facet normal 0 0 -1
    outer loop
      vertex 67 163 133.973
      vertex 59 165 133.973
      vertex 59.5221 165.034 133.973
    endloop
  endfacet
  facet normal 0 0 -1
    outer loop
      vertex 51 163 133.973
      vertex 59 165 133.973
      vertex 67 163 133.973
    endloop
  endfacet
  facet normal -0 0 -1
    outer loop
      vertex 59 165 133.973
      vertex 51 163 133.973
      vertex 58.4779 165.034 133.973
    endloop
  endfacet
  facet normal -0 0 -1
    outer loop
      vertex 55.0342 168.478 133.973
      vertex 51 163 133.973
      vertex 55 169 133.973
    endloop
  endfacet
  facet normal -0 0 -1
    outer loop
      vertex 55.1363 167.965 133.973
      vertex 51 163 133.973
      vertex 55.0342 168.478 133.973
    endloop
  endfacet
  facet normal -0 0 -1
    outer loop
      vertex 55.3045 167.469 133.973
      vertex 51 163 133.973
      vertex 55.1363 167.965 133.973
    endloop
  endfacet
  facet normal -0 0 -1
    outer loop
      vertex 55.5359 167 133.973
      vertex 51 163 133.973
      vertex 55.3045 167.469 133.973
    endloop
  endfacet
  facet normal -0 0 -1
    outer loop
      vertex 55.8266 166.565 133.973
      vertex 51 163 133.973
      vertex 55.5359 167 133.973
    endloop
  endfacet
  facet normal -0 0 -1
    outer loop
      vertex 56.1716 166.172 133.973
      vertex 51 163 133.973
      vertex 55.8266 166.565 133.973
    endloop
  endfacet
  facet normal -0 0 -1
    outer loop
      vertex 56.565 165.827 133.973
      vertex 51 163 133.973
      vertex 56.1716 166.172 133.973
    endloop
  endfacet
  facet normal -0 0 -1
    outer loop
      vertex 57 165.536 133.973
      vertex 51 163 133.973
      vertex 56.565 165.827 133.973
    endloop
  endfacet
  facet normal -0 0 -1
    outer loop
      vertex 57.4693 165.304 133.973
      vertex 51 163 133.973
      vertex 57 165.536 133.973
    endloop
  endfacet
  facet normal -0 0 -1
    outer loop
      vertex 57.9647 165.136 133.973
      vertex 51 163 133.973
      vertex 57.4693 165.304 133.973
    endloop
  endfacet
  facet normal -0 0 -1
    outer loop
      vertex 58.4779 165.034 133.973
      vertex 51 163 133.973
      vertex 57.9647 165.136 133.973
    endloop
  endfacet
  facet normal 0 0 -1
    outer loop
      vertex 62.9658 169.522 133.973
      vertex 67 175 133.973
      vertex 63 169 133.973
    endloop
  endfacet
  facet normal 0 0 -1
    outer loop
      vertex 62.8637 170.035 133.973
      vertex 67 175 133.973
      vertex 62.9658 169.522 133.973
    endloop
  endfacet
  facet normal 0 0 -1
    outer loop
      vertex 62.6955 170.531 133.973
      vertex 67 175 133.973
      vertex 62.8637 170.035 133.973
    endloop
  endfacet
  facet normal 0 0 -1
    outer loop
      vertex 62.4641 171 133.973
      vertex 67 175 133.973
      vertex 62.6955 170.531 133.973
    endloop
  endfacet
  facet normal 0 0 -1
    outer loop
      vertex 62.1734 171.435 133.973
      vertex 67 175 133.973
      vertex 62.4641 171 133.973
    endloop
  endfacet
  facet normal 0 0 -1
    outer loop
      vertex 61.8284 171.828 133.973
      vertex 67 175 133.973
      vertex 62.1734 171.435 133.973
    endloop
  endfacet
  facet normal 0 0 -1
    outer loop
      vertex 61.435 172.173 133.973
      vertex 67 175 133.973
      vertex 61.8284 171.828 133.973
    endloop
  endfacet
  facet normal 0 0 -1
    outer loop
      vertex 61 172.464 133.973
      vertex 67 175 133.973
      vertex 61.435 172.173 133.973
    endloop
  endfacet
  facet normal 0 0 -1
    outer loop
      vertex 60.5307 172.696 133.973
      vertex 67 175 133.973
      vertex 61 172.464 133.973
    endloop
  endfacet
  facet normal 0 0 -1
    outer loop
      vertex 60.0353 172.864 133.973
      vertex 67 175 133.973
      vertex 60.5307 172.696 133.973
    endloop
  endfacet
  facet normal 0 0 -1
    outer loop
      vertex 59.5221 172.966 133.973
      vertex 67 175 133.973
      vertex 60.0353 172.864 133.973
    endloop
  endfacet
  facet normal 0 0 -1
    outer loop
      vertex 59 173 133.973
      vertex 67 175 133.973
      vertex 59.5221 172.966 133.973
    endloop
  endfacet
  facet normal 0 0 -1
    outer loop
      vertex 51 175 133.973
      vertex 59 173 133.973
      vertex 58.4779 172.966 133.973
    endloop
  endfacet
  facet normal 0 0 -1
    outer loop
      vertex 51 175 133.973
      vertex 58.4779 172.966 133.973
      vertex 57.9647 172.864 133.973
    endloop
  endfacet
  facet normal 0 0 -1
    outer loop
      vertex 51 175 133.973
      vertex 55 169 133.973
      vertex 51 163 133.973
    endloop
  endfacet
  facet normal 0 0 -1
    outer loop
      vertex 55 169 133.973
      vertex 51 175 133.973
      vertex 55.0342 169.522 133.973
    endloop
  endfacet
  facet normal 0 0 -1
    outer loop
      vertex 55.0342 169.522 133.973
      vertex 51 175 133.973
      vertex 55.1363 170.035 133.973
    endloop
  endfacet
  facet normal 0 0 -1
    outer loop
      vertex 55.1363 170.035 133.973
      vertex 51 175 133.973
      vertex 55.3045 170.531 133.973
    endloop
  endfacet
  facet normal 0 0 -1
    outer loop
      vertex 59 173 133.973
      vertex 51 175 133.973
      vertex 67 175 133.973
    endloop
  endfacet
  facet normal 0 0 -1
    outer loop
      vertex 57.4693 172.696 133.973
      vertex 51 175 133.973
      vertex 57.9647 172.864 133.973
    endloop
  endfacet
  facet normal 0 0 -1
    outer loop
      vertex 57 172.464 133.973
      vertex 51 175 133.973
      vertex 57.4693 172.696 133.973
    endloop
  endfacet
  facet normal 0 0 -1
    outer loop
      vertex 56.565 172.173 133.973
      vertex 51 175 133.973
      vertex 57 172.464 133.973
    endloop
  endfacet
  facet normal 0 0 -1
    outer loop
      vertex 56.1716 171.828 133.973
      vertex 51 175 133.973
      vertex 56.565 172.173 133.973
    endloop
  endfacet
  facet normal 0 0 -1
    outer loop
      vertex 55.8266 171.435 133.973
      vertex 51 175 133.973
      vertex 56.1716 171.828 133.973
    endloop
  endfacet
  facet normal 0 0 -1
    outer loop
      vertex 55.5359 171 133.973
      vertex 51 175 133.973
      vertex 55.8266 171.435 133.973
    endloop
  endfacet
  facet normal 0 0 -1
    outer loop
      vertex 55.3045 170.531 133.973
      vertex 51 175 133.973
      vertex 55.5359 171 133.973
    endloop
  endfacet
  facet normal 0 -1 0
    outer loop
      vertex 51 163 133.973
      vertex 67 163 147.973
      vertex 51 163 147.973
    endloop
  endfacet
  facet normal 0 -1 -0
    outer loop
      vertex 67 163 147.973
      vertex 51 163 133.973
      vertex 67 163 133.973
    endloop
  endfacet
  facet normal -0.947028 -0.32115 0
    outer loop
      vertex 62.8637 170.035 133.973
      vertex 62.6955 170.531 147.973
      vertex 62.6955 170.531 133.973
    endloop
  endfacet
  facet normal -0.947028 -0.32115 0
    outer loop
      vertex 62.6955 170.531 147.973
      vertex 62.8637 170.035 133.973
      vertex 62.8637 170.035 147.973
    endloop
  endfacet
  facet normal -0.997861 -0.0653771 0
    outer loop
      vertex 63 169 133.973
      vertex 62.9658 169.522 147.973
      vertex 62.9658 169.522 133.973
    endloop
  endfacet
  facet normal -0.997861 -0.0653771 0
    outer loop
      vertex 62.9658 169.522 147.973
      vertex 63 169 133.973
      vertex 63 169 147.973
    endloop
  endfacet
  facet normal 0.997861 -0.0653771 0
    outer loop
      vertex 55 169 147.973
      vertex 55.0342 169.522 133.973
      vertex 55.0342 169.522 147.973
    endloop
  endfacet
  facet normal 0.997861 -0.0653771 0
    outer loop
      vertex 55.0342 169.522 133.973
      vertex 55 169 147.973
      vertex 55 169 133.973
    endloop
  endfacet
  facet normal -0.064984 -0.997886 0
    outer loop
      vertex 59 173 133.973
      vertex 59.5221 172.966 147.973
      vertex 59 173 147.973
    endloop
  endfacet
  facet normal -0.064984 -0.997886 -0
    outer loop
      vertex 59.5221 172.966 147.973
      vertex 59 173 133.973
      vertex 59.5221 172.966 133.973
    endloop
  endfacet
  facet normal -0.659343 -0.751842 0
    outer loop
      vertex 61.435 172.173 133.973
      vertex 61.8284 171.828 147.973
      vertex 61.435 172.173 147.973
    endloop
  endfacet
  facet normal -0.659343 -0.751842 -0
    outer loop
      vertex 61.8284 171.828 147.973
      vertex 61.435 172.173 133.973
      vertex 61.8284 171.828 133.973
    endloop
  endfacet
  facet normal 0.659343 -0.751842 0
    outer loop
      vertex 56.1716 171.828 133.973
      vertex 56.565 172.173 147.973
      vertex 56.1716 171.828 147.973
    endloop
  endfacet
  facet normal 0.659343 -0.751842 0
    outer loop
      vertex 56.565 172.173 147.973
      vertex 56.1716 171.828 133.973
      vertex 56.565 172.173 133.973
    endloop
  endfacet
  facet normal 0.321156 -0.947026 0
    outer loop
      vertex 57.4693 172.696 133.973
      vertex 57.9647 172.864 147.973
      vertex 57.4693 172.696 147.973
    endloop
  endfacet
  facet normal 0.321156 -0.947026 0
    outer loop
      vertex 57.9647 172.864 147.973
      vertex 57.4693 172.696 133.973
      vertex 57.9647 172.864 133.973
    endloop
  endfacet
  facet normal -0.997861 0.0653771 0
    outer loop
      vertex 62.9658 168.478 133.973
      vertex 63 169 147.973
      vertex 63 169 133.973
    endloop
  endfacet
  facet normal -0.997861 0.0653771 0
    outer loop
      vertex 63 169 147.973
      vertex 62.9658 168.478 133.973
      vertex 62.9658 168.478 147.973
    endloop
  endfacet
  facet normal 0.75151 0.659722 0
    outer loop
      vertex 56.1716 166.172 147.973
      vertex 55.8266 166.565 133.973
      vertex 55.8266 166.565 147.973
    endloop
  endfacet
  facet normal 0.75151 0.659722 0
    outer loop
      vertex 55.8266 166.565 133.973
      vertex 56.1716 166.172 147.973
      vertex 56.1716 166.172 133.973
    endloop
  endfacet
  facet normal -0.896786 -0.442465 0
    outer loop
      vertex 62.6955 170.531 133.973
      vertex 62.4641 171 147.973
      vertex 62.4641 171 133.973
    endloop
  endfacet
  facet normal -0.896786 -0.442465 0
    outer loop
      vertex 62.4641 171 147.973
      vertex 62.6955 170.531 133.973
      vertex 62.6955 170.531 147.973
    endloop
  endfacet
  facet normal -0.831432 -0.555626 0
    outer loop
      vertex 62.4641 171 133.973
      vertex 62.1734 171.435 147.973
      vertex 62.1734 171.435 133.973
    endloop
  endfacet
  facet normal -0.831432 -0.555626 0
    outer loop
      vertex 62.1734 171.435 147.973
      vertex 62.4641 171 133.973
      vertex 62.4641 171 147.973
    endloop
  endfacet
  facet normal -0.443159 -0.896443 0
    outer loop
      vertex 60.5307 172.696 133.973
      vertex 61 172.464 147.973
      vertex 60.5307 172.696 147.973
    endloop
  endfacet
  facet normal -0.443159 -0.896443 -0
    outer loop
      vertex 61 172.464 147.973
      vertex 60.5307 172.696 133.973
      vertex 61 172.464 133.973
    endloop
  endfacet
  facet normal -0.19494 -0.980815 0
    outer loop
      vertex 59.5221 172.966 133.973
      vertex 60.0353 172.864 147.973
      vertex 59.5221 172.966 147.973
    endloop
  endfacet
  facet normal -0.19494 -0.980815 -0
    outer loop
      vertex 60.0353 172.864 147.973
      vertex 59.5221 172.966 133.973
      vertex 60.0353 172.864 133.973
    endloop
  endfacet
  facet normal -0.556022 -0.831167 0
    outer loop
      vertex 61 172.464 133.973
      vertex 61.435 172.173 147.973
      vertex 61 172.464 147.973
    endloop
  endfacet
  facet normal -0.556022 -0.831167 -0
    outer loop
      vertex 61.435 172.173 147.973
      vertex 61 172.464 133.973
      vertex 61.435 172.173 133.973
    endloop
  endfacet
  facet normal 0.831432 -0.555626 0
    outer loop
      vertex 55.5359 171 147.973
      vertex 55.8266 171.435 133.973
      vertex 55.8266 171.435 147.973
    endloop
  endfacet
  facet normal 0.831432 -0.555626 0
    outer loop
      vertex 55.8266 171.435 133.973
      vertex 55.5359 171 147.973
      vertex 55.5359 171 133.973
    endloop
  endfacet
  facet normal 0.75151 -0.659722 0
    outer loop
      vertex 55.8266 171.435 147.973
      vertex 56.1716 171.828 133.973
      vertex 56.1716 171.828 147.973
    endloop
  endfacet
  facet normal 0.75151 -0.659722 0
    outer loop
      vertex 56.1716 171.828 133.973
      vertex 55.8266 171.435 147.973
      vertex 55.8266 171.435 133.973
    endloop
  endfacet
  facet normal 0.980764 -0.195197 0
    outer loop
      vertex 55.0342 169.522 147.973
      vertex 55.1363 170.035 133.973
      vertex 55.1363 170.035 147.973
    endloop
  endfacet
  facet normal 0.980764 -0.195197 0
    outer loop
      vertex 55.1363 170.035 133.973
      vertex 55.0342 169.522 147.973
      vertex 55.0342 169.522 133.973
    endloop
  endfacet
  facet normal 0.556022 -0.831167 0
    outer loop
      vertex 56.565 172.173 133.973
      vertex 57 172.464 147.973
      vertex 56.565 172.173 147.973
    endloop
  endfacet
  facet normal 0.556022 -0.831167 0
    outer loop
      vertex 57 172.464 147.973
      vertex 56.565 172.173 133.973
      vertex 57 172.464 133.973
    endloop
  endfacet
  facet normal 0.064984 -0.997886 0
    outer loop
      vertex 58.4779 172.966 133.973
      vertex 59 173 147.973
      vertex 58.4779 172.966 147.973
    endloop
  endfacet
  facet normal 0.064984 -0.997886 0
    outer loop
      vertex 59 173 147.973
      vertex 58.4779 172.966 133.973
      vertex 59 173 133.973
    endloop
  endfacet
  facet normal -0.831432 0.555626 0
    outer loop
      vertex 62.1734 166.565 133.973
      vertex 62.4641 167 147.973
      vertex 62.4641 167 133.973
    endloop
  endfacet
  facet normal -0.831432 0.555626 0
    outer loop
      vertex 62.4641 167 147.973
      vertex 62.1734 166.565 133.973
      vertex 62.1734 166.565 147.973
    endloop
  endfacet
  facet normal -0.321156 0.947026 0
    outer loop
      vertex 60.5307 165.304 133.973
      vertex 60.0353 165.136 147.973
      vertex 60.5307 165.304 147.973
    endloop
  endfacet
  facet normal -0.321156 0.947026 0
    outer loop
      vertex 60.0353 165.136 147.973
      vertex 60.5307 165.304 133.973
      vertex 60.0353 165.136 133.973
    endloop
  endfacet
  facet normal -0.75151 0.659722 0
    outer loop
      vertex 61.8284 166.172 133.973
      vertex 62.1734 166.565 147.973
      vertex 62.1734 166.565 133.973
    endloop
  endfacet
  facet normal -0.75151 0.659722 0
    outer loop
      vertex 62.1734 166.565 147.973
      vertex 61.8284 166.172 133.973
      vertex 61.8284 166.172 147.973
    endloop
  endfacet
  facet normal -0.556022 0.831167 0
    outer loop
      vertex 61.435 165.827 133.973
      vertex 61 165.536 147.973
      vertex 61.435 165.827 147.973
    endloop
  endfacet
  facet normal -0.556022 0.831167 0
    outer loop
      vertex 61 165.536 147.973
      vertex 61.435 165.827 133.973
      vertex 61 165.536 133.973
    endloop
  endfacet
  facet normal 0.659343 0.751842 -0
    outer loop
      vertex 56.565 165.827 133.973
      vertex 56.1716 166.172 147.973
      vertex 56.565 165.827 147.973
    endloop
  endfacet
  facet normal 0.659343 0.751842 0
    outer loop
      vertex 56.1716 166.172 147.973
      vertex 56.565 165.827 133.973
      vertex 56.1716 166.172 133.973
    endloop
  endfacet
  facet normal 0.321156 0.947026 -0
    outer loop
      vertex 57.9647 165.136 133.973
      vertex 57.4693 165.304 147.973
      vertex 57.9647 165.136 147.973
    endloop
  endfacet
  facet normal 0.321156 0.947026 0
    outer loop
      vertex 57.4693 165.304 147.973
      vertex 57.9647 165.136 133.973
      vertex 57.4693 165.304 133.973
    endloop
  endfacet
  facet normal 0.997861 0.0653771 0
    outer loop
      vertex 55.0342 168.478 147.973
      vertex 55 169 133.973
      vertex 55 169 147.973
    endloop
  endfacet
  facet normal 0.997861 0.0653771 0
    outer loop
      vertex 55 169 133.973
      vertex 55.0342 168.478 147.973
      vertex 55.0342 168.478 133.973
    endloop
  endfacet
  facet normal -0.980764 -0.195197 0
    outer loop
      vertex 62.9658 169.522 133.973
      vertex 62.8637 170.035 147.973
      vertex 62.8637 170.035 133.973
    endloop
  endfacet
  facet normal -0.980764 -0.195197 0
    outer loop
      vertex 62.8637 170.035 147.973
      vertex 62.9658 169.522 133.973
      vertex 62.9658 169.522 147.973
    endloop
  endfacet
  facet normal -0.321156 -0.947026 0
    outer loop
      vertex 60.0353 172.864 133.973
      vertex 60.5307 172.696 147.973
      vertex 60.0353 172.864 147.973
    endloop
  endfacet
  facet normal -0.321156 -0.947026 -0
    outer loop
      vertex 60.5307 172.696 147.973
      vertex 60.0353 172.864 133.973
      vertex 60.5307 172.696 133.973
    endloop
  endfacet
  facet normal 0.896786 -0.442465 0
    outer loop
      vertex 55.3045 170.531 147.973
      vertex 55.5359 171 133.973
      vertex 55.5359 171 147.973
    endloop
  endfacet
  facet normal 0.896786 -0.442465 0
    outer loop
      vertex 55.5359 171 133.973
      vertex 55.3045 170.531 147.973
      vertex 55.3045 170.531 133.973
    endloop
  endfacet
  facet normal 0.947028 -0.32115 0
    outer loop
      vertex 55.1363 170.035 147.973
      vertex 55.3045 170.531 133.973
      vertex 55.3045 170.531 147.973
    endloop
  endfacet
  facet normal 0.947028 -0.32115 0
    outer loop
      vertex 55.3045 170.531 133.973
      vertex 55.1363 170.035 147.973
      vertex 55.1363 170.035 133.973
    endloop
  endfacet
  facet normal -0.064984 0.997886 0
    outer loop
      vertex 59.5221 165.034 133.973
      vertex 59 165 147.973
      vertex 59.5221 165.034 147.973
    endloop
  endfacet
  facet normal -0.064984 0.997886 0
    outer loop
      vertex 59 165 147.973
      vertex 59.5221 165.034 133.973
      vertex 59 165 133.973
    endloop
  endfacet
  facet normal -0.19494 0.980815 0
    outer loop
      vertex 60.0353 165.136 133.973
      vertex 59.5221 165.034 147.973
      vertex 60.0353 165.136 147.973
    endloop
  endfacet
  facet normal -0.19494 0.980815 0
    outer loop
      vertex 59.5221 165.034 147.973
      vertex 60.0353 165.136 133.973
      vertex 59.5221 165.034 133.973
    endloop
  endfacet
  facet normal -0.659343 0.751842 0
    outer loop
      vertex 61.8284 166.172 133.973
      vertex 61.435 165.827 147.973
      vertex 61.8284 166.172 147.973
    endloop
  endfacet
  facet normal -0.659343 0.751842 0
    outer loop
      vertex 61.435 165.827 147.973
      vertex 61.8284 166.172 133.973
      vertex 61.435 165.827 133.973
    endloop
  endfacet
  facet normal -0.947028 0.32115 0
    outer loop
      vertex 62.6955 167.469 133.973
      vertex 62.8637 167.965 147.973
      vertex 62.8637 167.965 133.973
    endloop
  endfacet
  facet normal -0.947028 0.32115 0
    outer loop
      vertex 62.8637 167.965 147.973
      vertex 62.6955 167.469 133.973
      vertex 62.6955 167.469 147.973
    endloop
  endfacet
  facet normal 0.556022 0.831167 -0
    outer loop
      vertex 57 165.536 133.973
      vertex 56.565 165.827 147.973
      vertex 57 165.536 147.973
    endloop
  endfacet
  facet normal 0.556022 0.831167 0
    outer loop
      vertex 56.565 165.827 147.973
      vertex 57 165.536 133.973
      vertex 56.565 165.827 133.973
    endloop
  endfacet
  facet normal 0.064984 0.997886 -0
    outer loop
      vertex 59 165 133.973
      vertex 58.4779 165.034 147.973
      vertex 59 165 147.973
    endloop
  endfacet
  facet normal 0.064984 0.997886 0
    outer loop
      vertex 58.4779 165.034 147.973
      vertex 59 165 133.973
      vertex 58.4779 165.034 133.973
    endloop
  endfacet
  facet normal 0.896786 0.442465 0
    outer loop
      vertex 55.5359 167 147.973
      vertex 55.3045 167.469 133.973
      vertex 55.3045 167.469 147.973
    endloop
  endfacet
  facet normal 0.896786 0.442465 0
    outer loop
      vertex 55.3045 167.469 133.973
      vertex 55.5359 167 147.973
      vertex 55.5359 167 133.973
    endloop
  endfacet
  facet normal 0.980764 0.195197 0
    outer loop
      vertex 55.1363 167.965 147.973
      vertex 55.0342 168.478 133.973
      vertex 55.0342 168.478 147.973
    endloop
  endfacet
  facet normal 0.980764 0.195197 0
    outer loop
      vertex 55.0342 168.478 133.973
      vertex 55.1363 167.965 147.973
      vertex 55.1363 167.965 133.973
    endloop
  endfacet
  facet normal 0.947028 0.32115 0
    outer loop
      vertex 55.3045 167.469 147.973
      vertex 55.1363 167.965 133.973
      vertex 55.1363 167.965 147.973
    endloop
  endfacet
  facet normal 0.947028 0.32115 0
    outer loop
      vertex 55.1363 167.965 133.973
      vertex 55.3045 167.469 147.973
      vertex 55.3045 167.469 133.973
    endloop
  endfacet
  facet normal -0.75151 -0.659722 0
    outer loop
      vertex 62.1734 171.435 133.973
      vertex 61.8284 171.828 147.973
      vertex 61.8284 171.828 133.973
    endloop
  endfacet
  facet normal -0.75151 -0.659722 0
    outer loop
      vertex 61.8284 171.828 147.973
      vertex 62.1734 171.435 133.973
      vertex 62.1734 171.435 147.973
    endloop
  endfacet
  facet normal 0.443159 -0.896443 0
    outer loop
      vertex 57 172.464 133.973
      vertex 57.4693 172.696 147.973
      vertex 57 172.464 147.973
    endloop
  endfacet
  facet normal 0.443159 -0.896443 0
    outer loop
      vertex 57.4693 172.696 147.973
      vertex 57 172.464 133.973
      vertex 57.4693 172.696 133.973
    endloop
  endfacet
  facet normal 0.19494 -0.980815 0
    outer loop
      vertex 57.9647 172.864 133.973
      vertex 58.4779 172.966 147.973
      vertex 57.9647 172.864 147.973
    endloop
  endfacet
  facet normal 0.19494 -0.980815 0
    outer loop
      vertex 58.4779 172.966 147.973
      vertex 57.9647 172.864 133.973
      vertex 58.4779 172.966 133.973
    endloop
  endfacet
  facet normal -0.443159 0.896443 0
    outer loop
      vertex 61 165.536 133.973
      vertex 60.5307 165.304 147.973
      vertex 61 165.536 147.973
    endloop
  endfacet
  facet normal -0.443159 0.896443 0
    outer loop
      vertex 60.5307 165.304 147.973
      vertex 61 165.536 133.973
      vertex 60.5307 165.304 133.973
    endloop
  endfacet
  facet normal -0.896786 0.442465 0
    outer loop
      vertex 62.4641 167 133.973
      vertex 62.6955 167.469 147.973
      vertex 62.6955 167.469 133.973
    endloop
  endfacet
  facet normal -0.896786 0.442465 0
    outer loop
      vertex 62.6955 167.469 147.973
      vertex 62.4641 167 133.973
      vertex 62.4641 167 147.973
    endloop
  endfacet
  facet normal 0.443159 0.896443 -0
    outer loop
      vertex 57.4693 165.304 133.973
      vertex 57 165.536 147.973
      vertex 57.4693 165.304 147.973
    endloop
  endfacet
  facet normal 0.443159 0.896443 0
    outer loop
      vertex 57 165.536 147.973
      vertex 57.4693 165.304 133.973
      vertex 57 165.536 133.973
    endloop
  endfacet
  facet normal 0.19494 0.980815 -0
    outer loop
      vertex 58.4779 165.034 133.973
      vertex 57.9647 165.136 147.973
      vertex 58.4779 165.034 147.973
    endloop
  endfacet
  facet normal 0.19494 0.980815 0
    outer loop
      vertex 57.9647 165.136 147.973
      vertex 58.4779 165.034 133.973
      vertex 57.9647 165.136 133.973
    endloop
  endfacet
  facet normal 0.831432 0.555626 0
    outer loop
      vertex 55.8266 166.565 147.973
      vertex 55.5359 167 133.973
      vertex 55.5359 167 147.973
    endloop
  endfacet
  facet normal 0.831432 0.555626 0
    outer loop
      vertex 55.5359 167 133.973
      vertex 55.8266 166.565 147.973
      vertex 55.8266 166.565 133.973
    endloop
  endfacet
  facet normal -0.980764 0.195197 0
    outer loop
      vertex 62.8637 167.965 133.973
      vertex 62.9658 168.478 147.973
      vertex 62.9658 168.478 133.973
    endloop
  endfacet
  facet normal -0.980764 0.195197 0
    outer loop
      vertex 62.9658 168.478 147.973
      vertex 62.8637 167.965 133.973
      vertex 62.8637 167.965 147.973
    endloop
  endfacet
  facet normal 0 -1 0
    outer loop
      vertex 121 22 51.8
      vertex 121.8 22 55.2
      vertex 121 22 55.2
    endloop
  endfacet
  facet normal 0 -1 -0
    outer loop
      vertex 121.8 22 55.2
      vertex 121 22 51.8
      vertex 123.5 22 52.6
    endloop
  endfacet
  facet normal 0 -1 -0
    outer loop
      vertex 123.5 22 52.6
      vertex 121 22 51.8
      vertex 123.5 22 51.8
    endloop
  endfacet
  facet normal -0 0 1
    outer loop
      vertex 121 38 55.2
      vertex 121.8 22 55.2
      vertex 121.8 38 55.2
    endloop
  endfacet
  facet normal 0 0 1
    outer loop
      vertex 121.8 22 55.2
      vertex 121 38 55.2
      vertex 121 22 55.2
    endloop
  endfacet
  facet normal 0.83697 -0 0.547249
    outer loop
      vertex 121.8 22 55.2
      vertex 123.5 38 52.6
      vertex 121.8 38 55.2
    endloop
  endfacet
  facet normal 0.83697 0 0.547249
    outer loop
      vertex 123.5 38 52.6
      vertex 121.8 22 55.2
      vertex 123.5 22 52.6
    endloop
  endfacet
  facet normal -1 0 0
    outer loop
      vertex 121 22 51.8
      vertex 121 38 55.2
      vertex 121 38 51.8
    endloop
  endfacet
  facet normal -1 -0 0
    outer loop
      vertex 121 38 55.2
      vertex 121 22 51.8
      vertex 121 22 55.2
    endloop
  endfacet
  facet normal 0 1 0
    outer loop
      vertex 121 38 51.8
      vertex 121.8 38 55.2
      vertex 123.5 38 52.6
    endloop
  endfacet
  facet normal 0 1 0
    outer loop
      vertex 121 38 51.8
      vertex 123.5 38 52.6
      vertex 123.5 38 51.8
    endloop
  endfacet
  facet normal 0 1 0
    outer loop
      vertex 121.8 38 55.2
      vertex 121 38 51.8
      vertex 121 38 55.2
    endloop
  endfacet
  facet normal 0 0 -1
    outer loop
      vertex 121 22 51.8
      vertex 123.5 38 51.8
      vertex 123.5 22 51.8
    endloop
  endfacet
  facet normal -0 0 -1
    outer loop
      vertex 123.5 38 51.8
      vertex 121 22 51.8
      vertex 121 38 51.8
    endloop
  endfacet
  facet normal 1 -0 0
    outer loop
      vertex 123.5 22 52.6
      vertex 123.5 38 51.8
      vertex 123.5 38 52.6
    endloop
  endfacet
  facet normal 1 0 0
    outer loop
      vertex 123.5 38 51.8
      vertex 123.5 22 52.6
      vertex 123.5 22 51.8
    endloop
  endfacet
  facet normal 0 -1 0
    outer loop
      vertex 121 142 51.8
      vertex 121.8 142 55.2
      vertex 121 142 55.2
    endloop
  endfacet
  facet normal 0 -1 -0
    outer loop
      vertex 121.8 142 55.2
      vertex 121 142 51.8
      vertex 123.5 142 52.6
    endloop
  endfacet
  facet normal 0 -1 -0
    outer loop
      vertex 123.5 142 52.6
      vertex 121 142 51.8
      vertex 123.5 142 51.8
    endloop
  endfacet
  facet normal -0 0 1
    outer loop
      vertex 121 158 55.2
      vertex 121.8 142 55.2
      vertex 121.8 158 55.2
    endloop
  endfacet
  facet normal 0 0 1
    outer loop
      vertex 121.8 142 55.2
      vertex 121 158 55.2
      vertex 121 142 55.2
    endloop
  endfacet
  facet normal 0.83697 -0 0.547249
    outer loop
      vertex 121.8 142 55.2
      vertex 123.5 158 52.6
      vertex 121.8 158 55.2
    endloop
  endfacet
  facet normal 0.83697 0 0.547249
    outer loop
      vertex 123.5 158 52.6
      vertex 121.8 142 55.2
      vertex 123.5 142 52.6
    endloop
  endfacet
  facet normal -1 0 0
    outer loop
      vertex 121 142 51.8
      vertex 121 158 55.2
      vertex 121 158 51.8
    endloop
  endfacet
  facet normal -1 -0 0
    outer loop
      vertex 121 158 55.2
      vertex 121 142 51.8
      vertex 121 142 55.2
    endloop
  endfacet
  facet normal 0 1 0
    outer loop
      vertex 121 158 51.8
      vertex 121.8 158 55.2
      vertex 123.5 158 52.6
    endloop
  endfacet
  facet normal 0 1 0
    outer loop
      vertex 121 158 51.8
      vertex 123.5 158 52.6
      vertex 123.5 158 51.8
    endloop
  endfacet
  facet normal 0 1 0
    outer loop
      vertex 121.8 158 55.2
      vertex 121 158 51.8
      vertex 121 158 55.2
    endloop
  endfacet
  facet normal 0 0 -1
    outer loop
      vertex 121 142 51.8
      vertex 123.5 158 51.8
      vertex 123.5 142 51.8
    endloop
  endfacet
  facet normal -0 0 -1
    outer loop
      vertex 123.5 158 51.8
      vertex 121 142 51.8
      vertex 121 158 51.8
    endloop
  endfacet
  facet normal 1 -0 0
    outer loop
      vertex 123.5 142 52.6
      vertex 123.5 158 51.8
      vertex 123.5 158 52.6
    endloop
  endfacet
  facet normal 1 0 0
    outer loop
      vertex 123.5 158 51.8
      vertex 123.5 142 52.6
      vertex 123.5 142 51.8
    endloop
  endfacet
  facet normal 0 -1 0
    outer loop
      vertex 227 22 51.8
      vertex 226.2 22 55.2
      vertex 224.5 22 52.6
    endloop
  endfacet
  facet normal 0 -1 0
    outer loop
      vertex 227 22 51.8
      vertex 224.5 22 52.6
      vertex 224.5 22 51.8
    endloop
  endfacet
  facet normal 0 -1 0
    outer loop
      vertex 226.2 22 55.2
      vertex 227 22 51.8
      vertex 227 22 55.2
    endloop
  endfacet
  facet normal -0 0 1
    outer loop
      vertex 226.2 38 55.2
      vertex 227 22 55.2
      vertex 227 38 55.2
    endloop
  endfacet
  facet normal 0 0 1
    outer loop
      vertex 227 22 55.2
      vertex 226.2 38 55.2
      vertex 226.2 22 55.2
    endloop
  endfacet
  facet normal -1 0 0
    outer loop
      vertex 224.5 22 51.8
      vertex 224.5 38 52.6
      vertex 224.5 38 51.8
    endloop
  endfacet
  facet normal -1 -0 0
    outer loop
      vertex 224.5 38 52.6
      vertex 224.5 22 51.8
      vertex 224.5 22 52.6
    endloop
  endfacet
  facet normal 0 1 -0
    outer loop
      vertex 227 38 51.8
      vertex 226.2 38 55.2
      vertex 227 38 55.2
    endloop
  endfacet
  facet normal 0 1 0
    outer loop
      vertex 226.2 38 55.2
      vertex 227 38 51.8
      vertex 224.5 38 52.6
    endloop
  endfacet
  facet normal 0 1 0
    outer loop
      vertex 224.5 38 52.6
      vertex 227 38 51.8
      vertex 224.5 38 51.8
    endloop
  endfacet
  facet normal -0.83697 0 0.547249
    outer loop
      vertex 224.5 22 52.6
      vertex 226.2 38 55.2
      vertex 224.5 38 52.6
    endloop
  endfacet
  facet normal -0.83697 0 0.547249
    outer loop
      vertex 226.2 38 55.2
      vertex 224.5 22 52.6
      vertex 226.2 22 55.2
    endloop
  endfacet
  facet normal 0 0 -1
    outer loop
      vertex 224.5 22 51.8
      vertex 227 38 51.8
      vertex 227 22 51.8
    endloop
  endfacet
  facet normal -0 0 -1
    outer loop
      vertex 227 38 51.8
      vertex 224.5 22 51.8
      vertex 224.5 38 51.8
    endloop
  endfacet
  facet normal 1 -0 0
    outer loop
      vertex 227 22 55.2
      vertex 227 38 51.8
      vertex 227 38 55.2
    endloop
  endfacet
  facet normal 1 0 0
    outer loop
      vertex 227 38 51.8
      vertex 227 22 55.2
      vertex 227 22 51.8
    endloop
  endfacet
  facet normal 0 -1 0
    outer loop
      vertex 227 142 51.8
      vertex 226.2 142 55.2
      vertex 224.5 142 52.6
    endloop
  endfacet
  facet normal 0 -1 0
    outer loop
      vertex 227 142 51.8
      vertex 224.5 142 52.6
      vertex 224.5 142 51.8
    endloop
  endfacet
  facet normal 0 -1 0
    outer loop
      vertex 226.2 142 55.2
      vertex 227 142 51.8
      vertex 227 142 55.2
    endloop
  endfacet
  facet normal -0 0 1
    outer loop
      vertex 226.2 158 55.2
      vertex 227 142 55.2
      vertex 227 158 55.2
    endloop
  endfacet
  facet normal 0 0 1
    outer loop
      vertex 227 142 55.2
      vertex 226.2 158 55.2
      vertex 226.2 142 55.2
    endloop
  endfacet
  facet normal -1 0 0
    outer loop
      vertex 224.5 142 51.8
      vertex 224.5 158 52.6
      vertex 224.5 158 51.8
    endloop
  endfacet
  facet normal -1 -0 0
    outer loop
      vertex 224.5 158 52.6
      vertex 224.5 142 51.8
      vertex 224.5 142 52.6
    endloop
  endfacet
  facet normal 0 1 -0
    outer loop
      vertex 227 158 51.8
      vertex 226.2 158 55.2
      vertex 227 158 55.2
    endloop
  endfacet
  facet normal 0 1 0
    outer loop
      vertex 226.2 158 55.2
      vertex 227 158 51.8
      vertex 224.5 158 52.6
    endloop
  endfacet
  facet normal 0 1 0
    outer loop
      vertex 224.5 158 52.6
      vertex 227 158 51.8
      vertex 224.5 158 51.8
    endloop
  endfacet
  facet normal -0.83697 0 0.547249
    outer loop
      vertex 224.5 142 52.6
      vertex 226.2 158 55.2
      vertex 224.5 158 52.6
    endloop
  endfacet
  facet normal -0.83697 0 0.547249
    outer loop
      vertex 226.2 158 55.2
      vertex 224.5 142 52.6
      vertex 226.2 142 55.2
    endloop
  endfacet
  facet normal 0 0 -1
    outer loop
      vertex 224.5 142 51.8
      vertex 227 158 51.8
      vertex 227 142 51.8
    endloop
  endfacet
  facet normal -0 0 -1
    outer loop
      vertex 227 158 51.8
      vertex 224.5 142 51.8
      vertex 224.5 158 51.8
    endloop
  endfacet
  facet normal 1 -0 0
    outer loop
      vertex 227 142 55.2
      vertex 227 158 51.8
      vertex 227 158 55.2
    endloop
  endfacet
  facet normal 1 0 0
    outer loop
      vertex 227 158 51.8
      vertex 227 142 55.2
      vertex 227 142 51.8
    endloop
  endfacet
  facet normal -0 0 1
    outer loop
      vertex 118 166 50
      vertex 121 14 50
      vertex 121 166 50
    endloop
  endfacet
  facet normal 0 0 1
    outer loop
      vertex 121 14 50
      vertex 118 166 50
      vertex 118 14 50
    endloop
  endfacet
  facet normal 1 -0 0
    outer loop
      vertex 121 14 50
      vertex 121 166 3
      vertex 121 166 50
    endloop
  endfacet
  facet normal 1 0 0
    outer loop
      vertex 121 166 3
      vertex 121 14 50
      vertex 121 14 3
    endloop
  endfacet
  facet normal 0 1 -0
    outer loop
      vertex 121 166 3
      vertex 118 166 50
      vertex 121 166 50
    endloop
  endfacet
  facet normal 0 1 0
    outer loop
      vertex 118 166 50
      vertex 121 166 3
      vertex 118 166 3
    endloop
  endfacet
  facet normal 0 -1 0
    outer loop
      vertex 118 14 3
      vertex 121 14 50
      vertex 118 14 50
    endloop
  endfacet
  facet normal 0 -1 -0
    outer loop
      vertex 121 14 50
      vertex 118 14 3
      vertex 121 14 3
    endloop
  endfacet
  facet normal -1 0 0
    outer loop
      vertex 227 14 3
      vertex 227 166 50
      vertex 227 166 3
    endloop
  endfacet
  facet normal -1 -0 0
    outer loop
      vertex 227 166 50
      vertex 227 14 3
      vertex 227 14 50
    endloop
  endfacet
  facet normal -0 0 1
    outer loop
      vertex 227 166 50
      vertex 230 14 50
      vertex 230 166 50
    endloop
  endfacet
  facet normal 0 0 1
    outer loop
      vertex 230 14 50
      vertex 227 166 50
      vertex 227 14 50
    endloop
  endfacet
  facet normal 0 1 -0
    outer loop
      vertex 230 166 3
      vertex 227 166 50
      vertex 230 166 50
    endloop
  endfacet
  facet normal 0 1 0
    outer loop
      vertex 227 166 50
      vertex 230 166 3
      vertex 227 166 3
    endloop
  endfacet
  facet normal 0 -1 0
    outer loop
      vertex 227 14 3
      vertex 230 14 50
      vertex 227 14 50
    endloop
  endfacet
  facet normal 0 -1 -0
    outer loop
      vertex 230 14 50
      vertex 227 14 3
      vertex 230 14 3
    endloop
  endfacet
  facet normal -1 0 0
    outer loop
      vertex 124 11 3
      vertex 124 14 54
      vertex 124 14 3
    endloop
  endfacet
  facet normal -1 -0 0
    outer loop
      vertex 124 14 54
      vertex 124 11 3
      vertex 124 11 54
    endloop
  endfacet
  facet normal -0 0 1
    outer loop
      vertex 124 14 54
      vertex 224 11 54
      vertex 224 14 54
    endloop
  endfacet
  facet normal 0 0 1
    outer loop
      vertex 224 11 54
      vertex 124 14 54
      vertex 124 11 54
    endloop
  endfacet
  facet normal 1 -0 0
    outer loop
      vertex 224 11 54
      vertex 224 14 3
      vertex 224 14 54
    endloop
  endfacet
  facet normal 1 0 0
    outer loop
      vertex 224 14 3
      vertex 224 11 54
      vertex 224 11 3
    endloop
  endfacet
  facet normal 0 1 -0
    outer loop
      vertex 224 14 3
      vertex 124 14 54
      vertex 224 14 54
    endloop
  endfacet
  facet normal 0 1 0
    outer loop
      vertex 124 14 54
      vertex 224 14 3
      vertex 124 14 3
    endloop
  endfacet
  facet normal 0 -1 0
    outer loop
      vertex 124 11 3
      vertex 224 11 54
      vertex 124 11 54
    endloop
  endfacet
  facet normal 0 -1 -0
    outer loop
      vertex 224 11 54
      vertex 124 11 3
      vertex 224 11 3
    endloop
  endfacet
  facet normal -1 0 0
    outer loop
      vertex 124 166 3
      vertex 124 169 54
      vertex 124 169 3
    endloop
  endfacet
  facet normal -1 -0 0
    outer loop
      vertex 124 169 54
      vertex 124 166 3
      vertex 124 166 54
    endloop
  endfacet
  facet normal -0 0 1
    outer loop
      vertex 124 169 54
      vertex 224 166 54
      vertex 224 169 54
    endloop
  endfacet
  facet normal 0 0 1
    outer loop
      vertex 224 166 54
      vertex 124 169 54
      vertex 124 166 54
    endloop
  endfacet
  facet normal 1 -0 0
    outer loop
      vertex 224 166 54
      vertex 224 169 3
      vertex 224 169 54
    endloop
  endfacet
  facet normal 1 0 0
    outer loop
      vertex 224 169 3
      vertex 224 166 54
      vertex 224 166 3
    endloop
  endfacet
  facet normal 0 1 -0
    outer loop
      vertex 224 169 3
      vertex 124 169 54
      vertex 224 169 54
    endloop
  endfacet
  facet normal 0 1 0
    outer loop
      vertex 124 169 54
      vertex 224 169 3
      vertex 124 169 3
    endloop
  endfacet
  facet normal 0 -1 0
    outer loop
      vertex 124 166 3
      vertex 224 166 54
      vertex 124 166 54
    endloop
  endfacet
  facet normal 0 -1 -0
    outer loop
      vertex 224 166 54
      vertex 124 166 3
      vertex 224 166 3
    endloop
  endfacet
  facet normal 0.659478 0 -0.751724
    outer loop
      vertex 136.326 3.91 51.1199
      vertex 136.621 8.88 51.3787
      vertex 136.621 3.91 51.3787
    endloop
  endfacet
  facet normal 0.659478 0 -0.751724
    outer loop
      vertex 136.621 8.88 51.3787
      vertex 136.326 3.91 51.1199
      vertex 136.326 8.88 51.1199
    endloop
  endfacet
  facet normal -0.321264 0 0.94699
    outer loop
      vertex 133.352 8.88 56.2716
      vertex 133.724 3.91 56.3978
      vertex 133.724 8.88 56.3978
    endloop
  endfacet
  facet normal -0.321264 0 0.94699
    outer loop
      vertex 133.724 3.91 56.3978
      vertex 133.352 8.88 56.2716
      vertex 133.352 3.91 56.2716
    endloop
  endfacet
  facet normal -0.321264 0 -0.94699
    outer loop
      vertex 133.352 3.91 50.7284
      vertex 133.724 8.88 50.6022
      vertex 133.724 3.91 50.6022
    endloop
  endfacet
  facet normal -0.321264 0 -0.94699
    outer loop
      vertex 133.724 8.88 50.6022
      vertex 133.352 3.91 50.7284
      vertex 133.352 8.88 50.7284
    endloop
  endfacet
  facet normal -0.896455 0 -0.443134
    outer loop
      vertex 131.902 3.91 52
      vertex 131.728 8.88 52.352
      vertex 131.902 8.88 52
    endloop
  endfacet
  facet normal -0.896455 -0 -0.443134
    outer loop
      vertex 131.728 8.88 52.352
      vertex 131.902 3.91 52
      vertex 131.728 3.91 52.352
    endloop
  endfacet
  facet normal 0.896455 0 -0.443134
    outer loop
      vertex 137.272 3.91 52.352
      vertex 137.098 8.88 52
      vertex 137.272 8.88 52.352
    endloop
  endfacet
  facet normal 0.896455 0 -0.443134
    outer loop
      vertex 137.098 8.88 52
      vertex 137.272 3.91 52.352
      vertex 137.098 3.91 52
    endloop
  endfacet
  facet normal 0.981058 0 -0.193714
    outer loop
      vertex 137.474 3.91 53.1084
      vertex 137.398 8.88 52.7235
      vertex 137.474 8.88 53.1084
    endloop
  endfacet
  facet normal 0.981058 0 -0.193714
    outer loop
      vertex 137.398 8.88 52.7235
      vertex 137.474 3.91 53.1084
      vertex 137.398 3.91 52.7235
    endloop
  endfacet
  facet normal 0.831501 0 -0.555523
    outer loop
      vertex 137.098 3.91 52
      vertex 136.88 8.88 51.6737
      vertex 137.098 8.88 52
    endloop
  endfacet
  facet normal 0.831501 0 -0.555523
    outer loop
      vertex 136.88 8.88 51.6737
      vertex 137.098 3.91 52
      vertex 136.88 3.91 51.6737
    endloop
  endfacet
  facet normal 0.751471 0 -0.659766
    outer loop
      vertex 136.88 3.91 51.6737
      vertex 136.621 8.88 51.3787
      vertex 136.88 8.88 51.6737
    endloop
  endfacet
  facet normal 0.751471 0 -0.659766
    outer loop
      vertex 136.621 8.88 51.3787
      vertex 136.88 3.91 51.6737
      vertex 136.621 3.91 51.3787
    endloop
  endfacet
  facet normal 0.44211 0 -0.896961
    outer loop
      vertex 135.648 3.91 50.7284
      vertex 136 8.88 50.9019
      vertex 136 3.91 50.9019
    endloop
  endfacet
  facet normal 0.44211 0 -0.896961
    outer loop
      vertex 136 8.88 50.9019
      vertex 135.648 3.91 50.7284
      vertex 135.648 8.88 50.7284
    endloop
  endfacet
  facet normal 0.195379 0 -0.980728
    outer loop
      vertex 134.892 3.91 50.5257
      vertex 135.276 8.88 50.6022
      vertex 135.276 3.91 50.6022
    endloop
  endfacet
  facet normal 0.195379 0 -0.980728
    outer loop
      vertex 135.276 8.88 50.6022
      vertex 134.892 3.91 50.5257
      vertex 134.892 8.88 50.5257
    endloop
  endfacet
  facet normal -0.981058 0 -0.193714
    outer loop
      vertex 131.602 3.91 52.7235
      vertex 131.526 8.88 53.1084
      vertex 131.602 8.88 52.7235
    endloop
  endfacet
  facet normal -0.981058 -0 -0.193714
    outer loop
      vertex 131.526 8.88 53.1084
      vertex 131.602 3.91 52.7235
      vertex 131.526 3.91 53.1084
    endloop
  endfacet
  facet normal -0.751471 0 -0.659766
    outer loop
      vertex 132.379 3.91 51.3787
      vertex 132.12 8.88 51.6737
      vertex 132.379 8.88 51.3787
    endloop
  endfacet
  facet normal -0.751471 -0 -0.659766
    outer loop
      vertex 132.12 8.88 51.6737
      vertex 132.379 3.91 51.3787
      vertex 132.12 3.91 51.6737
    endloop
  endfacet
  facet normal -0.44211 0 -0.896961
    outer loop
      vertex 133 3.91 50.9019
      vertex 133.352 8.88 50.7284
      vertex 133.352 3.91 50.7284
    endloop
  endfacet
  facet normal -0.44211 0 -0.896961
    outer loop
      vertex 133.352 8.88 50.7284
      vertex 133 3.91 50.9019
      vertex 133 8.88 50.9019
    endloop
  endfacet
  facet normal -0.195379 0 -0.980728
    outer loop
      vertex 133.724 3.91 50.6022
      vertex 134.108 8.88 50.5257
      vertex 134.108 3.91 50.5257
    endloop
  endfacet
  facet normal -0.195379 0 -0.980728
    outer loop
      vertex 134.108 8.88 50.5257
      vertex 133.724 3.91 50.6022
      vertex 133.724 8.88 50.6022
    endloop
  endfacet
  facet normal 0.997803 -0 0.0662484
    outer loop
      vertex 137.474 3.91 53.8916
      vertex 137.5 8.88 53.5
      vertex 137.474 8.88 53.8916
    endloop
  endfacet
  facet normal 0.997803 0 0.0662484
    outer loop
      vertex 137.5 8.88 53.5
      vertex 137.474 3.91 53.8916
      vertex 137.5 3.91 53.5
    endloop
  endfacet
  facet normal 0.321264 0 0.94699
    outer loop
      vertex 135.276 8.88 56.3978
      vertex 135.648 3.91 56.2716
      vertex 135.648 8.88 56.2716
    endloop
  endfacet
  facet normal 0.321264 0 0.94699
    outer loop
      vertex 135.648 3.91 56.2716
      vertex 135.276 8.88 56.3978
      vertex 135.276 3.91 56.3978
    endloop
  endfacet
  facet normal 0.44211 0 0.896961
    outer loop
      vertex 135.648 8.88 56.2716
      vertex 136 3.91 56.0981
      vertex 136 8.88 56.0981
    endloop
  endfacet
  facet normal 0.44211 0 0.896961
    outer loop
      vertex 136 3.91 56.0981
      vertex 135.648 8.88 56.2716
      vertex 135.648 3.91 56.2716
    endloop
  endfacet
  facet normal 0.751471 -0 0.659766
    outer loop
      vertex 136.621 3.91 55.6213
      vertex 136.88 8.88 55.3263
      vertex 136.621 8.88 55.6213
    endloop
  endfacet
  facet normal 0.751471 0 0.659766
    outer loop
      vertex 136.88 8.88 55.3263
      vertex 136.621 3.91 55.6213
      vertex 136.88 3.91 55.3263
    endloop
  endfacet
  facet normal -0.195379 0 0.980728
    outer loop
      vertex 133.724 8.88 56.3978
      vertex 134.108 3.91 56.4743
      vertex 134.108 8.88 56.4743
    endloop
  endfacet
  facet normal -0.195379 0 0.980728
    outer loop
      vertex 134.108 3.91 56.4743
      vertex 133.724 8.88 56.3978
      vertex 133.724 3.91 56.3978
    endloop
  endfacet
  facet normal -0.659478 0 0.751724
    outer loop
      vertex 132.379 8.88 55.6213
      vertex 132.674 3.91 55.8801
      vertex 132.674 8.88 55.8801
    endloop
  endfacet
  facet normal -0.659478 0 0.751724
    outer loop
      vertex 132.674 3.91 55.8801
      vertex 132.379 8.88 55.6213
      vertex 132.379 3.91 55.6213
    endloop
  endfacet
  facet normal -0.896455 0 0.443134
    outer loop
      vertex 131.728 3.91 54.648
      vertex 131.902 8.88 55
      vertex 131.728 8.88 54.648
    endloop
  endfacet
  facet normal -0.896455 0 0.443134
    outer loop
      vertex 131.902 8.88 55
      vertex 131.728 3.91 54.648
      vertex 131.902 3.91 55
    endloop
  endfacet
  facet normal -0.981058 0 0.193714
    outer loop
      vertex 131.526 3.91 53.8916
      vertex 131.602 8.88 54.2765
      vertex 131.526 8.88 53.8916
    endloop
  endfacet
  facet normal -0.981058 0 0.193714
    outer loop
      vertex 131.602 8.88 54.2765
      vertex 131.526 3.91 53.8916
      vertex 131.602 3.91 54.2765
    endloop
  endfacet
  facet normal 0.947013 0 -0.321194
    outer loop
      vertex 137.398 3.91 52.7235
      vertex 137.272 8.88 52.352
      vertex 137.398 8.88 52.7235
    endloop
  endfacet
  facet normal 0.947013 0 -0.321194
    outer loop
      vertex 137.272 8.88 52.352
      vertex 137.398 3.91 52.7235
      vertex 137.272 3.91 52.352
    endloop
  endfacet
  facet normal 0.555877 0 -0.831265
    outer loop
      vertex 136 3.91 50.9019
      vertex 136.326 8.88 51.1199
      vertex 136.326 3.91 51.1199
    endloop
  endfacet
  facet normal 0.555877 0 -0.831265
    outer loop
      vertex 136.326 8.88 51.1199
      vertex 136 3.91 50.9019
      vertex 136 8.88 50.9019
    endloop
  endfacet
  facet normal 0.0654208 0 -0.997858
    outer loop
      vertex 134.5 3.91 50.5
      vertex 134.892 8.88 50.5257
      vertex 134.892 3.91 50.5257
    endloop
  endfacet
  facet normal 0.0654208 0 -0.997858
    outer loop
      vertex 134.892 8.88 50.5257
      vertex 134.5 3.91 50.5
      vertex 134.5 8.88 50.5
    endloop
  endfacet
  facet normal 0.321264 0 -0.94699
    outer loop
      vertex 135.276 3.91 50.6022
      vertex 135.648 8.88 50.7284
      vertex 135.648 3.91 50.7284
    endloop
  endfacet
  facet normal 0.321264 0 -0.94699
    outer loop
      vertex 135.648 8.88 50.7284
      vertex 135.276 3.91 50.6022
      vertex 135.276 8.88 50.6022
    endloop
  endfacet
  facet normal -0.997803 0 -0.0662484
    outer loop
      vertex 131.526 3.91 53.1084
      vertex 131.5 8.88 53.5
      vertex 131.526 8.88 53.1084
    endloop
  endfacet
  facet normal -0.997803 -0 -0.0662484
    outer loop
      vertex 131.5 8.88 53.5
      vertex 131.526 3.91 53.1084
      vertex 131.5 3.91 53.5
    endloop
  endfacet
  facet normal -0.947013 0 -0.321194
    outer loop
      vertex 131.728 3.91 52.352
      vertex 131.602 8.88 52.7235
      vertex 131.728 8.88 52.352
    endloop
  endfacet
  facet normal -0.947013 -0 -0.321194
    outer loop
      vertex 131.602 8.88 52.7235
      vertex 131.728 3.91 52.352
      vertex 131.602 3.91 52.7235
    endloop
  endfacet
  facet normal -0.831501 0 -0.555523
    outer loop
      vertex 132.12 3.91 51.6737
      vertex 131.902 8.88 52
      vertex 132.12 8.88 51.6737
    endloop
  endfacet
  facet normal -0.831501 -0 -0.555523
    outer loop
      vertex 131.902 8.88 52
      vertex 132.12 3.91 51.6737
      vertex 131.902 3.91 52
    endloop
  endfacet
  facet normal -0.0654208 0 -0.997858
    outer loop
      vertex 134.108 3.91 50.5257
      vertex 134.5 8.88 50.5
      vertex 134.5 3.91 50.5
    endloop
  endfacet
  facet normal -0.0654208 0 -0.997858
    outer loop
      vertex 134.5 8.88 50.5
      vertex 134.108 3.91 50.5257
      vertex 134.108 8.88 50.5257
    endloop
  endfacet
  facet normal -0.555877 0 -0.831265
    outer loop
      vertex 132.674 3.91 51.1199
      vertex 133 8.88 50.9019
      vertex 133 3.91 50.9019
    endloop
  endfacet
  facet normal -0.555877 0 -0.831265
    outer loop
      vertex 133 8.88 50.9019
      vertex 132.674 3.91 51.1199
      vertex 132.674 8.88 51.1199
    endloop
  endfacet
  facet normal -0.659478 0 -0.751724
    outer loop
      vertex 132.379 3.91 51.3787
      vertex 132.674 8.88 51.1199
      vertex 132.674 3.91 51.1199
    endloop
  endfacet
  facet normal -0.659478 0 -0.751724
    outer loop
      vertex 132.674 8.88 51.1199
      vertex 132.379 3.91 51.3787
      vertex 132.379 8.88 51.3787
    endloop
  endfacet
  facet normal 0.997803 0 -0.0662484
    outer loop
      vertex 137.5 3.91 53.5
      vertex 137.474 8.88 53.1084
      vertex 137.5 8.88 53.5
    endloop
  endfacet
  facet normal 0.997803 0 -0.0662484
    outer loop
      vertex 137.474 8.88 53.1084
      vertex 137.5 3.91 53.5
      vertex 137.474 3.91 53.1084
    endloop
  endfacet
  facet normal 0.0654208 0 0.997858
    outer loop
      vertex 134.5 8.88 56.5
      vertex 134.892 3.91 56.4743
      vertex 134.892 8.88 56.4743
    endloop
  endfacet
  facet normal 0.0654208 0 0.997858
    outer loop
      vertex 134.892 3.91 56.4743
      vertex 134.5 8.88 56.5
      vertex 134.5 3.91 56.5
    endloop
  endfacet
  facet normal 0.947013 -0 0.321194
    outer loop
      vertex 137.272 3.91 54.648
      vertex 137.398 8.88 54.2765
      vertex 137.272 8.88 54.648
    endloop
  endfacet
  facet normal 0.947013 0 0.321194
    outer loop
      vertex 137.398 8.88 54.2765
      vertex 137.272 3.91 54.648
      vertex 137.398 3.91 54.2765
    endloop
  endfacet
  facet normal 0.195379 0 0.980728
    outer loop
      vertex 134.892 8.88 56.4743
      vertex 135.276 3.91 56.3978
      vertex 135.276 8.88 56.3978
    endloop
  endfacet
  facet normal 0.195379 0 0.980728
    outer loop
      vertex 135.276 3.91 56.3978
      vertex 134.892 8.88 56.4743
      vertex 134.892 3.91 56.4743
    endloop
  endfacet
  facet normal 0.555877 0 0.831265
    outer loop
      vertex 136 8.88 56.0981
      vertex 136.326 3.91 55.8801
      vertex 136.326 8.88 55.8801
    endloop
  endfacet
  facet normal 0.555877 0 0.831265
    outer loop
      vertex 136.326 3.91 55.8801
      vertex 136 8.88 56.0981
      vertex 136 3.91 56.0981
    endloop
  endfacet
  facet normal 0.896455 -0 0.443134
    outer loop
      vertex 137.098 3.91 55
      vertex 137.272 8.88 54.648
      vertex 137.098 8.88 55
    endloop
  endfacet
  facet normal 0.896455 0 0.443134
    outer loop
      vertex 137.272 8.88 54.648
      vertex 137.098 3.91 55
      vertex 137.272 3.91 54.648
    endloop
  endfacet
  facet normal -0.0654208 0 0.997858
    outer loop
      vertex 134.108 8.88 56.4743
      vertex 134.5 3.91 56.5
      vertex 134.5 8.88 56.5
    endloop
  endfacet
  facet normal -0.0654208 0 0.997858
    outer loop
      vertex 134.5 3.91 56.5
      vertex 134.108 8.88 56.4743
      vertex 134.108 3.91 56.4743
    endloop
  endfacet
  facet normal -0.44211 0 0.896961
    outer loop
      vertex 133 8.88 56.0981
      vertex 133.352 3.91 56.2716
      vertex 133.352 8.88 56.2716
    endloop
  endfacet
  facet normal -0.44211 0 0.896961
    outer loop
      vertex 133.352 3.91 56.2716
      vertex 133 8.88 56.0981
      vertex 133 3.91 56.0981
    endloop
  endfacet
  facet normal -0.947013 0 0.321194
    outer loop
      vertex 131.602 3.91 54.2765
      vertex 131.728 8.88 54.648
      vertex 131.602 8.88 54.2765
    endloop
  endfacet
  facet normal -0.947013 0 0.321194
    outer loop
      vertex 131.728 8.88 54.648
      vertex 131.602 3.91 54.2765
      vertex 131.728 3.91 54.648
    endloop
  endfacet
  facet normal -0.997803 0 0.0662484
    outer loop
      vertex 131.5 3.91 53.5
      vertex 131.526 8.88 53.8916
      vertex 131.5 8.88 53.5
    endloop
  endfacet
  facet normal -0.997803 0 0.0662484
    outer loop
      vertex 131.526 8.88 53.8916
      vertex 131.5 3.91 53.5
      vertex 131.526 3.91 53.8916
    endloop
  endfacet
  facet normal -0.831501 0 0.555523
    outer loop
      vertex 131.902 3.91 55
      vertex 132.12 8.88 55.3263
      vertex 131.902 8.88 55
    endloop
  endfacet
  facet normal -0.831501 0 0.555523
    outer loop
      vertex 132.12 8.88 55.3263
      vertex 131.902 3.91 55
      vertex 132.12 3.91 55.3263
    endloop
  endfacet
  facet normal 0 1 0
    outer loop
      vertex 134.5 8.88 54.35
      vertex 134.5 8.88 56.5
      vertex 134.892 8.88 56.4743
    endloop
  endfacet
  facet normal 0 1 0
    outer loop
      vertex 134.611 8.88 54.3427
      vertex 134.892 8.88 56.4743
      vertex 135.276 8.88 56.3978
    endloop
  endfacet
  facet normal 0 1 0
    outer loop
      vertex 134.5 8.88 56.5
      vertex 134.5 8.88 54.35
      vertex 134.108 8.88 56.4743
    endloop
  endfacet
  facet normal 0 1 0
    outer loop
      vertex 134.72 8.88 54.321
      vertex 135.276 8.88 56.3978
      vertex 135.648 8.88 56.2716
    endloop
  endfacet
  facet normal 0 1 -0
    outer loop
      vertex 134.389 8.88 54.3427
      vertex 134.108 8.88 56.4743
      vertex 134.5 8.88 54.35
    endloop
  endfacet
  facet normal 0 1 0
    outer loop
      vertex 134.825 8.88 54.2853
      vertex 135.648 8.88 56.2716
      vertex 136 8.88 56.0981
    endloop
  endfacet
  facet normal 0 1 0
    outer loop
      vertex 134.108 8.88 56.4743
      vertex 134.389 8.88 54.3427
      vertex 133.724 8.88 56.3978
    endloop
  endfacet
  facet normal 0 1 0
    outer loop
      vertex 134.925 8.88 54.2361
      vertex 136 8.88 56.0981
      vertex 136.326 8.88 55.8801
    endloop
  endfacet
  facet normal 0 1 -0
    outer loop
      vertex 134.28 8.88 54.321
      vertex 133.724 8.88 56.3978
      vertex 134.389 8.88 54.3427
    endloop
  endfacet
  facet normal 0 1 0
    outer loop
      vertex 135.017 8.88 54.1744
      vertex 136.326 8.88 55.8801
      vertex 136.621 8.88 55.6213
    endloop
  endfacet
  facet normal 0 1 0
    outer loop
      vertex 133.724 8.88 56.3978
      vertex 134.28 8.88 54.321
      vertex 133.352 8.88 56.2716
    endloop
  endfacet
  facet normal 0 1 0
    outer loop
      vertex 135.101 8.88 54.101
      vertex 136.621 8.88 55.6213
      vertex 136.88 8.88 55.3263
    endloop
  endfacet
  facet normal 0 1 -0
    outer loop
      vertex 134.175 8.88 54.2853
      vertex 133.352 8.88 56.2716
      vertex 134.28 8.88 54.321
    endloop
  endfacet
  facet normal 0 1 0
    outer loop
      vertex 135.174 8.88 54.0174
      vertex 136.88 8.88 55.3263
      vertex 137.098 8.88 55
    endloop
  endfacet
  facet normal 0 1 0
    outer loop
      vertex 133.352 8.88 56.2716
      vertex 134.175 8.88 54.2853
      vertex 133 8.88 56.0981
    endloop
  endfacet
  facet normal 0 1 0
    outer loop
      vertex 135.236 8.88 53.925
      vertex 137.098 8.88 55
      vertex 137.272 8.88 54.648
    endloop
  endfacet
  facet normal 0 1 -0
    outer loop
      vertex 134.075 8.88 54.2361
      vertex 133 8.88 56.0981
      vertex 134.175 8.88 54.2853
    endloop
  endfacet
  facet normal 0 1 0
    outer loop
      vertex 133 8.88 56.0981
      vertex 134.075 8.88 54.2361
      vertex 132.674 8.88 55.8801
    endloop
  endfacet
  facet normal 0 1 0
    outer loop
      vertex 134.892 8.88 56.4743
      vertex 134.611 8.88 54.3427
      vertex 134.5 8.88 54.35
    endloop
  endfacet
  facet normal 0 1 0
    outer loop
      vertex 135.276 8.88 56.3978
      vertex 134.72 8.88 54.321
      vertex 134.611 8.88 54.3427
    endloop
  endfacet
  facet normal 0 1 0
    outer loop
      vertex 135.648 8.88 56.2716
      vertex 134.825 8.88 54.2853
      vertex 134.72 8.88 54.321
    endloop
  endfacet
  facet normal 0 1 0
    outer loop
      vertex 135.285 8.88 53.8253
      vertex 137.272 8.88 54.648
      vertex 137.398 8.88 54.2765
    endloop
  endfacet
  facet normal 0 1 0
    outer loop
      vertex 136 8.88 56.0981
      vertex 134.925 8.88 54.2361
      vertex 134.825 8.88 54.2853
    endloop
  endfacet
  facet normal 0 1 0
    outer loop
      vertex 136.326 8.88 55.8801
      vertex 135.017 8.88 54.1744
      vertex 134.925 8.88 54.2361
    endloop
  endfacet
  facet normal 0 1 0
    outer loop
      vertex 136.621 8.88 55.6213
      vertex 135.101 8.88 54.101
      vertex 135.017 8.88 54.1744
    endloop
  endfacet
  facet normal 0 1 0
    outer loop
      vertex 136.88 8.88 55.3263
      vertex 135.174 8.88 54.0174
      vertex 135.101 8.88 54.101
    endloop
  endfacet
  facet normal 0 1 0
    outer loop
      vertex 137.098 8.88 55
      vertex 135.236 8.88 53.925
      vertex 135.174 8.88 54.0174
    endloop
  endfacet
  facet normal 0 1 0
    outer loop
      vertex 135.321 8.88 53.72
      vertex 137.398 8.88 54.2765
      vertex 137.474 8.88 53.8916
    endloop
  endfacet
  facet normal 0 1 0
    outer loop
      vertex 137.272 8.88 54.648
      vertex 135.285 8.88 53.8253
      vertex 135.236 8.88 53.925
    endloop
  endfacet
  facet normal 0 1 0
    outer loop
      vertex 137.398 8.88 54.2765
      vertex 135.321 8.88 53.72
      vertex 135.285 8.88 53.8253
    endloop
  endfacet
  facet normal 0 1 0
    outer loop
      vertex 137.474 8.88 53.8916
      vertex 135.343 8.88 53.6109
      vertex 135.321 8.88 53.72
    endloop
  endfacet
  facet normal 0 1 0
    outer loop
      vertex 137.5 8.88 53.5
      vertex 135.343 8.88 53.6109
      vertex 137.474 8.88 53.8916
    endloop
  endfacet
  facet normal 0 1 0
    outer loop
      vertex 137.5 8.88 53.5
      vertex 135.35 8.88 53.5
      vertex 135.343 8.88 53.6109
    endloop
  endfacet
  facet normal 0 1 0
    outer loop
      vertex 137.5 8.88 53.5
      vertex 135.343 8.88 53.3891
      vertex 135.35 8.88 53.5
    endloop
  endfacet
  facet normal 0 1 -0
    outer loop
      vertex 137.474 8.88 53.1084
      vertex 135.343 8.88 53.3891
      vertex 137.5 8.88 53.5
    endloop
  endfacet
  facet normal 0 1 0
    outer loop
      vertex 135.343 8.88 53.3891
      vertex 137.474 8.88 53.1084
      vertex 135.321 8.88 53.28
    endloop
  endfacet
  facet normal 0 1 -0
    outer loop
      vertex 137.398 8.88 52.7235
      vertex 135.321 8.88 53.28
      vertex 137.474 8.88 53.1084
    endloop
  endfacet
  facet normal 0 1 0
    outer loop
      vertex 135.321 8.88 53.28
      vertex 137.398 8.88 52.7235
      vertex 135.285 8.88 53.1747
    endloop
  endfacet
  facet normal 0 1 -0
    outer loop
      vertex 137.272 8.88 52.352
      vertex 135.285 8.88 53.1747
      vertex 137.398 8.88 52.7235
    endloop
  endfacet
  facet normal 0 1 0
    outer loop
      vertex 135.285 8.88 53.1747
      vertex 137.272 8.88 52.352
      vertex 135.236 8.88 53.075
    endloop
  endfacet
  facet normal 0 1 -0
    outer loop
      vertex 137.098 8.88 52
      vertex 135.236 8.88 53.075
      vertex 137.272 8.88 52.352
    endloop
  endfacet
  facet normal 0 1 0
    outer loop
      vertex 135.236 8.88 53.075
      vertex 137.098 8.88 52
      vertex 135.174 8.88 52.9826
    endloop
  endfacet
  facet normal 0 1 -0
    outer loop
      vertex 136.88 8.88 51.6737
      vertex 135.174 8.88 52.9826
      vertex 137.098 8.88 52
    endloop
  endfacet
  facet normal 0 1 0
    outer loop
      vertex 135.174 8.88 52.9826
      vertex 136.88 8.88 51.6737
      vertex 135.101 8.88 52.899
    endloop
  endfacet
  facet normal 0 1 -0
    outer loop
      vertex 136.621 8.88 51.3787
      vertex 135.101 8.88 52.899
      vertex 136.88 8.88 51.6737
    endloop
  endfacet
  facet normal 0 1 0
    outer loop
      vertex 135.101 8.88 52.899
      vertex 136.621 8.88 51.3787
      vertex 135.017 8.88 52.8256
    endloop
  endfacet
  facet normal 0 1 -0
    outer loop
      vertex 136.326 8.88 51.1199
      vertex 135.017 8.88 52.8256
      vertex 136.621 8.88 51.3787
    endloop
  endfacet
  facet normal 0 1 0
    outer loop
      vertex 135.017 8.88 52.8256
      vertex 136.326 8.88 51.1199
      vertex 134.925 8.88 52.7639
    endloop
  endfacet
  facet normal 0 1 -0
    outer loop
      vertex 133.983 8.88 54.1744
      vertex 132.674 8.88 55.8801
      vertex 134.075 8.88 54.2361
    endloop
  endfacet
  facet normal 0 1 0
    outer loop
      vertex 132.674 8.88 55.8801
      vertex 133.983 8.88 54.1744
      vertex 132.379 8.88 55.6213
    endloop
  endfacet
  facet normal 0 1 -0
    outer loop
      vertex 133.899 8.88 54.101
      vertex 132.379 8.88 55.6213
      vertex 133.983 8.88 54.1744
    endloop
  endfacet
  facet normal 0 1 0
    outer loop
      vertex 132.379 8.88 55.6213
      vertex 133.899 8.88 54.101
      vertex 132.12 8.88 55.3263
    endloop
  endfacet
  facet normal 0 1 -0
    outer loop
      vertex 133.826 8.88 54.0174
      vertex 132.12 8.88 55.3263
      vertex 133.899 8.88 54.101
    endloop
  endfacet
  facet normal 0 1 0
    outer loop
      vertex 132.12 8.88 55.3263
      vertex 133.826 8.88 54.0174
      vertex 131.902 8.88 55
    endloop
  endfacet
  facet normal 0 1 -0
    outer loop
      vertex 133.764 8.88 53.925
      vertex 131.902 8.88 55
      vertex 133.826 8.88 54.0174
    endloop
  endfacet
  facet normal 0 1 0
    outer loop
      vertex 131.902 8.88 55
      vertex 133.764 8.88 53.925
      vertex 131.728 8.88 54.648
    endloop
  endfacet
  facet normal 0 1 -0
    outer loop
      vertex 133.715 8.88 53.8253
      vertex 131.728 8.88 54.648
      vertex 133.764 8.88 53.925
    endloop
  endfacet
  facet normal 0 1 0
    outer loop
      vertex 131.728 8.88 54.648
      vertex 133.715 8.88 53.8253
      vertex 131.602 8.88 54.2765
    endloop
  endfacet
  facet normal 0 1 -0
    outer loop
      vertex 133.679 8.88 53.72
      vertex 131.602 8.88 54.2765
      vertex 133.715 8.88 53.8253
    endloop
  endfacet
  facet normal 0 1 0
    outer loop
      vertex 131.602 8.88 54.2765
      vertex 133.679 8.88 53.72
      vertex 131.526 8.88 53.8916
    endloop
  endfacet
  facet normal 0 1 -0
    outer loop
      vertex 133.657 8.88 53.6109
      vertex 131.526 8.88 53.8916
      vertex 133.679 8.88 53.72
    endloop
  endfacet
  facet normal 0 1 -0
    outer loop
      vertex 133.65 8.88 53.5
      vertex 131.526 8.88 53.8916
      vertex 133.657 8.88 53.6109
    endloop
  endfacet
  facet normal 0 1 0
    outer loop
      vertex 133.65 8.88 53.5
      vertex 131.5 8.88 53.5
      vertex 131.526 8.88 53.8916
    endloop
  endfacet
  facet normal 0 1 0
    outer loop
      vertex 133.657 8.88 53.3891
      vertex 131.5 8.88 53.5
      vertex 133.65 8.88 53.5
    endloop
  endfacet
  facet normal 0 1 0
    outer loop
      vertex 131.526 8.88 53.1084
      vertex 133.657 8.88 53.3891
      vertex 133.679 8.88 53.28
    endloop
  endfacet
  facet normal 0 1 0
    outer loop
      vertex 131.602 8.88 52.7235
      vertex 133.679 8.88 53.28
      vertex 133.715 8.88 53.1747
    endloop
  endfacet
  facet normal 0 1 0
    outer loop
      vertex 133.657 8.88 53.3891
      vertex 131.526 8.88 53.1084
      vertex 131.5 8.88 53.5
    endloop
  endfacet
  facet normal 0 1 0
    outer loop
      vertex 131.728 8.88 52.352
      vertex 133.715 8.88 53.1747
      vertex 133.764 8.88 53.075
    endloop
  endfacet
  facet normal 0 1 0
    outer loop
      vertex 131.902 8.88 52
      vertex 133.764 8.88 53.075
      vertex 133.826 8.88 52.9826
    endloop
  endfacet
  facet normal 0 1 0
    outer loop
      vertex 132.12 8.88 51.6737
      vertex 133.826 8.88 52.9826
      vertex 133.899 8.88 52.899
    endloop
  endfacet
  facet normal 0 1 0
    outer loop
      vertex 132.379 8.88 51.3787
      vertex 133.899 8.88 52.899
      vertex 133.983 8.88 52.8256
    endloop
  endfacet
  facet normal 0 1 0
    outer loop
      vertex 132.674 8.88 51.1199
      vertex 133.983 8.88 52.8256
      vertex 134.075 8.88 52.7639
    endloop
  endfacet
  facet normal 0 1 0
    outer loop
      vertex 133.679 8.88 53.28
      vertex 131.602 8.88 52.7235
      vertex 131.526 8.88 53.1084
    endloop
  endfacet
  facet normal 0 1 0
    outer loop
      vertex 133 8.88 50.9019
      vertex 134.075 8.88 52.7639
      vertex 134.175 8.88 52.7147
    endloop
  endfacet
  facet normal 0 1 0
    outer loop
      vertex 133.352 8.88 50.7284
      vertex 134.175 8.88 52.7147
      vertex 134.28 8.88 52.679
    endloop
  endfacet
  facet normal 0 1 0
    outer loop
      vertex 133.724 8.88 50.6022
      vertex 134.28 8.88 52.679
      vertex 134.389 8.88 52.6573
    endloop
  endfacet
  facet normal 0 1 0
    outer loop
      vertex 134.108 8.88 50.5257
      vertex 134.389 8.88 52.6573
      vertex 134.5 8.88 52.65
    endloop
  endfacet
  facet normal 0 1 -0
    outer loop
      vertex 136 8.88 50.9019
      vertex 134.925 8.88 52.7639
      vertex 136.326 8.88 51.1199
    endloop
  endfacet
  facet normal 0 1 0
    outer loop
      vertex 133.715 8.88 53.1747
      vertex 131.728 8.88 52.352
      vertex 131.602 8.88 52.7235
    endloop
  endfacet
  facet normal 0 1 0
    outer loop
      vertex 134.925 8.88 52.7639
      vertex 136 8.88 50.9019
      vertex 134.825 8.88 52.7147
    endloop
  endfacet
  facet normal 0 1 0
    outer loop
      vertex 133.764 8.88 53.075
      vertex 131.902 8.88 52
      vertex 131.728 8.88 52.352
    endloop
  endfacet
  facet normal 0 1 -0
    outer loop
      vertex 135.648 8.88 50.7284
      vertex 134.825 8.88 52.7147
      vertex 136 8.88 50.9019
    endloop
  endfacet
  facet normal 0 1 0
    outer loop
      vertex 133.826 8.88 52.9826
      vertex 132.12 8.88 51.6737
      vertex 131.902 8.88 52
    endloop
  endfacet
  facet normal 0 1 0
    outer loop
      vertex 134.825 8.88 52.7147
      vertex 135.648 8.88 50.7284
      vertex 134.72 8.88 52.679
    endloop
  endfacet
  facet normal 0 1 0
    outer loop
      vertex 133.899 8.88 52.899
      vertex 132.379 8.88 51.3787
      vertex 132.12 8.88 51.6737
    endloop
  endfacet
  facet normal 0 1 -0
    outer loop
      vertex 135.276 8.88 50.6022
      vertex 134.72 8.88 52.679
      vertex 135.648 8.88 50.7284
    endloop
  endfacet
  facet normal 0 1 0
    outer loop
      vertex 133.983 8.88 52.8256
      vertex 132.674 8.88 51.1199
      vertex 132.379 8.88 51.3787
    endloop
  endfacet
  facet normal 0 1 0
    outer loop
      vertex 134.72 8.88 52.679
      vertex 135.276 8.88 50.6022
      vertex 134.611 8.88 52.6573
    endloop
  endfacet
  facet normal 0 1 0
    outer loop
      vertex 134.075 8.88 52.7639
      vertex 133 8.88 50.9019
      vertex 132.674 8.88 51.1199
    endloop
  endfacet
  facet normal 0 1 -0
    outer loop
      vertex 134.892 8.88 50.5257
      vertex 134.611 8.88 52.6573
      vertex 135.276 8.88 50.6022
    endloop
  endfacet
  facet normal 0 1 0
    outer loop
      vertex 134.175 8.88 52.7147
      vertex 133.352 8.88 50.7284
      vertex 133 8.88 50.9019
    endloop
  endfacet
  facet normal 0 1 0
    outer loop
      vertex 134.611 8.88 52.6573
      vertex 134.892 8.88 50.5257
      vertex 134.5 8.88 52.65
    endloop
  endfacet
  facet normal 0 1 0
    outer loop
      vertex 134.28 8.88 52.679
      vertex 133.724 8.88 50.6022
      vertex 133.352 8.88 50.7284
    endloop
  endfacet
  facet normal 0 1 0
    outer loop
      vertex 134.5 8.88 50.5
      vertex 134.5 8.88 52.65
      vertex 134.892 8.88 50.5257
    endloop
  endfacet
  facet normal 0 1 0
    outer loop
      vertex 134.389 8.88 52.6573
      vertex 134.108 8.88 50.5257
      vertex 133.724 8.88 50.6022
    endloop
  endfacet
  facet normal 0 1 0
    outer loop
      vertex 134.5 8.88 52.65
      vertex 134.5 8.88 50.5
      vertex 134.108 8.88 50.5257
    endloop
  endfacet
  facet normal 0.981058 -0 0.193714
    outer loop
      vertex 137.398 3.91 54.2765
      vertex 137.474 8.88 53.8916
      vertex 137.398 8.88 54.2765
    endloop
  endfacet
  facet normal 0.981058 0 0.193714
    outer loop
      vertex 137.474 8.88 53.8916
      vertex 137.398 3.91 54.2765
      vertex 137.474 3.91 53.8916
    endloop
  endfacet
  facet normal 0.659478 0 0.751724
    outer loop
      vertex 136.326 8.88 55.8801
      vertex 136.621 3.91 55.6213
      vertex 136.621 8.88 55.6213
    endloop
  endfacet
  facet normal 0.659478 0 0.751724
    outer loop
      vertex 136.621 3.91 55.6213
      vertex 136.326 8.88 55.8801
      vertex 136.326 3.91 55.8801
    endloop
  endfacet
  facet normal 0.831501 -0 0.555523
    outer loop
      vertex 136.88 3.91 55.3263
      vertex 137.098 8.88 55
      vertex 136.88 8.88 55.3263
    endloop
  endfacet
  facet normal 0.831501 0 0.555523
    outer loop
      vertex 137.098 8.88 55
      vertex 136.88 3.91 55.3263
      vertex 137.098 3.91 55
    endloop
  endfacet
  facet normal -0.555877 0 0.831265
    outer loop
      vertex 132.674 8.88 55.8801
      vertex 133 3.91 56.0981
      vertex 133 8.88 56.0981
    endloop
  endfacet
  facet normal -0.555877 0 0.831265
    outer loop
      vertex 133 3.91 56.0981
      vertex 132.674 8.88 55.8801
      vertex 132.674 3.91 55.8801
    endloop
  endfacet
  facet normal -0.751471 0 0.659766
    outer loop
      vertex 132.12 3.91 55.3263
      vertex 132.379 8.88 55.6213
      vertex 132.12 8.88 55.3263
    endloop
  endfacet
  facet normal -0.751471 0 0.659766
    outer loop
      vertex 132.379 8.88 55.6213
      vertex 132.12 3.91 55.3263
      vertex 132.379 3.91 55.6213
    endloop
  endfacet
  facet normal -0.897467 0 0.441082
    outer loop
      vertex 135.236 3.91 53.075
      vertex 135.285 8.88 53.1747
      vertex 135.236 8.88 53.075
    endloop
  endfacet
  facet normal -0.897467 0 0.441082
    outer loop
      vertex 135.285 8.88 53.1747
      vertex 135.236 3.91 53.075
      vertex 135.285 3.91 53.1747
    endloop
  endfacet
  facet normal -0.830387 0 0.557186
    outer loop
      vertex 135.174 3.91 52.9826
      vertex 135.236 8.88 53.075
      vertex 135.174 8.88 52.9826
    endloop
  endfacet
  facet normal -0.830387 0 0.557186
    outer loop
      vertex 135.236 8.88 53.075
      vertex 135.174 3.91 52.9826
      vertex 135.236 3.91 53.075
    endloop
  endfacet
  facet normal -0.321903 0 0.946773
    outer loop
      vertex 134.72 8.88 52.679
      vertex 134.825 3.91 52.7147
      vertex 134.825 8.88 52.7147
    endloop
  endfacet
  facet normal -0.321903 0 0.946773
    outer loop
      vertex 134.825 3.91 52.7147
      vertex 134.72 8.88 52.679
      vertex 134.72 3.91 52.679
    endloop
  endfacet
  facet normal 0.441462 0 0.89728
    outer loop
      vertex 134.075 8.88 52.7639
      vertex 134.175 3.91 52.7147
      vertex 134.175 8.88 52.7147
    endloop
  endfacet
  facet normal 0.441462 0 0.89728
    outer loop
      vertex 134.175 3.91 52.7147
      vertex 134.075 8.88 52.7639
      vertex 134.075 3.91 52.7639
    endloop
  endfacet
  facet normal 0.897467 -0 0.441082
    outer loop
      vertex 133.715 3.91 53.1747
      vertex 133.764 8.88 53.075
      vertex 133.715 8.88 53.1747
    endloop
  endfacet
  facet normal 0.897467 0 0.441082
    outer loop
      vertex 133.764 8.88 53.075
      vertex 133.715 3.91 53.1747
      vertex 133.764 3.91 53.075
    endloop
  endfacet
  facet normal -0.980268 0 -0.197671
    outer loop
      vertex 135.343 3.91 53.6109
      vertex 135.321 8.88 53.72
      vertex 135.343 8.88 53.6109
    endloop
  endfacet
  facet normal -0.980268 -0 -0.197671
    outer loop
      vertex 135.321 8.88 53.72
      vertex 135.343 3.91 53.6109
      vertex 135.321 3.91 53.72
    endloop
  endfacet
  facet normal -0.441462 0 0.89728
    outer loop
      vertex 134.825 8.88 52.7147
      vertex 134.925 3.91 52.7639
      vertex 134.925 8.88 52.7639
    endloop
  endfacet
  facet normal -0.441462 0 0.89728
    outer loop
      vertex 134.925 3.91 52.7639
      vertex 134.825 8.88 52.7147
      vertex 134.825 3.91 52.7147
    endloop
  endfacet
  facet normal 0.998014 -0 0.0629946
    outer loop
      vertex 133.65 3.91 53.5
      vertex 133.657 8.88 53.3891
      vertex 133.65 8.88 53.5
    endloop
  endfacet
  facet normal 0.998014 0 0.0629946
    outer loop
      vertex 133.657 8.88 53.3891
      vertex 133.65 3.91 53.5
      vertex 133.657 3.91 53.3891
    endloop
  endfacet
  facet normal 0.830387 -0 0.557186
    outer loop
      vertex 133.764 3.91 53.075
      vertex 133.826 8.88 52.9826
      vertex 133.764 8.88 53.075
    endloop
  endfacet
  facet normal 0.830387 0 0.557186
    outer loop
      vertex 133.826 8.88 52.9826
      vertex 133.764 3.91 53.075
      vertex 133.826 3.91 52.9826
    endloop
  endfacet
  facet normal 0.55699 0 0.830519
    outer loop
      vertex 133.983 8.88 52.8256
      vertex 134.075 3.91 52.7639
      vertex 134.075 8.88 52.7639
    endloop
  endfacet
  facet normal 0.55699 0 0.830519
    outer loop
      vertex 134.075 3.91 52.7639
      vertex 133.983 8.88 52.8256
      vertex 133.983 3.91 52.8256
    endloop
  endfacet
  facet normal 0.321903 0 0.946773
    outer loop
      vertex 134.175 8.88 52.7147
      vertex 134.28 3.91 52.679
      vertex 134.28 8.88 52.679
    endloop
  endfacet
  facet normal 0.321903 0 0.946773
    outer loop
      vertex 134.28 3.91 52.679
      vertex 134.175 8.88 52.7147
      vertex 134.175 3.91 52.7147
    endloop
  endfacet
  facet normal -0.998014 0 -0.0629946
    outer loop
      vertex 135.35 3.91 53.5
      vertex 135.343 8.88 53.6109
      vertex 135.35 8.88 53.5
    endloop
  endfacet
  facet normal -0.998014 -0 -0.0629946
    outer loop
      vertex 135.343 8.88 53.6109
      vertex 135.35 3.91 53.5
      vertex 135.343 3.91 53.6109
    endloop
  endfacet
  facet normal -0.946229 0 -0.323497
    outer loop
      vertex 135.321 3.91 53.72
      vertex 135.285 8.88 53.8253
      vertex 135.321 8.88 53.72
    endloop
  endfacet
  facet normal -0.946229 -0 -0.323497
    outer loop
      vertex 135.285 8.88 53.8253
      vertex 135.321 3.91 53.72
      vertex 135.285 3.91 53.8253
    endloop
  endfacet
  facet normal -0.55699 0 -0.830519
    outer loop
      vertex 134.925 3.91 54.2361
      vertex 135.017 8.88 54.1744
      vertex 135.017 3.91 54.1744
    endloop
  endfacet
  facet normal -0.55699 0 -0.830519
    outer loop
      vertex 135.017 8.88 54.1744
      vertex 134.925 3.91 54.2361
      vertex 134.925 8.88 54.2361
    endloop
  endfacet
  facet normal -0.946229 0 0.323497
    outer loop
      vertex 135.285 3.91 53.1747
      vertex 135.321 8.88 53.28
      vertex 135.285 8.88 53.1747
    endloop
  endfacet
  facet normal -0.946229 0 0.323497
    outer loop
      vertex 135.321 8.88 53.28
      vertex 135.285 3.91 53.1747
      vertex 135.321 3.91 53.28
    endloop
  endfacet
  facet normal -0.657997 0 0.753021
    outer loop
      vertex 135.017 8.88 52.8256
      vertex 135.101 3.91 52.899
      vertex 135.101 8.88 52.899
    endloop
  endfacet
  facet normal -0.657997 0 0.753021
    outer loop
      vertex 135.101 3.91 52.899
      vertex 135.017 8.88 52.8256
      vertex 135.017 3.91 52.8256
    endloop
  endfacet
  facet normal 0.065624 0 0.997844
    outer loop
      vertex 134.389 8.88 52.6573
      vertex 134.5 3.91 52.65
      vertex 134.5 8.88 52.65
    endloop
  endfacet
  facet normal 0.065624 0 0.997844
    outer loop
      vertex 134.5 3.91 52.65
      vertex 134.389 8.88 52.6573
      vertex 134.389 3.91 52.6573
    endloop
  endfacet
  facet normal -0.195251 0 0.980753
    outer loop
      vertex 134.611 8.88 52.6573
      vertex 134.72 3.91 52.679
      vertex 134.72 8.88 52.679
    endloop
  endfacet
  facet normal -0.195251 0 0.980753
    outer loop
      vertex 134.72 3.91 52.679
      vertex 134.611 8.88 52.6573
      vertex 134.611 3.91 52.6573
    endloop
  endfacet
  facet normal -0.55699 0 0.830519
    outer loop
      vertex 134.925 8.88 52.7639
      vertex 135.017 3.91 52.8256
      vertex 135.017 8.88 52.8256
    endloop
  endfacet
  facet normal -0.55699 0 0.830519
    outer loop
      vertex 135.017 3.91 52.8256
      vertex 134.925 8.88 52.7639
      vertex 134.925 3.91 52.7639
    endloop
  endfacet
  facet normal 0.946229 -0 0.323497
    outer loop
      vertex 133.679 3.91 53.28
      vertex 133.715 8.88 53.1747
      vertex 133.679 8.88 53.28
    endloop
  endfacet
  facet normal 0.946229 0 0.323497
    outer loop
      vertex 133.715 8.88 53.1747
      vertex 133.679 3.91 53.28
      vertex 133.715 3.91 53.1747
    endloop
  endfacet
  facet normal 0.980268 -0 0.197671
    outer loop
      vertex 133.657 3.91 53.3891
      vertex 133.679 8.88 53.28
      vertex 133.657 8.88 53.3891
    endloop
  endfacet
  facet normal 0.980268 0 0.197671
    outer loop
      vertex 133.679 8.88 53.28
      vertex 133.657 3.91 53.3891
      vertex 133.679 3.91 53.28
    endloop
  endfacet
  facet normal 0.195251 0 0.980753
    outer loop
      vertex 134.28 8.88 52.679
      vertex 134.389 3.91 52.6573
      vertex 134.389 8.88 52.6573
    endloop
  endfacet
  facet normal 0.195251 0 0.980753
    outer loop
      vertex 134.389 3.91 52.6573
      vertex 134.28 8.88 52.679
      vertex 134.28 3.91 52.679
    endloop
  endfacet
  facet normal 0.657997 0 0.753021
    outer loop
      vertex 133.899 8.88 52.899
      vertex 133.983 3.91 52.8256
      vertex 133.983 8.88 52.8256
    endloop
  endfacet
  facet normal 0.657997 0 0.753021
    outer loop
      vertex 133.983 3.91 52.8256
      vertex 133.899 8.88 52.899
      vertex 133.899 3.91 52.899
    endloop
  endfacet
  facet normal 0.753246 -0 0.657739
    outer loop
      vertex 133.826 3.91 52.9826
      vertex 133.899 8.88 52.899
      vertex 133.826 8.88 52.9826
    endloop
  endfacet
  facet normal 0.753246 0 0.657739
    outer loop
      vertex 133.899 8.88 52.899
      vertex 133.826 3.91 52.9826
      vertex 133.899 3.91 52.899
    endloop
  endfacet
  facet normal -0.998014 0 0.0629946
    outer loop
      vertex 135.343 3.91 53.3891
      vertex 135.35 8.88 53.5
      vertex 135.343 8.88 53.3891
    endloop
  endfacet
  facet normal -0.998014 0 0.0629946
    outer loop
      vertex 135.35 8.88 53.5
      vertex 135.343 3.91 53.3891
      vertex 135.35 3.91 53.5
    endloop
  endfacet
  facet normal -0.830387 0 -0.557186
    outer loop
      vertex 135.236 3.91 53.925
      vertex 135.174 8.88 54.0174
      vertex 135.236 8.88 53.925
    endloop
  endfacet
  facet normal -0.830387 -0 -0.557186
    outer loop
      vertex 135.174 8.88 54.0174
      vertex 135.236 3.91 53.925
      vertex 135.174 3.91 54.0174
    endloop
  endfacet
  facet normal 0.998014 0 -0.0629946
    outer loop
      vertex 133.657 3.91 53.6109
      vertex 133.65 8.88 53.5
      vertex 133.657 8.88 53.6109
    endloop
  endfacet
  facet normal 0.998014 0 -0.0629946
    outer loop
      vertex 133.65 8.88 53.5
      vertex 133.657 3.91 53.6109
      vertex 133.65 3.91 53.5
    endloop
  endfacet
  facet normal 0.897467 0 -0.441082
    outer loop
      vertex 133.764 3.91 53.925
      vertex 133.715 8.88 53.8253
      vertex 133.764 8.88 53.925
    endloop
  endfacet
  facet normal 0.897467 0 -0.441082
    outer loop
      vertex 133.715 8.88 53.8253
      vertex 133.764 3.91 53.925
      vertex 133.715 3.91 53.8253
    endloop
  endfacet
  facet normal -0.195251 0 -0.980753
    outer loop
      vertex 134.611 3.91 54.3427
      vertex 134.72 8.88 54.321
      vertex 134.72 3.91 54.321
    endloop
  endfacet
  facet normal -0.195251 0 -0.980753
    outer loop
      vertex 134.72 8.88 54.321
      vertex 134.611 3.91 54.3427
      vertex 134.611 8.88 54.3427
    endloop
  endfacet
  facet normal -0.657997 0 -0.753021
    outer loop
      vertex 135.017 3.91 54.1744
      vertex 135.101 8.88 54.101
      vertex 135.101 3.91 54.101
    endloop
  endfacet
  facet normal -0.657997 0 -0.753021
    outer loop
      vertex 135.101 8.88 54.101
      vertex 135.017 3.91 54.1744
      vertex 135.017 8.88 54.1744
    endloop
  endfacet
  facet normal -0.980268 0 0.197671
    outer loop
      vertex 135.321 3.91 53.28
      vertex 135.343 8.88 53.3891
      vertex 135.321 8.88 53.28
    endloop
  endfacet
  facet normal -0.980268 0 0.197671
    outer loop
      vertex 135.343 8.88 53.3891
      vertex 135.321 3.91 53.28
      vertex 135.343 3.91 53.3891
    endloop
  endfacet
  facet normal -0.753246 0 0.657739
    outer loop
      vertex 135.101 3.91 52.899
      vertex 135.174 8.88 52.9826
      vertex 135.101 8.88 52.899
    endloop
  endfacet
  facet normal -0.753246 0 0.657739
    outer loop
      vertex 135.174 8.88 52.9826
      vertex 135.101 3.91 52.899
      vertex 135.174 3.91 52.9826
    endloop
  endfacet
  facet normal -0.065624 0 0.997844
    outer loop
      vertex 134.5 8.88 52.65
      vertex 134.611 3.91 52.6573
      vertex 134.611 8.88 52.6573
    endloop
  endfacet
  facet normal -0.065624 0 0.997844
    outer loop
      vertex 134.611 3.91 52.6573
      vertex 134.5 8.88 52.65
      vertex 134.5 3.91 52.65
    endloop
  endfacet
  facet normal -0.897467 0 -0.441082
    outer loop
      vertex 135.285 3.91 53.8253
      vertex 135.236 8.88 53.925
      vertex 135.285 8.88 53.8253
    endloop
  endfacet
  facet normal -0.897467 -0 -0.441082
    outer loop
      vertex 135.236 8.88 53.925
      vertex 135.285 3.91 53.8253
      vertex 135.236 3.91 53.925
    endloop
  endfacet
  facet normal 0.946229 0 -0.323497
    outer loop
      vertex 133.715 3.91 53.8253
      vertex 133.679 8.88 53.72
      vertex 133.715 8.88 53.8253
    endloop
  endfacet
  facet normal 0.946229 0 -0.323497
    outer loop
      vertex 133.679 8.88 53.72
      vertex 133.715 3.91 53.8253
      vertex 133.679 3.91 53.72
    endloop
  endfacet
  facet normal 0.980268 0 -0.197671
    outer loop
      vertex 133.679 3.91 53.72
      vertex 133.657 8.88 53.6109
      vertex 133.679 8.88 53.72
    endloop
  endfacet
  facet normal 0.980268 0 -0.197671
    outer loop
      vertex 133.657 8.88 53.6109
      vertex 133.679 3.91 53.72
      vertex 133.657 3.91 53.6109
    endloop
  endfacet
  facet normal -0.441462 0 -0.89728
    outer loop
      vertex 134.825 3.91 54.2853
      vertex 134.925 8.88 54.2361
      vertex 134.925 3.91 54.2361
    endloop
  endfacet
  facet normal -0.441462 0 -0.89728
    outer loop
      vertex 134.925 8.88 54.2361
      vertex 134.825 3.91 54.2853
      vertex 134.825 8.88 54.2853
    endloop
  endfacet
  facet normal -0.321903 0 -0.946773
    outer loop
      vertex 134.72 3.91 54.321
      vertex 134.825 8.88 54.2853
      vertex 134.825 3.91 54.2853
    endloop
  endfacet
  facet normal -0.321903 0 -0.946773
    outer loop
      vertex 134.825 8.88 54.2853
      vertex 134.72 3.91 54.321
      vertex 134.72 8.88 54.321
    endloop
  endfacet
  facet normal -0.753246 0 -0.657739
    outer loop
      vertex 135.174 3.91 54.0174
      vertex 135.101 8.88 54.101
      vertex 135.174 8.88 54.0174
    endloop
  endfacet
  facet normal -0.753246 -0 -0.657739
    outer loop
      vertex 135.101 8.88 54.101
      vertex 135.174 3.91 54.0174
      vertex 135.101 3.91 54.101
    endloop
  endfacet
  facet normal 0.321903 0 -0.946773
    outer loop
      vertex 134.175 3.91 54.2853
      vertex 134.28 8.88 54.321
      vertex 134.28 3.91 54.321
    endloop
  endfacet
  facet normal 0.321903 0 -0.946773
    outer loop
      vertex 134.28 8.88 54.321
      vertex 134.175 3.91 54.2853
      vertex 134.175 8.88 54.2853
    endloop
  endfacet
  facet normal -0.065624 0 -0.997844
    outer loop
      vertex 134.5 3.91 54.35
      vertex 134.611 8.88 54.3427
      vertex 134.611 3.91 54.3427
    endloop
  endfacet
  facet normal -0.065624 0 -0.997844
    outer loop
      vertex 134.611 8.88 54.3427
      vertex 134.5 3.91 54.35
      vertex 134.5 8.88 54.35
    endloop
  endfacet
  facet normal 0.065624 0 -0.997844
    outer loop
      vertex 134.389 3.91 54.3427
      vertex 134.5 8.88 54.35
      vertex 134.5 3.91 54.35
    endloop
  endfacet
  facet normal 0.065624 0 -0.997844
    outer loop
      vertex 134.5 8.88 54.35
      vertex 134.389 3.91 54.3427
      vertex 134.389 8.88 54.3427
    endloop
  endfacet
  facet normal 0.195251 0 -0.980753
    outer loop
      vertex 134.28 3.91 54.321
      vertex 134.389 8.88 54.3427
      vertex 134.389 3.91 54.3427
    endloop
  endfacet
  facet normal 0.195251 0 -0.980753
    outer loop
      vertex 134.389 8.88 54.3427
      vertex 134.28 3.91 54.321
      vertex 134.28 8.88 54.321
    endloop
  endfacet
  facet normal 0.753246 0 -0.657739
    outer loop
      vertex 133.899 3.91 54.101
      vertex 133.826 8.88 54.0174
      vertex 133.899 8.88 54.101
    endloop
  endfacet
  facet normal 0.753246 0 -0.657739
    outer loop
      vertex 133.826 8.88 54.0174
      vertex 133.899 3.91 54.101
      vertex 133.826 3.91 54.0174
    endloop
  endfacet
  facet normal 0.657997 0 -0.753021
    outer loop
      vertex 133.899 3.91 54.101
      vertex 133.983 8.88 54.1744
      vertex 133.983 3.91 54.1744
    endloop
  endfacet
  facet normal 0.657997 0 -0.753021
    outer loop
      vertex 133.983 8.88 54.1744
      vertex 133.899 3.91 54.101
      vertex 133.899 8.88 54.101
    endloop
  endfacet
  facet normal 0.55699 0 -0.830519
    outer loop
      vertex 133.983 3.91 54.1744
      vertex 134.075 8.88 54.2361
      vertex 134.075 3.91 54.2361
    endloop
  endfacet
  facet normal 0.55699 0 -0.830519
    outer loop
      vertex 134.075 8.88 54.2361
      vertex 133.983 3.91 54.1744
      vertex 133.983 8.88 54.1744
    endloop
  endfacet
  facet normal 0.830387 0 -0.557186
    outer loop
      vertex 133.826 3.91 54.0174
      vertex 133.764 8.88 53.925
      vertex 133.826 8.88 54.0174
    endloop
  endfacet
  facet normal 0.830387 0 -0.557186
    outer loop
      vertex 133.764 8.88 53.925
      vertex 133.826 3.91 54.0174
      vertex 133.764 3.91 53.925
    endloop
  endfacet
  facet normal 0.441462 0 -0.89728
    outer loop
      vertex 134.075 3.91 54.2361
      vertex 134.175 8.88 54.2853
      vertex 134.175 3.91 54.2853
    endloop
  endfacet
  facet normal 0.441462 0 -0.89728
    outer loop
      vertex 134.175 8.88 54.2853
      vertex 134.075 3.91 54.2361
      vertex 134.075 8.88 54.2361
    endloop
  endfacet
  facet normal 0.659478 0 -0.751724
    outer loop
      vertex 136.326 3.91 80.1199
      vertex 136.621 8.88 80.3787
      vertex 136.621 3.91 80.3787
    endloop
  endfacet
  facet normal 0.659478 0 -0.751724
    outer loop
      vertex 136.621 8.88 80.3787
      vertex 136.326 3.91 80.1199
      vertex 136.326 8.88 80.1199
    endloop
  endfacet
  facet normal -0.321264 0 0.94699
    outer loop
      vertex 133.352 8.88 85.2716
      vertex 133.724 3.91 85.3978
      vertex 133.724 8.88 85.3978
    endloop
  endfacet
  facet normal -0.321264 0 0.94699
    outer loop
      vertex 133.724 3.91 85.3978
      vertex 133.352 8.88 85.2716
      vertex 133.352 3.91 85.2716
    endloop
  endfacet
  facet normal -0.321264 0 -0.94699
    outer loop
      vertex 133.352 3.91 79.7284
      vertex 133.724 8.88 79.6022
      vertex 133.724 3.91 79.6022
    endloop
  endfacet
  facet normal -0.321264 0 -0.94699
    outer loop
      vertex 133.724 8.88 79.6022
      vertex 133.352 3.91 79.7284
      vertex 133.352 8.88 79.7284
    endloop
  endfacet
  facet normal -0.896455 0 -0.443134
    outer loop
      vertex 131.902 3.91 81
      vertex 131.728 8.88 81.352
      vertex 131.902 8.88 81
    endloop
  endfacet
  facet normal -0.896455 -0 -0.443134
    outer loop
      vertex 131.728 8.88 81.352
      vertex 131.902 3.91 81
      vertex 131.728 3.91 81.352
    endloop
  endfacet
  facet normal 0.896455 0 -0.443134
    outer loop
      vertex 137.272 3.91 81.352
      vertex 137.098 8.88 81
      vertex 137.272 8.88 81.352
    endloop
  endfacet
  facet normal 0.896455 0 -0.443134
    outer loop
      vertex 137.098 8.88 81
      vertex 137.272 3.91 81.352
      vertex 137.098 3.91 81
    endloop
  endfacet
  facet normal 0.981058 0 -0.193714
    outer loop
      vertex 137.474 3.91 82.1084
      vertex 137.398 8.88 81.7235
      vertex 137.474 8.88 82.1084
    endloop
  endfacet
  facet normal 0.981058 0 -0.193714
    outer loop
      vertex 137.398 8.88 81.7235
      vertex 137.474 3.91 82.1084
      vertex 137.398 3.91 81.7235
    endloop
  endfacet
  facet normal 0.831501 0 -0.555523
    outer loop
      vertex 137.098 3.91 81
      vertex 136.88 8.88 80.6737
      vertex 137.098 8.88 81
    endloop
  endfacet
  facet normal 0.831501 0 -0.555523
    outer loop
      vertex 136.88 8.88 80.6737
      vertex 137.098 3.91 81
      vertex 136.88 3.91 80.6737
    endloop
  endfacet
  facet normal 0.751471 0 -0.659766
    outer loop
      vertex 136.88 3.91 80.6737
      vertex 136.621 8.88 80.3787
      vertex 136.88 8.88 80.6737
    endloop
  endfacet
  facet normal 0.751471 0 -0.659766
    outer loop
      vertex 136.621 8.88 80.3787
      vertex 136.88 3.91 80.6737
      vertex 136.621 3.91 80.3787
    endloop
  endfacet
  facet normal 0.44211 0 -0.896961
    outer loop
      vertex 135.648 3.91 79.7284
      vertex 136 8.88 79.9019
      vertex 136 3.91 79.9019
    endloop
  endfacet
  facet normal 0.44211 0 -0.896961
    outer loop
      vertex 136 8.88 79.9019
      vertex 135.648 3.91 79.7284
      vertex 135.648 8.88 79.7284
    endloop
  endfacet
  facet normal 0.195379 0 -0.980728
    outer loop
      vertex 134.892 3.91 79.5257
      vertex 135.276 8.88 79.6022
      vertex 135.276 3.91 79.6022
    endloop
  endfacet
  facet normal 0.195379 0 -0.980728
    outer loop
      vertex 135.276 8.88 79.6022
      vertex 134.892 3.91 79.5257
      vertex 134.892 8.88 79.5257
    endloop
  endfacet
  facet normal -0.981058 0 -0.193714
    outer loop
      vertex 131.602 3.91 81.7235
      vertex 131.526 8.88 82.1084
      vertex 131.602 8.88 81.7235
    endloop
  endfacet
  facet normal -0.981058 -0 -0.193714
    outer loop
      vertex 131.526 8.88 82.1084
      vertex 131.602 3.91 81.7235
      vertex 131.526 3.91 82.1084
    endloop
  endfacet
  facet normal -0.751471 0 -0.659766
    outer loop
      vertex 132.379 3.91 80.3787
      vertex 132.12 8.88 80.6737
      vertex 132.379 8.88 80.3787
    endloop
  endfacet
  facet normal -0.751471 -0 -0.659766
    outer loop
      vertex 132.12 8.88 80.6737
      vertex 132.379 3.91 80.3787
      vertex 132.12 3.91 80.6737
    endloop
  endfacet
  facet normal -0.44211 0 -0.896961
    outer loop
      vertex 133 3.91 79.9019
      vertex 133.352 8.88 79.7284
      vertex 133.352 3.91 79.7284
    endloop
  endfacet
  facet normal -0.44211 0 -0.896961
    outer loop
      vertex 133.352 8.88 79.7284
      vertex 133 3.91 79.9019
      vertex 133 8.88 79.9019
    endloop
  endfacet
  facet normal -0.195379 0 -0.980728
    outer loop
      vertex 133.724 3.91 79.6022
      vertex 134.108 8.88 79.5257
      vertex 134.108 3.91 79.5257
    endloop
  endfacet
  facet normal -0.195379 0 -0.980728
    outer loop
      vertex 134.108 8.88 79.5257
      vertex 133.724 3.91 79.6022
      vertex 133.724 8.88 79.6022
    endloop
  endfacet
  facet normal 0.997803 -0 0.0662484
    outer loop
      vertex 137.474 3.91 82.8916
      vertex 137.5 8.88 82.5
      vertex 137.474 8.88 82.8916
    endloop
  endfacet
  facet normal 0.997803 0 0.0662484
    outer loop
      vertex 137.5 8.88 82.5
      vertex 137.474 3.91 82.8916
      vertex 137.5 3.91 82.5
    endloop
  endfacet
  facet normal 0.321264 0 0.94699
    outer loop
      vertex 135.276 8.88 85.3978
      vertex 135.648 3.91 85.2716
      vertex 135.648 8.88 85.2716
    endloop
  endfacet
  facet normal 0.321264 0 0.94699
    outer loop
      vertex 135.648 3.91 85.2716
      vertex 135.276 8.88 85.3978
      vertex 135.276 3.91 85.3978
    endloop
  endfacet
  facet normal 0.44211 0 0.896961
    outer loop
      vertex 135.648 8.88 85.2716
      vertex 136 3.91 85.0981
      vertex 136 8.88 85.0981
    endloop
  endfacet
  facet normal 0.44211 0 0.896961
    outer loop
      vertex 136 3.91 85.0981
      vertex 135.648 8.88 85.2716
      vertex 135.648 3.91 85.2716
    endloop
  endfacet
  facet normal 0.751471 -0 0.659766
    outer loop
      vertex 136.621 3.91 84.6213
      vertex 136.88 8.88 84.3263
      vertex 136.621 8.88 84.6213
    endloop
  endfacet
  facet normal 0.751471 0 0.659766
    outer loop
      vertex 136.88 8.88 84.3263
      vertex 136.621 3.91 84.6213
      vertex 136.88 3.91 84.3263
    endloop
  endfacet
  facet normal -0.195379 0 0.980728
    outer loop
      vertex 133.724 8.88 85.3978
      vertex 134.108 3.91 85.4743
      vertex 134.108 8.88 85.4743
    endloop
  endfacet
  facet normal -0.195379 0 0.980728
    outer loop
      vertex 134.108 3.91 85.4743
      vertex 133.724 8.88 85.3978
      vertex 133.724 3.91 85.3978
    endloop
  endfacet
  facet normal -0.659478 0 0.751724
    outer loop
      vertex 132.379 8.88 84.6213
      vertex 132.674 3.91 84.8801
      vertex 132.674 8.88 84.8801
    endloop
  endfacet
  facet normal -0.659478 0 0.751724
    outer loop
      vertex 132.674 3.91 84.8801
      vertex 132.379 8.88 84.6213
      vertex 132.379 3.91 84.6213
    endloop
  endfacet
  facet normal -0.896455 0 0.443134
    outer loop
      vertex 131.728 3.91 83.648
      vertex 131.902 8.88 84
      vertex 131.728 8.88 83.648
    endloop
  endfacet
  facet normal -0.896455 0 0.443134
    outer loop
      vertex 131.902 8.88 84
      vertex 131.728 3.91 83.648
      vertex 131.902 3.91 84
    endloop
  endfacet
  facet normal -0.981058 0 0.193714
    outer loop
      vertex 131.526 3.91 82.8916
      vertex 131.602 8.88 83.2765
      vertex 131.526 8.88 82.8916
    endloop
  endfacet
  facet normal -0.981058 0 0.193714
    outer loop
      vertex 131.602 8.88 83.2765
      vertex 131.526 3.91 82.8916
      vertex 131.602 3.91 83.2765
    endloop
  endfacet
  facet normal 0.947013 0 -0.321194
    outer loop
      vertex 137.398 3.91 81.7235
      vertex 137.272 8.88 81.352
      vertex 137.398 8.88 81.7235
    endloop
  endfacet
  facet normal 0.947013 0 -0.321194
    outer loop
      vertex 137.272 8.88 81.352
      vertex 137.398 3.91 81.7235
      vertex 137.272 3.91 81.352
    endloop
  endfacet
  facet normal 0.555877 0 -0.831265
    outer loop
      vertex 136 3.91 79.9019
      vertex 136.326 8.88 80.1199
      vertex 136.326 3.91 80.1199
    endloop
  endfacet
  facet normal 0.555877 0 -0.831265
    outer loop
      vertex 136.326 8.88 80.1199
      vertex 136 3.91 79.9019
      vertex 136 8.88 79.9019
    endloop
  endfacet
  facet normal 0.0654208 0 -0.997858
    outer loop
      vertex 134.5 3.91 79.5
      vertex 134.892 8.88 79.5257
      vertex 134.892 3.91 79.5257
    endloop
  endfacet
  facet normal 0.0654208 0 -0.997858
    outer loop
      vertex 134.892 8.88 79.5257
      vertex 134.5 3.91 79.5
      vertex 134.5 8.88 79.5
    endloop
  endfacet
  facet normal 0.321264 0 -0.94699
    outer loop
      vertex 135.276 3.91 79.6022
      vertex 135.648 8.88 79.7284
      vertex 135.648 3.91 79.7284
    endloop
  endfacet
  facet normal 0.321264 0 -0.94699
    outer loop
      vertex 135.648 8.88 79.7284
      vertex 135.276 3.91 79.6022
      vertex 135.276 8.88 79.6022
    endloop
  endfacet
  facet normal -0.997803 0 -0.0662484
    outer loop
      vertex 131.526 3.91 82.1084
      vertex 131.5 8.88 82.5
      vertex 131.526 8.88 82.1084
    endloop
  endfacet
  facet normal -0.997803 -0 -0.0662484
    outer loop
      vertex 131.5 8.88 82.5
      vertex 131.526 3.91 82.1084
      vertex 131.5 3.91 82.5
    endloop
  endfacet
  facet normal -0.947013 0 -0.321194
    outer loop
      vertex 131.728 3.91 81.352
      vertex 131.602 8.88 81.7235
      vertex 131.728 8.88 81.352
    endloop
  endfacet
  facet normal -0.947013 -0 -0.321194
    outer loop
      vertex 131.602 8.88 81.7235
      vertex 131.728 3.91 81.352
      vertex 131.602 3.91 81.7235
    endloop
  endfacet
  facet normal -0.831501 0 -0.555523
    outer loop
      vertex 132.12 3.91 80.6737
      vertex 131.902 8.88 81
      vertex 132.12 8.88 80.6737
    endloop
  endfacet
  facet normal -0.831501 -0 -0.555523
    outer loop
      vertex 131.902 8.88 81
      vertex 132.12 3.91 80.6737
      vertex 131.902 3.91 81
    endloop
  endfacet
  facet normal -0.0654208 0 -0.997858
    outer loop
      vertex 134.108 3.91 79.5257
      vertex 134.5 8.88 79.5
      vertex 134.5 3.91 79.5
    endloop
  endfacet
  facet normal -0.0654208 0 -0.997858
    outer loop
      vertex 134.5 8.88 79.5
      vertex 134.108 3.91 79.5257
      vertex 134.108 8.88 79.5257
    endloop
  endfacet
  facet normal -0.555877 0 -0.831265
    outer loop
      vertex 132.674 3.91 80.1199
      vertex 133 8.88 79.9019
      vertex 133 3.91 79.9019
    endloop
  endfacet
  facet normal -0.555877 0 -0.831265
    outer loop
      vertex 133 8.88 79.9019
      vertex 132.674 3.91 80.1199
      vertex 132.674 8.88 80.1199
    endloop
  endfacet
  facet normal -0.659478 0 -0.751724
    outer loop
      vertex 132.379 3.91 80.3787
      vertex 132.674 8.88 80.1199
      vertex 132.674 3.91 80.1199
    endloop
  endfacet
  facet normal -0.659478 0 -0.751724
    outer loop
      vertex 132.674 8.88 80.1199
      vertex 132.379 3.91 80.3787
      vertex 132.379 8.88 80.3787
    endloop
  endfacet
  facet normal 0.997803 0 -0.0662484
    outer loop
      vertex 137.5 3.91 82.5
      vertex 137.474 8.88 82.1084
      vertex 137.5 8.88 82.5
    endloop
  endfacet
  facet normal 0.997803 0 -0.0662484
    outer loop
      vertex 137.474 8.88 82.1084
      vertex 137.5 3.91 82.5
      vertex 137.474 3.91 82.1084
    endloop
  endfacet
  facet normal 0.0654208 0 0.997858
    outer loop
      vertex 134.5 8.88 85.5
      vertex 134.892 3.91 85.4743
      vertex 134.892 8.88 85.4743
    endloop
  endfacet
  facet normal 0.0654208 0 0.997858
    outer loop
      vertex 134.892 3.91 85.4743
      vertex 134.5 8.88 85.5
      vertex 134.5 3.91 85.5
    endloop
  endfacet
  facet normal 0.947013 -0 0.321194
    outer loop
      vertex 137.272 3.91 83.648
      vertex 137.398 8.88 83.2765
      vertex 137.272 8.88 83.648
    endloop
  endfacet
  facet normal 0.947013 0 0.321194
    outer loop
      vertex 137.398 8.88 83.2765
      vertex 137.272 3.91 83.648
      vertex 137.398 3.91 83.2765
    endloop
  endfacet
  facet normal 0.195379 0 0.980728
    outer loop
      vertex 134.892 8.88 85.4743
      vertex 135.276 3.91 85.3978
      vertex 135.276 8.88 85.3978
    endloop
  endfacet
  facet normal 0.195379 0 0.980728
    outer loop
      vertex 135.276 3.91 85.3978
      vertex 134.892 8.88 85.4743
      vertex 134.892 3.91 85.4743
    endloop
  endfacet
  facet normal 0.555877 0 0.831265
    outer loop
      vertex 136 8.88 85.0981
      vertex 136.326 3.91 84.8801
      vertex 136.326 8.88 84.8801
    endloop
  endfacet
  facet normal 0.555877 0 0.831265
    outer loop
      vertex 136.326 3.91 84.8801
      vertex 136 8.88 85.0981
      vertex 136 3.91 85.0981
    endloop
  endfacet
  facet normal 0.896455 -0 0.443134
    outer loop
      vertex 137.098 3.91 84
      vertex 137.272 8.88 83.648
      vertex 137.098 8.88 84
    endloop
  endfacet
  facet normal 0.896455 0 0.443134
    outer loop
      vertex 137.272 8.88 83.648
      vertex 137.098 3.91 84
      vertex 137.272 3.91 83.648
    endloop
  endfacet
  facet normal -0.0654208 0 0.997858
    outer loop
      vertex 134.108 8.88 85.4743
      vertex 134.5 3.91 85.5
      vertex 134.5 8.88 85.5
    endloop
  endfacet
  facet normal -0.0654208 0 0.997858
    outer loop
      vertex 134.5 3.91 85.5
      vertex 134.108 8.88 85.4743
      vertex 134.108 3.91 85.4743
    endloop
  endfacet
  facet normal -0.44211 0 0.896961
    outer loop
      vertex 133 8.88 85.0981
      vertex 133.352 3.91 85.2716
      vertex 133.352 8.88 85.2716
    endloop
  endfacet
  facet normal -0.44211 0 0.896961
    outer loop
      vertex 133.352 3.91 85.2716
      vertex 133 8.88 85.0981
      vertex 133 3.91 85.0981
    endloop
  endfacet
  facet normal -0.947013 0 0.321194
    outer loop
      vertex 131.602 3.91 83.2765
      vertex 131.728 8.88 83.648
      vertex 131.602 8.88 83.2765
    endloop
  endfacet
  facet normal -0.947013 0 0.321194
    outer loop
      vertex 131.728 8.88 83.648
      vertex 131.602 3.91 83.2765
      vertex 131.728 3.91 83.648
    endloop
  endfacet
  facet normal -0.997803 0 0.0662484
    outer loop
      vertex 131.5 3.91 82.5
      vertex 131.526 8.88 82.8916
      vertex 131.5 8.88 82.5
    endloop
  endfacet
  facet normal -0.997803 0 0.0662484
    outer loop
      vertex 131.526 8.88 82.8916
      vertex 131.5 3.91 82.5
      vertex 131.526 3.91 82.8916
    endloop
  endfacet
  facet normal -0.831501 0 0.555523
    outer loop
      vertex 131.902 3.91 84
      vertex 132.12 8.88 84.3263
      vertex 131.902 8.88 84
    endloop
  endfacet
  facet normal -0.831501 0 0.555523
    outer loop
      vertex 132.12 8.88 84.3263
      vertex 131.902 3.91 84
      vertex 132.12 3.91 84.3263
    endloop
  endfacet
  facet normal 0 1 0
    outer loop
      vertex 134.5 8.88 83.35
      vertex 134.5 8.88 85.5
      vertex 134.892 8.88 85.4743
    endloop
  endfacet
  facet normal 0 1 0
    outer loop
      vertex 134.611 8.88 83.3427
      vertex 134.892 8.88 85.4743
      vertex 135.276 8.88 85.3978
    endloop
  endfacet
  facet normal 0 1 0
    outer loop
      vertex 134.5 8.88 85.5
      vertex 134.5 8.88 83.35
      vertex 134.108 8.88 85.4743
    endloop
  endfacet
  facet normal 0 1 0
    outer loop
      vertex 134.72 8.88 83.321
      vertex 135.276 8.88 85.3978
      vertex 135.648 8.88 85.2716
    endloop
  endfacet
  facet normal 0 1 -0
    outer loop
      vertex 134.389 8.88 83.3427
      vertex 134.108 8.88 85.4743
      vertex 134.5 8.88 83.35
    endloop
  endfacet
  facet normal 0 1 0
    outer loop
      vertex 134.825 8.88 83.2853
      vertex 135.648 8.88 85.2716
      vertex 136 8.88 85.0981
    endloop
  endfacet
  facet normal 0 1 0
    outer loop
      vertex 134.108 8.88 85.4743
      vertex 134.389 8.88 83.3427
      vertex 133.724 8.88 85.3978
    endloop
  endfacet
  facet normal 0 1 0
    outer loop
      vertex 134.925 8.88 83.2361
      vertex 136 8.88 85.0981
      vertex 136.326 8.88 84.8801
    endloop
  endfacet
  facet normal 0 1 -0
    outer loop
      vertex 134.28 8.88 83.321
      vertex 133.724 8.88 85.3978
      vertex 134.389 8.88 83.3427
    endloop
  endfacet
  facet normal 0 1 0
    outer loop
      vertex 135.017 8.88 83.1743
      vertex 136.326 8.88 84.8801
      vertex 136.621 8.88 84.6213
    endloop
  endfacet
  facet normal 0 1 0
    outer loop
      vertex 133.724 8.88 85.3978
      vertex 134.28 8.88 83.321
      vertex 133.352 8.88 85.2716
    endloop
  endfacet
  facet normal 0 1 0
    outer loop
      vertex 135.101 8.88 83.101
      vertex 136.621 8.88 84.6213
      vertex 136.88 8.88 84.3263
    endloop
  endfacet
  facet normal 0 1 -0
    outer loop
      vertex 134.175 8.88 83.2853
      vertex 133.352 8.88 85.2716
      vertex 134.28 8.88 83.321
    endloop
  endfacet
  facet normal 0 1 0
    outer loop
      vertex 135.174 8.88 83.0174
      vertex 136.88 8.88 84.3263
      vertex 137.098 8.88 84
    endloop
  endfacet
  facet normal 0 1 0
    outer loop
      vertex 133.352 8.88 85.2716
      vertex 134.175 8.88 83.2853
      vertex 133 8.88 85.0981
    endloop
  endfacet
  facet normal 0 1 0
    outer loop
      vertex 135.236 8.88 82.925
      vertex 137.098 8.88 84
      vertex 137.272 8.88 83.648
    endloop
  endfacet
  facet normal 0 1 -0
    outer loop
      vertex 134.075 8.88 83.2361
      vertex 133 8.88 85.0981
      vertex 134.175 8.88 83.2853
    endloop
  endfacet
  facet normal 0 1 0
    outer loop
      vertex 133 8.88 85.0981
      vertex 134.075 8.88 83.2361
      vertex 132.674 8.88 84.8801
    endloop
  endfacet
  facet normal 0 1 0
    outer loop
      vertex 134.892 8.88 85.4743
      vertex 134.611 8.88 83.3427
      vertex 134.5 8.88 83.35
    endloop
  endfacet
  facet normal 0 1 0
    outer loop
      vertex 135.276 8.88 85.3978
      vertex 134.72 8.88 83.321
      vertex 134.611 8.88 83.3427
    endloop
  endfacet
  facet normal 0 1 0
    outer loop
      vertex 135.648 8.88 85.2716
      vertex 134.825 8.88 83.2853
      vertex 134.72 8.88 83.321
    endloop
  endfacet
  facet normal 0 1 0
    outer loop
      vertex 135.285 8.88 82.8253
      vertex 137.272 8.88 83.648
      vertex 137.398 8.88 83.2765
    endloop
  endfacet
  facet normal 0 1 0
    outer loop
      vertex 136 8.88 85.0981
      vertex 134.925 8.88 83.2361
      vertex 134.825 8.88 83.2853
    endloop
  endfacet
  facet normal 0 1 0
    outer loop
      vertex 136.326 8.88 84.8801
      vertex 135.017 8.88 83.1743
      vertex 134.925 8.88 83.2361
    endloop
  endfacet
  facet normal 0 1 0
    outer loop
      vertex 136.621 8.88 84.6213
      vertex 135.101 8.88 83.101
      vertex 135.017 8.88 83.1743
    endloop
  endfacet
  facet normal 0 1 0
    outer loop
      vertex 136.88 8.88 84.3263
      vertex 135.174 8.88 83.0174
      vertex 135.101 8.88 83.101
    endloop
  endfacet
  facet normal 0 1 0
    outer loop
      vertex 137.098 8.88 84
      vertex 135.236 8.88 82.925
      vertex 135.174 8.88 83.0174
    endloop
  endfacet
  facet normal 0 1 0
    outer loop
      vertex 135.321 8.88 82.72
      vertex 137.398 8.88 83.2765
      vertex 137.474 8.88 82.8916
    endloop
  endfacet
  facet normal 0 1 0
    outer loop
      vertex 137.272 8.88 83.648
      vertex 135.285 8.88 82.8253
      vertex 135.236 8.88 82.925
    endloop
  endfacet
  facet normal 0 1 0
    outer loop
      vertex 137.398 8.88 83.2765
      vertex 135.321 8.88 82.72
      vertex 135.285 8.88 82.8253
    endloop
  endfacet
  facet normal 0 1 0
    outer loop
      vertex 137.474 8.88 82.8916
      vertex 135.343 8.88 82.6109
      vertex 135.321 8.88 82.72
    endloop
  endfacet
  facet normal 0 1 0
    outer loop
      vertex 137.5 8.88 82.5
      vertex 135.343 8.88 82.6109
      vertex 137.474 8.88 82.8916
    endloop
  endfacet
  facet normal 0 1 0
    outer loop
      vertex 137.5 8.88 82.5
      vertex 135.35 8.88 82.5
      vertex 135.343 8.88 82.6109
    endloop
  endfacet
  facet normal 0 1 0
    outer loop
      vertex 137.5 8.88 82.5
      vertex 135.343 8.88 82.3891
      vertex 135.35 8.88 82.5
    endloop
  endfacet
  facet normal 0 1 -0
    outer loop
      vertex 137.474 8.88 82.1084
      vertex 135.343 8.88 82.3891
      vertex 137.5 8.88 82.5
    endloop
  endfacet
  facet normal 0 1 0
    outer loop
      vertex 135.343 8.88 82.3891
      vertex 137.474 8.88 82.1084
      vertex 135.321 8.88 82.28
    endloop
  endfacet
  facet normal 0 1 -0
    outer loop
      vertex 137.398 8.88 81.7235
      vertex 135.321 8.88 82.28
      vertex 137.474 8.88 82.1084
    endloop
  endfacet
  facet normal 0 1 0
    outer loop
      vertex 135.321 8.88 82.28
      vertex 137.398 8.88 81.7235
      vertex 135.285 8.88 82.1747
    endloop
  endfacet
  facet normal 0 1 -0
    outer loop
      vertex 137.272 8.88 81.352
      vertex 135.285 8.88 82.1747
      vertex 137.398 8.88 81.7235
    endloop
  endfacet
  facet normal 0 1 0
    outer loop
      vertex 135.285 8.88 82.1747
      vertex 137.272 8.88 81.352
      vertex 135.236 8.88 82.075
    endloop
  endfacet
  facet normal 0 1 -0
    outer loop
      vertex 137.098 8.88 81
      vertex 135.236 8.88 82.075
      vertex 137.272 8.88 81.352
    endloop
  endfacet
  facet normal 0 1 0
    outer loop
      vertex 135.236 8.88 82.075
      vertex 137.098 8.88 81
      vertex 135.174 8.88 81.9826
    endloop
  endfacet
  facet normal 0 1 -0
    outer loop
      vertex 136.88 8.88 80.6737
      vertex 135.174 8.88 81.9826
      vertex 137.098 8.88 81
    endloop
  endfacet
  facet normal 0 1 0
    outer loop
      vertex 135.174 8.88 81.9826
      vertex 136.88 8.88 80.6737
      vertex 135.101 8.88 81.899
    endloop
  endfacet
  facet normal 0 1 -0
    outer loop
      vertex 136.621 8.88 80.3787
      vertex 135.101 8.88 81.899
      vertex 136.88 8.88 80.6737
    endloop
  endfacet
  facet normal 0 1 0
    outer loop
      vertex 135.101 8.88 81.899
      vertex 136.621 8.88 80.3787
      vertex 135.017 8.88 81.8257
    endloop
  endfacet
  facet normal 0 1 -0
    outer loop
      vertex 136.326 8.88 80.1199
      vertex 135.017 8.88 81.8257
      vertex 136.621 8.88 80.3787
    endloop
  endfacet
  facet normal 0 1 0
    outer loop
      vertex 135.017 8.88 81.8257
      vertex 136.326 8.88 80.1199
      vertex 134.925 8.88 81.7639
    endloop
  endfacet
  facet normal 0 1 -0
    outer loop
      vertex 133.983 8.88 83.1743
      vertex 132.674 8.88 84.8801
      vertex 134.075 8.88 83.2361
    endloop
  endfacet
  facet normal 0 1 0
    outer loop
      vertex 132.674 8.88 84.8801
      vertex 133.983 8.88 83.1743
      vertex 132.379 8.88 84.6213
    endloop
  endfacet
  facet normal 0 1 -0
    outer loop
      vertex 133.899 8.88 83.101
      vertex 132.379 8.88 84.6213
      vertex 133.983 8.88 83.1743
    endloop
  endfacet
  facet normal 0 1 0
    outer loop
      vertex 132.379 8.88 84.6213
      vertex 133.899 8.88 83.101
      vertex 132.12 8.88 84.3263
    endloop
  endfacet
  facet normal 0 1 -0
    outer loop
      vertex 133.826 8.88 83.0174
      vertex 132.12 8.88 84.3263
      vertex 133.899 8.88 83.101
    endloop
  endfacet
  facet normal 0 1 0
    outer loop
      vertex 132.12 8.88 84.3263
      vertex 133.826 8.88 83.0174
      vertex 131.902 8.88 84
    endloop
  endfacet
  facet normal 0 1 -0
    outer loop
      vertex 133.764 8.88 82.925
      vertex 131.902 8.88 84
      vertex 133.826 8.88 83.0174
    endloop
  endfacet
  facet normal 0 1 0
    outer loop
      vertex 131.902 8.88 84
      vertex 133.764 8.88 82.925
      vertex 131.728 8.88 83.648
    endloop
  endfacet
  facet normal 0 1 -0
    outer loop
      vertex 133.715 8.88 82.8253
      vertex 131.728 8.88 83.648
      vertex 133.764 8.88 82.925
    endloop
  endfacet
  facet normal 0 1 0
    outer loop
      vertex 131.728 8.88 83.648
      vertex 133.715 8.88 82.8253
      vertex 131.602 8.88 83.2765
    endloop
  endfacet
  facet normal 0 1 -0
    outer loop
      vertex 133.679 8.88 82.72
      vertex 131.602 8.88 83.2765
      vertex 133.715 8.88 82.8253
    endloop
  endfacet
  facet normal 0 1 0
    outer loop
      vertex 131.602 8.88 83.2765
      vertex 133.679 8.88 82.72
      vertex 131.526 8.88 82.8916
    endloop
  endfacet
  facet normal 0 1 -0
    outer loop
      vertex 133.657 8.88 82.6109
      vertex 131.526 8.88 82.8916
      vertex 133.679 8.88 82.72
    endloop
  endfacet
  facet normal 0 1 -0
    outer loop
      vertex 133.65 8.88 82.5
      vertex 131.526 8.88 82.8916
      vertex 133.657 8.88 82.6109
    endloop
  endfacet
  facet normal 0 1 0
    outer loop
      vertex 133.65 8.88 82.5
      vertex 131.5 8.88 82.5
      vertex 131.526 8.88 82.8916
    endloop
  endfacet
  facet normal 0 1 0
    outer loop
      vertex 133.657 8.88 82.3891
      vertex 131.5 8.88 82.5
      vertex 133.65 8.88 82.5
    endloop
  endfacet
  facet normal 0 1 0
    outer loop
      vertex 131.526 8.88 82.1084
      vertex 133.657 8.88 82.3891
      vertex 133.679 8.88 82.28
    endloop
  endfacet
  facet normal 0 1 0
    outer loop
      vertex 131.602 8.88 81.7235
      vertex 133.679 8.88 82.28
      vertex 133.715 8.88 82.1747
    endloop
  endfacet
  facet normal 0 1 0
    outer loop
      vertex 133.657 8.88 82.3891
      vertex 131.526 8.88 82.1084
      vertex 131.5 8.88 82.5
    endloop
  endfacet
  facet normal 0 1 0
    outer loop
      vertex 131.728 8.88 81.352
      vertex 133.715 8.88 82.1747
      vertex 133.764 8.88 82.075
    endloop
  endfacet
  facet normal 0 1 0
    outer loop
      vertex 131.902 8.88 81
      vertex 133.764 8.88 82.075
      vertex 133.826 8.88 81.9826
    endloop
  endfacet
  facet normal 0 1 0
    outer loop
      vertex 132.12 8.88 80.6737
      vertex 133.826 8.88 81.9826
      vertex 133.899 8.88 81.899
    endloop
  endfacet
  facet normal 0 1 0
    outer loop
      vertex 132.379 8.88 80.3787
      vertex 133.899 8.88 81.899
      vertex 133.983 8.88 81.8257
    endloop
  endfacet
  facet normal 0 1 0
    outer loop
      vertex 132.674 8.88 80.1199
      vertex 133.983 8.88 81.8257
      vertex 134.075 8.88 81.7639
    endloop
  endfacet
  facet normal 0 1 0
    outer loop
      vertex 133.679 8.88 82.28
      vertex 131.602 8.88 81.7235
      vertex 131.526 8.88 82.1084
    endloop
  endfacet
  facet normal 0 1 0
    outer loop
      vertex 133 8.88 79.9019
      vertex 134.075 8.88 81.7639
      vertex 134.175 8.88 81.7147
    endloop
  endfacet
  facet normal 0 1 0
    outer loop
      vertex 133.352 8.88 79.7284
      vertex 134.175 8.88 81.7147
      vertex 134.28 8.88 81.679
    endloop
  endfacet
  facet normal 0 1 0
    outer loop
      vertex 133.724 8.88 79.6022
      vertex 134.28 8.88 81.679
      vertex 134.389 8.88 81.6573
    endloop
  endfacet
  facet normal 0 1 0
    outer loop
      vertex 134.108 8.88 79.5257
      vertex 134.389 8.88 81.6573
      vertex 134.5 8.88 81.65
    endloop
  endfacet
  facet normal 0 1 -0
    outer loop
      vertex 136 8.88 79.9019
      vertex 134.925 8.88 81.7639
      vertex 136.326 8.88 80.1199
    endloop
  endfacet
  facet normal 0 1 0
    outer loop
      vertex 133.715 8.88 82.1747
      vertex 131.728 8.88 81.352
      vertex 131.602 8.88 81.7235
    endloop
  endfacet
  facet normal 0 1 0
    outer loop
      vertex 134.925 8.88 81.7639
      vertex 136 8.88 79.9019
      vertex 134.825 8.88 81.7147
    endloop
  endfacet
  facet normal 0 1 0
    outer loop
      vertex 133.764 8.88 82.075
      vertex 131.902 8.88 81
      vertex 131.728 8.88 81.352
    endloop
  endfacet
  facet normal 0 1 -0
    outer loop
      vertex 135.648 8.88 79.7284
      vertex 134.825 8.88 81.7147
      vertex 136 8.88 79.9019
    endloop
  endfacet
  facet normal 0 1 0
    outer loop
      vertex 133.826 8.88 81.9826
      vertex 132.12 8.88 80.6737
      vertex 131.902 8.88 81
    endloop
  endfacet
  facet normal 0 1 0
    outer loop
      vertex 134.825 8.88 81.7147
      vertex 135.648 8.88 79.7284
      vertex 134.72 8.88 81.679
    endloop
  endfacet
  facet normal 0 1 0
    outer loop
      vertex 133.899 8.88 81.899
      vertex 132.379 8.88 80.3787
      vertex 132.12 8.88 80.6737
    endloop
  endfacet
  facet normal 0 1 -0
    outer loop
      vertex 135.276 8.88 79.6022
      vertex 134.72 8.88 81.679
      vertex 135.648 8.88 79.7284
    endloop
  endfacet
  facet normal 0 1 0
    outer loop
      vertex 133.983 8.88 81.8257
      vertex 132.674 8.88 80.1199
      vertex 132.379 8.88 80.3787
    endloop
  endfacet
  facet normal 0 1 0
    outer loop
      vertex 134.72 8.88 81.679
      vertex 135.276 8.88 79.6022
      vertex 134.611 8.88 81.6573
    endloop
  endfacet
  facet normal 0 1 0
    outer loop
      vertex 134.075 8.88 81.7639
      vertex 133 8.88 79.9019
      vertex 132.674 8.88 80.1199
    endloop
  endfacet
  facet normal 0 1 -0
    outer loop
      vertex 134.892 8.88 79.5257
      vertex 134.611 8.88 81.6573
      vertex 135.276 8.88 79.6022
    endloop
  endfacet
  facet normal 0 1 0
    outer loop
      vertex 134.175 8.88 81.7147
      vertex 133.352 8.88 79.7284
      vertex 133 8.88 79.9019
    endloop
  endfacet
  facet normal 0 1 0
    outer loop
      vertex 134.611 8.88 81.6573
      vertex 134.892 8.88 79.5257
      vertex 134.5 8.88 81.65
    endloop
  endfacet
  facet normal 0 1 0
    outer loop
      vertex 134.28 8.88 81.679
      vertex 133.724 8.88 79.6022
      vertex 133.352 8.88 79.7284
    endloop
  endfacet
  facet normal 0 1 0
    outer loop
      vertex 134.5 8.88 79.5
      vertex 134.5 8.88 81.65
      vertex 134.892 8.88 79.5257
    endloop
  endfacet
  facet normal 0 1 0
    outer loop
      vertex 134.389 8.88 81.6573
      vertex 134.108 8.88 79.5257
      vertex 133.724 8.88 79.6022
    endloop
  endfacet
  facet normal 0 1 0
    outer loop
      vertex 134.5 8.88 81.65
      vertex 134.5 8.88 79.5
      vertex 134.108 8.88 79.5257
    endloop
  endfacet
  facet normal 0.981058 -0 0.193714
    outer loop
      vertex 137.398 3.91 83.2765
      vertex 137.474 8.88 82.8916
      vertex 137.398 8.88 83.2765
    endloop
  endfacet
  facet normal 0.981058 0 0.193714
    outer loop
      vertex 137.474 8.88 82.8916
      vertex 137.398 3.91 83.2765
      vertex 137.474 3.91 82.8916
    endloop
  endfacet
  facet normal 0.659478 0 0.751724
    outer loop
      vertex 136.326 8.88 84.8801
      vertex 136.621 3.91 84.6213
      vertex 136.621 8.88 84.6213
    endloop
  endfacet
  facet normal 0.659478 0 0.751724
    outer loop
      vertex 136.621 3.91 84.6213
      vertex 136.326 8.88 84.8801
      vertex 136.326 3.91 84.8801
    endloop
  endfacet
  facet normal 0.831501 -0 0.555523
    outer loop
      vertex 136.88 3.91 84.3263
      vertex 137.098 8.88 84
      vertex 136.88 8.88 84.3263
    endloop
  endfacet
  facet normal 0.831501 0 0.555523
    outer loop
      vertex 137.098 8.88 84
      vertex 136.88 3.91 84.3263
      vertex 137.098 3.91 84
    endloop
  endfacet
  facet normal -0.555877 0 0.831265
    outer loop
      vertex 132.674 8.88 84.8801
      vertex 133 3.91 85.0981
      vertex 133 8.88 85.0981
    endloop
  endfacet
  facet normal -0.555877 0 0.831265
    outer loop
      vertex 133 3.91 85.0981
      vertex 132.674 8.88 84.8801
      vertex 132.674 3.91 84.8801
    endloop
  endfacet
  facet normal -0.751471 0 0.659766
    outer loop
      vertex 132.12 3.91 84.3263
      vertex 132.379 8.88 84.6213
      vertex 132.12 8.88 84.3263
    endloop
  endfacet
  facet normal -0.751471 0 0.659766
    outer loop
      vertex 132.379 8.88 84.6213
      vertex 132.12 3.91 84.3263
      vertex 132.379 3.91 84.6213
    endloop
  endfacet
  facet normal -0.897467 0 0.441082
    outer loop
      vertex 135.236 3.91 82.075
      vertex 135.285 8.88 82.1747
      vertex 135.236 8.88 82.075
    endloop
  endfacet
  facet normal -0.897467 0 0.441082
    outer loop
      vertex 135.285 8.88 82.1747
      vertex 135.236 3.91 82.075
      vertex 135.285 3.91 82.1747
    endloop
  endfacet
  facet normal -0.830387 0 0.557186
    outer loop
      vertex 135.174 3.91 81.9826
      vertex 135.236 8.88 82.075
      vertex 135.174 8.88 81.9826
    endloop
  endfacet
  facet normal -0.830387 0 0.557186
    outer loop
      vertex 135.236 8.88 82.075
      vertex 135.174 3.91 81.9826
      vertex 135.236 3.91 82.075
    endloop
  endfacet
  facet normal -0.321903 0 0.946773
    outer loop
      vertex 134.72 8.88 81.679
      vertex 134.825 3.91 81.7147
      vertex 134.825 8.88 81.7147
    endloop
  endfacet
  facet normal -0.321903 0 0.946773
    outer loop
      vertex 134.825 3.91 81.7147
      vertex 134.72 8.88 81.679
      vertex 134.72 3.91 81.679
    endloop
  endfacet
  facet normal 0.441462 0 0.89728
    outer loop
      vertex 134.075 8.88 81.7639
      vertex 134.175 3.91 81.7147
      vertex 134.175 8.88 81.7147
    endloop
  endfacet
  facet normal 0.441462 0 0.89728
    outer loop
      vertex 134.175 3.91 81.7147
      vertex 134.075 8.88 81.7639
      vertex 134.075 3.91 81.7639
    endloop
  endfacet
  facet normal 0.897467 -0 0.441082
    outer loop
      vertex 133.715 3.91 82.1747
      vertex 133.764 8.88 82.075
      vertex 133.715 8.88 82.1747
    endloop
  endfacet
  facet normal 0.897467 0 0.441082
    outer loop
      vertex 133.764 8.88 82.075
      vertex 133.715 3.91 82.1747
      vertex 133.764 3.91 82.075
    endloop
  endfacet
  facet normal -0.980268 0 -0.197671
    outer loop
      vertex 135.343 3.91 82.6109
      vertex 135.321 8.88 82.72
      vertex 135.343 8.88 82.6109
    endloop
  endfacet
  facet normal -0.980268 -0 -0.197671
    outer loop
      vertex 135.321 8.88 82.72
      vertex 135.343 3.91 82.6109
      vertex 135.321 3.91 82.72
    endloop
  endfacet
  facet normal -0.441462 0 0.89728
    outer loop
      vertex 134.825 8.88 81.7147
      vertex 134.925 3.91 81.7639
      vertex 134.925 8.88 81.7639
    endloop
  endfacet
  facet normal -0.441462 0 0.89728
    outer loop
      vertex 134.925 3.91 81.7639
      vertex 134.825 8.88 81.7147
      vertex 134.825 3.91 81.7147
    endloop
  endfacet
  facet normal 0.998014 -0 0.0629946
    outer loop
      vertex 133.65 3.91 82.5
      vertex 133.657 8.88 82.3891
      vertex 133.65 8.88 82.5
    endloop
  endfacet
  facet normal 0.998014 0 0.0629946
    outer loop
      vertex 133.657 8.88 82.3891
      vertex 133.65 3.91 82.5
      vertex 133.657 3.91 82.3891
    endloop
  endfacet
  facet normal 0.830387 -0 0.557186
    outer loop
      vertex 133.764 3.91 82.075
      vertex 133.826 8.88 81.9826
      vertex 133.764 8.88 82.075
    endloop
  endfacet
  facet normal 0.830387 0 0.557186
    outer loop
      vertex 133.826 8.88 81.9826
      vertex 133.764 3.91 82.075
      vertex 133.826 3.91 81.9826
    endloop
  endfacet
  facet normal 0.557612 0 0.830102
    outer loop
      vertex 133.983 8.88 81.8257
      vertex 134.075 3.91 81.7639
      vertex 134.075 8.88 81.7639
    endloop
  endfacet
  facet normal 0.557612 0 0.830102
    outer loop
      vertex 134.075 3.91 81.7639
      vertex 133.983 8.88 81.8257
      vertex 133.983 3.91 81.8257
    endloop
  endfacet
  facet normal 0.321903 0 0.946773
    outer loop
      vertex 134.175 8.88 81.7147
      vertex 134.28 3.91 81.679
      vertex 134.28 8.88 81.679
    endloop
  endfacet
  facet normal 0.321903 0 0.946773
    outer loop
      vertex 134.28 3.91 81.679
      vertex 134.175 8.88 81.7147
      vertex 134.175 3.91 81.7147
    endloop
  endfacet
  facet normal -0.998014 0 -0.0629946
    outer loop
      vertex 135.35 3.91 82.5
      vertex 135.343 8.88 82.6109
      vertex 135.35 8.88 82.5
    endloop
  endfacet
  facet normal -0.998014 -0 -0.0629946
    outer loop
      vertex 135.343 8.88 82.6109
      vertex 135.35 3.91 82.5
      vertex 135.343 3.91 82.6109
    endloop
  endfacet
  facet normal -0.946229 0 -0.323497
    outer loop
      vertex 135.321 3.91 82.72
      vertex 135.285 8.88 82.8253
      vertex 135.321 8.88 82.72
    endloop
  endfacet
  facet normal -0.946229 -0 -0.323497
    outer loop
      vertex 135.285 8.88 82.8253
      vertex 135.321 3.91 82.72
      vertex 135.285 3.91 82.8253
    endloop
  endfacet
  facet normal -0.557612 0 -0.830102
    outer loop
      vertex 134.925 3.91 83.2361
      vertex 135.017 8.88 83.1743
      vertex 135.017 3.91 83.1743
    endloop
  endfacet
  facet normal -0.557612 0 -0.830102
    outer loop
      vertex 135.017 8.88 83.1743
      vertex 134.925 3.91 83.2361
      vertex 134.925 8.88 83.2361
    endloop
  endfacet
  facet normal -0.946229 0 0.323497
    outer loop
      vertex 135.285 3.91 82.1747
      vertex 135.321 8.88 82.28
      vertex 135.285 8.88 82.1747
    endloop
  endfacet
  facet normal -0.946229 0 0.323497
    outer loop
      vertex 135.321 8.88 82.28
      vertex 135.285 3.91 82.1747
      vertex 135.321 3.91 82.28
    endloop
  endfacet
  facet normal -0.657488 0 0.753465
    outer loop
      vertex 135.017 8.88 81.8257
      vertex 135.101 3.91 81.899
      vertex 135.101 8.88 81.899
    endloop
  endfacet
  facet normal -0.657488 0 0.753465
    outer loop
      vertex 135.101 3.91 81.899
      vertex 135.017 8.88 81.8257
      vertex 135.017 3.91 81.8257
    endloop
  endfacet
  facet normal 0.065624 0 0.997844
    outer loop
      vertex 134.389 8.88 81.6573
      vertex 134.5 3.91 81.65
      vertex 134.5 8.88 81.65
    endloop
  endfacet
  facet normal 0.065624 0 0.997844
    outer loop
      vertex 134.5 3.91 81.65
      vertex 134.389 8.88 81.6573
      vertex 134.389 3.91 81.6573
    endloop
  endfacet
  facet normal -0.195251 0 0.980753
    outer loop
      vertex 134.611 8.88 81.6573
      vertex 134.72 3.91 81.679
      vertex 134.72 8.88 81.679
    endloop
  endfacet
  facet normal -0.195251 0 0.980753
    outer loop
      vertex 134.72 3.91 81.679
      vertex 134.611 8.88 81.6573
      vertex 134.611 3.91 81.6573
    endloop
  endfacet
  facet normal -0.557612 0 0.830102
    outer loop
      vertex 134.925 8.88 81.7639
      vertex 135.017 3.91 81.8257
      vertex 135.017 8.88 81.8257
    endloop
  endfacet
  facet normal -0.557612 0 0.830102
    outer loop
      vertex 135.017 3.91 81.8257
      vertex 134.925 8.88 81.7639
      vertex 134.925 3.91 81.7639
    endloop
  endfacet
  facet normal 0.946229 -0 0.323497
    outer loop
      vertex 133.679 3.91 82.28
      vertex 133.715 8.88 82.1747
      vertex 133.679 8.88 82.28
    endloop
  endfacet
  facet normal 0.946229 0 0.323497
    outer loop
      vertex 133.715 8.88 82.1747
      vertex 133.679 3.91 82.28
      vertex 133.715 3.91 82.1747
    endloop
  endfacet
  facet normal 0.980268 -0 0.197671
    outer loop
      vertex 133.657 3.91 82.3891
      vertex 133.679 8.88 82.28
      vertex 133.657 8.88 82.3891
    endloop
  endfacet
  facet normal 0.980268 0 0.197671
    outer loop
      vertex 133.679 8.88 82.28
      vertex 133.657 3.91 82.3891
      vertex 133.679 3.91 82.28
    endloop
  endfacet
  facet normal 0.195251 0 0.980753
    outer loop
      vertex 134.28 8.88 81.679
      vertex 134.389 3.91 81.6573
      vertex 134.389 8.88 81.6573
    endloop
  endfacet
  facet normal 0.195251 0 0.980753
    outer loop
      vertex 134.389 3.91 81.6573
      vertex 134.28 8.88 81.679
      vertex 134.28 3.91 81.679
    endloop
  endfacet
  facet normal 0.657488 0 0.753465
    outer loop
      vertex 133.899 8.88 81.899
      vertex 133.983 3.91 81.8257
      vertex 133.983 8.88 81.8257
    endloop
  endfacet
  facet normal 0.657488 0 0.753465
    outer loop
      vertex 133.983 3.91 81.8257
      vertex 133.899 8.88 81.899
      vertex 133.899 3.91 81.899
    endloop
  endfacet
  facet normal 0.753246 -0 0.657739
    outer loop
      vertex 133.826 3.91 81.9826
      vertex 133.899 8.88 81.899
      vertex 133.826 8.88 81.9826
    endloop
  endfacet
  facet normal 0.753246 0 0.657739
    outer loop
      vertex 133.899 8.88 81.899
      vertex 133.826 3.91 81.9826
      vertex 133.899 3.91 81.899
    endloop
  endfacet
  facet normal -0.998014 0 0.0629946
    outer loop
      vertex 135.343 3.91 82.3891
      vertex 135.35 8.88 82.5
      vertex 135.343 8.88 82.3891
    endloop
  endfacet
  facet normal -0.998014 0 0.0629946
    outer loop
      vertex 135.35 8.88 82.5
      vertex 135.343 3.91 82.3891
      vertex 135.35 3.91 82.5
    endloop
  endfacet
  facet normal -0.830387 0 -0.557186
    outer loop
      vertex 135.236 3.91 82.925
      vertex 135.174 8.88 83.0174
      vertex 135.236 8.88 82.925
    endloop
  endfacet
  facet normal -0.830387 -0 -0.557186
    outer loop
      vertex 135.174 8.88 83.0174
      vertex 135.236 3.91 82.925
      vertex 135.174 3.91 83.0174
    endloop
  endfacet
  facet normal 0.998014 0 -0.0629946
    outer loop
      vertex 133.657 3.91 82.6109
      vertex 133.65 8.88 82.5
      vertex 133.657 8.88 82.6109
    endloop
  endfacet
  facet normal 0.998014 0 -0.0629946
    outer loop
      vertex 133.65 8.88 82.5
      vertex 133.657 3.91 82.6109
      vertex 133.65 3.91 82.5
    endloop
  endfacet
  facet normal 0.897467 0 -0.441082
    outer loop
      vertex 133.764 3.91 82.925
      vertex 133.715 8.88 82.8253
      vertex 133.764 8.88 82.925
    endloop
  endfacet
  facet normal 0.897467 0 -0.441082
    outer loop
      vertex 133.715 8.88 82.8253
      vertex 133.764 3.91 82.925
      vertex 133.715 3.91 82.8253
    endloop
  endfacet
  facet normal -0.195251 0 -0.980753
    outer loop
      vertex 134.611 3.91 83.3427
      vertex 134.72 8.88 83.321
      vertex 134.72 3.91 83.321
    endloop
  endfacet
  facet normal -0.195251 0 -0.980753
    outer loop
      vertex 134.72 8.88 83.321
      vertex 134.611 3.91 83.3427
      vertex 134.611 8.88 83.3427
    endloop
  endfacet
  facet normal -0.657488 0 -0.753465
    outer loop
      vertex 135.017 3.91 83.1743
      vertex 135.101 8.88 83.101
      vertex 135.101 3.91 83.101
    endloop
  endfacet
  facet normal -0.657488 0 -0.753465
    outer loop
      vertex 135.101 8.88 83.101
      vertex 135.017 3.91 83.1743
      vertex 135.017 8.88 83.1743
    endloop
  endfacet
  facet normal -0.980268 0 0.197671
    outer loop
      vertex 135.321 3.91 82.28
      vertex 135.343 8.88 82.3891
      vertex 135.321 8.88 82.28
    endloop
  endfacet
  facet normal -0.980268 0 0.197671
    outer loop
      vertex 135.343 8.88 82.3891
      vertex 135.321 3.91 82.28
      vertex 135.343 3.91 82.3891
    endloop
  endfacet
  facet normal -0.753246 0 0.657739
    outer loop
      vertex 135.101 3.91 81.899
      vertex 135.174 8.88 81.9826
      vertex 135.101 8.88 81.899
    endloop
  endfacet
  facet normal -0.753246 0 0.657739
    outer loop
      vertex 135.174 8.88 81.9826
      vertex 135.101 3.91 81.899
      vertex 135.174 3.91 81.9826
    endloop
  endfacet
  facet normal -0.065624 0 0.997844
    outer loop
      vertex 134.5 8.88 81.65
      vertex 134.611 3.91 81.6573
      vertex 134.611 8.88 81.6573
    endloop
  endfacet
  facet normal -0.065624 0 0.997844
    outer loop
      vertex 134.611 3.91 81.6573
      vertex 134.5 8.88 81.65
      vertex 134.5 3.91 81.65
    endloop
  endfacet
  facet normal -0.897467 0 -0.441082
    outer loop
      vertex 135.285 3.91 82.8253
      vertex 135.236 8.88 82.925
      vertex 135.285 8.88 82.8253
    endloop
  endfacet
  facet normal -0.897467 -0 -0.441082
    outer loop
      vertex 135.236 8.88 82.925
      vertex 135.285 3.91 82.8253
      vertex 135.236 3.91 82.925
    endloop
  endfacet
  facet normal 0.946229 0 -0.323497
    outer loop
      vertex 133.715 3.91 82.8253
      vertex 133.679 8.88 82.72
      vertex 133.715 8.88 82.8253
    endloop
  endfacet
  facet normal 0.946229 0 -0.323497
    outer loop
      vertex 133.679 8.88 82.72
      vertex 133.715 3.91 82.8253
      vertex 133.679 3.91 82.72
    endloop
  endfacet
  facet normal 0.980268 0 -0.197671
    outer loop
      vertex 133.679 3.91 82.72
      vertex 133.657 8.88 82.6109
      vertex 133.679 8.88 82.72
    endloop
  endfacet
  facet normal 0.980268 0 -0.197671
    outer loop
      vertex 133.657 8.88 82.6109
      vertex 133.679 3.91 82.72
      vertex 133.657 3.91 82.6109
    endloop
  endfacet
  facet normal -0.441462 0 -0.89728
    outer loop
      vertex 134.825 3.91 83.2853
      vertex 134.925 8.88 83.2361
      vertex 134.925 3.91 83.2361
    endloop
  endfacet
  facet normal -0.441462 0 -0.89728
    outer loop
      vertex 134.925 8.88 83.2361
      vertex 134.825 3.91 83.2853
      vertex 134.825 8.88 83.2853
    endloop
  endfacet
  facet normal -0.321903 0 -0.946773
    outer loop
      vertex 134.72 3.91 83.321
      vertex 134.825 8.88 83.2853
      vertex 134.825 3.91 83.2853
    endloop
  endfacet
  facet normal -0.321903 0 -0.946773
    outer loop
      vertex 134.825 8.88 83.2853
      vertex 134.72 3.91 83.321
      vertex 134.72 8.88 83.321
    endloop
  endfacet
  facet normal -0.753246 0 -0.657739
    outer loop
      vertex 135.174 3.91 83.0174
      vertex 135.101 8.88 83.101
      vertex 135.174 8.88 83.0174
    endloop
  endfacet
  facet normal -0.753246 -0 -0.657739
    outer loop
      vertex 135.101 8.88 83.101
      vertex 135.174 3.91 83.0174
      vertex 135.101 3.91 83.101
    endloop
  endfacet
  facet normal 0.321903 0 -0.946773
    outer loop
      vertex 134.175 3.91 83.2853
      vertex 134.28 8.88 83.321
      vertex 134.28 3.91 83.321
    endloop
  endfacet
  facet normal 0.321903 0 -0.946773
    outer loop
      vertex 134.28 8.88 83.321
      vertex 134.175 3.91 83.2853
      vertex 134.175 8.88 83.2853
    endloop
  endfacet
  facet normal -0.065624 0 -0.997844
    outer loop
      vertex 134.5 3.91 83.35
      vertex 134.611 8.88 83.3427
      vertex 134.611 3.91 83.3427
    endloop
  endfacet
  facet normal -0.065624 0 -0.997844
    outer loop
      vertex 134.611 8.88 83.3427
      vertex 134.5 3.91 83.35
      vertex 134.5 8.88 83.35
    endloop
  endfacet
  facet normal 0.065624 0 -0.997844
    outer loop
      vertex 134.389 3.91 83.3427
      vertex 134.5 8.88 83.35
      vertex 134.5 3.91 83.35
    endloop
  endfacet
  facet normal 0.065624 0 -0.997844
    outer loop
      vertex 134.5 8.88 83.35
      vertex 134.389 3.91 83.3427
      vertex 134.389 8.88 83.3427
    endloop
  endfacet
  facet normal 0.195251 0 -0.980753
    outer loop
      vertex 134.28 3.91 83.321
      vertex 134.389 8.88 83.3427
      vertex 134.389 3.91 83.3427
    endloop
  endfacet
  facet normal 0.195251 0 -0.980753
    outer loop
      vertex 134.389 8.88 83.3427
      vertex 134.28 3.91 83.321
      vertex 134.28 8.88 83.321
    endloop
  endfacet
  facet normal 0.753246 0 -0.657739
    outer loop
      vertex 133.899 3.91 83.101
      vertex 133.826 8.88 83.0174
      vertex 133.899 8.88 83.101
    endloop
  endfacet
  facet normal 0.753246 0 -0.657739
    outer loop
      vertex 133.826 8.88 83.0174
      vertex 133.899 3.91 83.101
      vertex 133.826 3.91 83.0174
    endloop
  endfacet
  facet normal 0.657488 0 -0.753465
    outer loop
      vertex 133.899 3.91 83.101
      vertex 133.983 8.88 83.1743
      vertex 133.983 3.91 83.1743
    endloop
  endfacet
  facet normal 0.657488 0 -0.753465
    outer loop
      vertex 133.983 8.88 83.1743
      vertex 133.899 3.91 83.101
      vertex 133.899 8.88 83.101
    endloop
  endfacet
  facet normal 0.557612 0 -0.830102
    outer loop
      vertex 133.983 3.91 83.1743
      vertex 134.075 8.88 83.2361
      vertex 134.075 3.91 83.2361
    endloop
  endfacet
  facet normal 0.557612 0 -0.830102
    outer loop
      vertex 134.075 8.88 83.2361
      vertex 133.983 3.91 83.1743
      vertex 133.983 8.88 83.1743
    endloop
  endfacet
  facet normal 0.830387 0 -0.557186
    outer loop
      vertex 133.826 3.91 83.0174
      vertex 133.764 8.88 82.925
      vertex 133.826 8.88 83.0174
    endloop
  endfacet
  facet normal 0.830387 0 -0.557186
    outer loop
      vertex 133.764 8.88 82.925
      vertex 133.826 3.91 83.0174
      vertex 133.764 3.91 82.925
    endloop
  endfacet
  facet normal 0.441462 0 -0.89728
    outer loop
      vertex 134.075 3.91 83.2361
      vertex 134.175 8.88 83.2853
      vertex 134.175 3.91 83.2853
    endloop
  endfacet
  facet normal 0.441462 0 -0.89728
    outer loop
      vertex 134.175 8.88 83.2853
      vertex 134.075 3.91 83.2361
      vertex 134.075 8.88 83.2361
    endloop
  endfacet
  facet normal 0.659478 0 -0.751724
    outer loop
      vertex 187.326 3.91 51.1199
      vertex 187.621 8.88 51.3787
      vertex 187.621 3.91 51.3787
    endloop
  endfacet
  facet normal 0.659478 0 -0.751724
    outer loop
      vertex 187.621 8.88 51.3787
      vertex 187.326 3.91 51.1199
      vertex 187.326 8.88 51.1199
    endloop
  endfacet
  facet normal -0.321264 0 0.94699
    outer loop
      vertex 184.352 8.88 56.2716
      vertex 184.724 3.91 56.3978
      vertex 184.724 8.88 56.3978
    endloop
  endfacet
  facet normal -0.321264 0 0.94699
    outer loop
      vertex 184.724 3.91 56.3978
      vertex 184.352 8.88 56.2716
      vertex 184.352 3.91 56.2716
    endloop
  endfacet
  facet normal -0.321264 0 -0.94699
    outer loop
      vertex 184.352 3.91 50.7284
      vertex 184.724 8.88 50.6022
      vertex 184.724 3.91 50.6022
    endloop
  endfacet
  facet normal -0.321264 0 -0.94699
    outer loop
      vertex 184.724 8.88 50.6022
      vertex 184.352 3.91 50.7284
      vertex 184.352 8.88 50.7284
    endloop
  endfacet
  facet normal -0.896455 0 -0.443134
    outer loop
      vertex 182.902 3.91 52
      vertex 182.728 8.88 52.352
      vertex 182.902 8.88 52
    endloop
  endfacet
  facet normal -0.896455 -0 -0.443134
    outer loop
      vertex 182.728 8.88 52.352
      vertex 182.902 3.91 52
      vertex 182.728 3.91 52.352
    endloop
  endfacet
  facet normal 0.896455 0 -0.443134
    outer loop
      vertex 188.272 3.91 52.352
      vertex 188.098 8.88 52
      vertex 188.272 8.88 52.352
    endloop
  endfacet
  facet normal 0.896455 0 -0.443134
    outer loop
      vertex 188.098 8.88 52
      vertex 188.272 3.91 52.352
      vertex 188.098 3.91 52
    endloop
  endfacet
  facet normal 0.981058 0 -0.193714
    outer loop
      vertex 188.474 3.91 53.1084
      vertex 188.398 8.88 52.7235
      vertex 188.474 8.88 53.1084
    endloop
  endfacet
  facet normal 0.981058 0 -0.193714
    outer loop
      vertex 188.398 8.88 52.7235
      vertex 188.474 3.91 53.1084
      vertex 188.398 3.91 52.7235
    endloop
  endfacet
  facet normal 0.831501 0 -0.555523
    outer loop
      vertex 188.098 3.91 52
      vertex 187.88 8.88 51.6737
      vertex 188.098 8.88 52
    endloop
  endfacet
  facet normal 0.831501 0 -0.555523
    outer loop
      vertex 187.88 8.88 51.6737
      vertex 188.098 3.91 52
      vertex 187.88 3.91 51.6737
    endloop
  endfacet
  facet normal 0.751471 0 -0.659766
    outer loop
      vertex 187.88 3.91 51.6737
      vertex 187.621 8.88 51.3787
      vertex 187.88 8.88 51.6737
    endloop
  endfacet
  facet normal 0.751471 0 -0.659766
    outer loop
      vertex 187.621 8.88 51.3787
      vertex 187.88 3.91 51.6737
      vertex 187.621 3.91 51.3787
    endloop
  endfacet
  facet normal 0.44211 0 -0.896961
    outer loop
      vertex 186.648 3.91 50.7284
      vertex 187 8.88 50.9019
      vertex 187 3.91 50.9019
    endloop
  endfacet
  facet normal 0.44211 0 -0.896961
    outer loop
      vertex 187 8.88 50.9019
      vertex 186.648 3.91 50.7284
      vertex 186.648 8.88 50.7284
    endloop
  endfacet
  facet normal 0.195379 0 -0.980728
    outer loop
      vertex 185.892 3.91 50.5257
      vertex 186.276 8.88 50.6022
      vertex 186.276 3.91 50.6022
    endloop
  endfacet
  facet normal 0.195379 0 -0.980728
    outer loop
      vertex 186.276 8.88 50.6022
      vertex 185.892 3.91 50.5257
      vertex 185.892 8.88 50.5257
    endloop
  endfacet
  facet normal -0.981058 0 -0.193714
    outer loop
      vertex 182.602 3.91 52.7235
      vertex 182.526 8.88 53.1084
      vertex 182.602 8.88 52.7235
    endloop
  endfacet
  facet normal -0.981058 -0 -0.193714
    outer loop
      vertex 182.526 8.88 53.1084
      vertex 182.602 3.91 52.7235
      vertex 182.526 3.91 53.1084
    endloop
  endfacet
  facet normal -0.751471 0 -0.659766
    outer loop
      vertex 183.379 3.91 51.3787
      vertex 183.12 8.88 51.6737
      vertex 183.379 8.88 51.3787
    endloop
  endfacet
  facet normal -0.751471 -0 -0.659766
    outer loop
      vertex 183.12 8.88 51.6737
      vertex 183.379 3.91 51.3787
      vertex 183.12 3.91 51.6737
    endloop
  endfacet
  facet normal -0.44211 0 -0.896961
    outer loop
      vertex 184 3.91 50.9019
      vertex 184.352 8.88 50.7284
      vertex 184.352 3.91 50.7284
    endloop
  endfacet
  facet normal -0.44211 0 -0.896961
    outer loop
      vertex 184.352 8.88 50.7284
      vertex 184 3.91 50.9019
      vertex 184 8.88 50.9019
    endloop
  endfacet
  facet normal -0.195379 0 -0.980728
    outer loop
      vertex 184.724 3.91 50.6022
      vertex 185.108 8.88 50.5257
      vertex 185.108 3.91 50.5257
    endloop
  endfacet
  facet normal -0.195379 0 -0.980728
    outer loop
      vertex 185.108 8.88 50.5257
      vertex 184.724 3.91 50.6022
      vertex 184.724 8.88 50.6022
    endloop
  endfacet
  facet normal 0.997803 -0 0.0662484
    outer loop
      vertex 188.474 3.91 53.8916
      vertex 188.5 8.88 53.5
      vertex 188.474 8.88 53.8916
    endloop
  endfacet
  facet normal 0.997803 0 0.0662484
    outer loop
      vertex 188.5 8.88 53.5
      vertex 188.474 3.91 53.8916
      vertex 188.5 3.91 53.5
    endloop
  endfacet
  facet normal 0.321264 0 0.94699
    outer loop
      vertex 186.276 8.88 56.3978
      vertex 186.648 3.91 56.2716
      vertex 186.648 8.88 56.2716
    endloop
  endfacet
  facet normal 0.321264 0 0.94699
    outer loop
      vertex 186.648 3.91 56.2716
      vertex 186.276 8.88 56.3978
      vertex 186.276 3.91 56.3978
    endloop
  endfacet
  facet normal 0.44211 0 0.896961
    outer loop
      vertex 186.648 8.88 56.2716
      vertex 187 3.91 56.0981
      vertex 187 8.88 56.0981
    endloop
  endfacet
  facet normal 0.44211 0 0.896961
    outer loop
      vertex 187 3.91 56.0981
      vertex 186.648 8.88 56.2716
      vertex 186.648 3.91 56.2716
    endloop
  endfacet
  facet normal 0.751471 -0 0.659766
    outer loop
      vertex 187.621 3.91 55.6213
      vertex 187.88 8.88 55.3263
      vertex 187.621 8.88 55.6213
    endloop
  endfacet
  facet normal 0.751471 0 0.659766
    outer loop
      vertex 187.88 8.88 55.3263
      vertex 187.621 3.91 55.6213
      vertex 187.88 3.91 55.3263
    endloop
  endfacet
  facet normal -0.195379 0 0.980728
    outer loop
      vertex 184.724 8.88 56.3978
      vertex 185.108 3.91 56.4743
      vertex 185.108 8.88 56.4743
    endloop
  endfacet
  facet normal -0.195379 0 0.980728
    outer loop
      vertex 185.108 3.91 56.4743
      vertex 184.724 8.88 56.3978
      vertex 184.724 3.91 56.3978
    endloop
  endfacet
  facet normal -0.659478 0 0.751724
    outer loop
      vertex 183.379 8.88 55.6213
      vertex 183.674 3.91 55.8801
      vertex 183.674 8.88 55.8801
    endloop
  endfacet
  facet normal -0.659478 0 0.751724
    outer loop
      vertex 183.674 3.91 55.8801
      vertex 183.379 8.88 55.6213
      vertex 183.379 3.91 55.6213
    endloop
  endfacet
  facet normal -0.896455 0 0.443134
    outer loop
      vertex 182.728 3.91 54.648
      vertex 182.902 8.88 55
      vertex 182.728 8.88 54.648
    endloop
  endfacet
  facet normal -0.896455 0 0.443134
    outer loop
      vertex 182.902 8.88 55
      vertex 182.728 3.91 54.648
      vertex 182.902 3.91 55
    endloop
  endfacet
  facet normal -0.981058 0 0.193714
    outer loop
      vertex 182.526 3.91 53.8916
      vertex 182.602 8.88 54.2765
      vertex 182.526 8.88 53.8916
    endloop
  endfacet
  facet normal -0.981058 0 0.193714
    outer loop
      vertex 182.602 8.88 54.2765
      vertex 182.526 3.91 53.8916
      vertex 182.602 3.91 54.2765
    endloop
  endfacet
  facet normal 0.947013 0 -0.321194
    outer loop
      vertex 188.398 3.91 52.7235
      vertex 188.272 8.88 52.352
      vertex 188.398 8.88 52.7235
    endloop
  endfacet
  facet normal 0.947013 0 -0.321194
    outer loop
      vertex 188.272 8.88 52.352
      vertex 188.398 3.91 52.7235
      vertex 188.272 3.91 52.352
    endloop
  endfacet
  facet normal 0.555877 0 -0.831265
    outer loop
      vertex 187 3.91 50.9019
      vertex 187.326 8.88 51.1199
      vertex 187.326 3.91 51.1199
    endloop
  endfacet
  facet normal 0.555877 0 -0.831265
    outer loop
      vertex 187.326 8.88 51.1199
      vertex 187 3.91 50.9019
      vertex 187 8.88 50.9019
    endloop
  endfacet
  facet normal 0.0654208 0 -0.997858
    outer loop
      vertex 185.5 3.91 50.5
      vertex 185.892 8.88 50.5257
      vertex 185.892 3.91 50.5257
    endloop
  endfacet
  facet normal 0.0654208 0 -0.997858
    outer loop
      vertex 185.892 8.88 50.5257
      vertex 185.5 3.91 50.5
      vertex 185.5 8.88 50.5
    endloop
  endfacet
  facet normal 0.321264 0 -0.94699
    outer loop
      vertex 186.276 3.91 50.6022
      vertex 186.648 8.88 50.7284
      vertex 186.648 3.91 50.7284
    endloop
  endfacet
  facet normal 0.321264 0 -0.94699
    outer loop
      vertex 186.648 8.88 50.7284
      vertex 186.276 3.91 50.6022
      vertex 186.276 8.88 50.6022
    endloop
  endfacet
  facet normal -0.997803 0 -0.0662484
    outer loop
      vertex 182.526 3.91 53.1084
      vertex 182.5 8.88 53.5
      vertex 182.526 8.88 53.1084
    endloop
  endfacet
  facet normal -0.997803 -0 -0.0662484
    outer loop
      vertex 182.5 8.88 53.5
      vertex 182.526 3.91 53.1084
      vertex 182.5 3.91 53.5
    endloop
  endfacet
  facet normal -0.947013 0 -0.321194
    outer loop
      vertex 182.728 3.91 52.352
      vertex 182.602 8.88 52.7235
      vertex 182.728 8.88 52.352
    endloop
  endfacet
  facet normal -0.947013 -0 -0.321194
    outer loop
      vertex 182.602 8.88 52.7235
      vertex 182.728 3.91 52.352
      vertex 182.602 3.91 52.7235
    endloop
  endfacet
  facet normal -0.831501 0 -0.555523
    outer loop
      vertex 183.12 3.91 51.6737
      vertex 182.902 8.88 52
      vertex 183.12 8.88 51.6737
    endloop
  endfacet
  facet normal -0.831501 -0 -0.555523
    outer loop
      vertex 182.902 8.88 52
      vertex 183.12 3.91 51.6737
      vertex 182.902 3.91 52
    endloop
  endfacet
  facet normal -0.0654208 0 -0.997858
    outer loop
      vertex 185.108 3.91 50.5257
      vertex 185.5 8.88 50.5
      vertex 185.5 3.91 50.5
    endloop
  endfacet
  facet normal -0.0654208 0 -0.997858
    outer loop
      vertex 185.5 8.88 50.5
      vertex 185.108 3.91 50.5257
      vertex 185.108 8.88 50.5257
    endloop
  endfacet
  facet normal -0.555877 0 -0.831265
    outer loop
      vertex 183.674 3.91 51.1199
      vertex 184 8.88 50.9019
      vertex 184 3.91 50.9019
    endloop
  endfacet
  facet normal -0.555877 0 -0.831265
    outer loop
      vertex 184 8.88 50.9019
      vertex 183.674 3.91 51.1199
      vertex 183.674 8.88 51.1199
    endloop
  endfacet
  facet normal -0.659478 0 -0.751724
    outer loop
      vertex 183.379 3.91 51.3787
      vertex 183.674 8.88 51.1199
      vertex 183.674 3.91 51.1199
    endloop
  endfacet
  facet normal -0.659478 0 -0.751724
    outer loop
      vertex 183.674 8.88 51.1199
      vertex 183.379 3.91 51.3787
      vertex 183.379 8.88 51.3787
    endloop
  endfacet
  facet normal 0.997803 0 -0.0662484
    outer loop
      vertex 188.5 3.91 53.5
      vertex 188.474 8.88 53.1084
      vertex 188.5 8.88 53.5
    endloop
  endfacet
  facet normal 0.997803 0 -0.0662484
    outer loop
      vertex 188.474 8.88 53.1084
      vertex 188.5 3.91 53.5
      vertex 188.474 3.91 53.1084
    endloop
  endfacet
  facet normal 0.0654208 0 0.997858
    outer loop
      vertex 185.5 8.88 56.5
      vertex 185.892 3.91 56.4743
      vertex 185.892 8.88 56.4743
    endloop
  endfacet
  facet normal 0.0654208 0 0.997858
    outer loop
      vertex 185.892 3.91 56.4743
      vertex 185.5 8.88 56.5
      vertex 185.5 3.91 56.5
    endloop
  endfacet
  facet normal 0.947013 -0 0.321194
    outer loop
      vertex 188.272 3.91 54.648
      vertex 188.398 8.88 54.2765
      vertex 188.272 8.88 54.648
    endloop
  endfacet
  facet normal 0.947013 0 0.321194
    outer loop
      vertex 188.398 8.88 54.2765
      vertex 188.272 3.91 54.648
      vertex 188.398 3.91 54.2765
    endloop
  endfacet
  facet normal 0.195379 0 0.980728
    outer loop
      vertex 185.892 8.88 56.4743
      vertex 186.276 3.91 56.3978
      vertex 186.276 8.88 56.3978
    endloop
  endfacet
  facet normal 0.195379 0 0.980728
    outer loop
      vertex 186.276 3.91 56.3978
      vertex 185.892 8.88 56.4743
      vertex 185.892 3.91 56.4743
    endloop
  endfacet
  facet normal 0.555877 0 0.831265
    outer loop
      vertex 187 8.88 56.0981
      vertex 187.326 3.91 55.8801
      vertex 187.326 8.88 55.8801
    endloop
  endfacet
  facet normal 0.555877 0 0.831265
    outer loop
      vertex 187.326 3.91 55.8801
      vertex 187 8.88 56.0981
      vertex 187 3.91 56.0981
    endloop
  endfacet
  facet normal 0.896455 -0 0.443134
    outer loop
      vertex 188.098 3.91 55
      vertex 188.272 8.88 54.648
      vertex 188.098 8.88 55
    endloop
  endfacet
  facet normal 0.896455 0 0.443134
    outer loop
      vertex 188.272 8.88 54.648
      vertex 188.098 3.91 55
      vertex 188.272 3.91 54.648
    endloop
  endfacet
  facet normal -0.0654208 0 0.997858
    outer loop
      vertex 185.108 8.88 56.4743
      vertex 185.5 3.91 56.5
      vertex 185.5 8.88 56.5
    endloop
  endfacet
  facet normal -0.0654208 0 0.997858
    outer loop
      vertex 185.5 3.91 56.5
      vertex 185.108 8.88 56.4743
      vertex 185.108 3.91 56.4743
    endloop
  endfacet
  facet normal -0.44211 0 0.896961
    outer loop
      vertex 184 8.88 56.0981
      vertex 184.352 3.91 56.2716
      vertex 184.352 8.88 56.2716
    endloop
  endfacet
  facet normal -0.44211 0 0.896961
    outer loop
      vertex 184.352 3.91 56.2716
      vertex 184 8.88 56.0981
      vertex 184 3.91 56.0981
    endloop
  endfacet
  facet normal -0.947013 0 0.321194
    outer loop
      vertex 182.602 3.91 54.2765
      vertex 182.728 8.88 54.648
      vertex 182.602 8.88 54.2765
    endloop
  endfacet
  facet normal -0.947013 0 0.321194
    outer loop
      vertex 182.728 8.88 54.648
      vertex 182.602 3.91 54.2765
      vertex 182.728 3.91 54.648
    endloop
  endfacet
  facet normal -0.997803 0 0.0662484
    outer loop
      vertex 182.5 3.91 53.5
      vertex 182.526 8.88 53.8916
      vertex 182.5 8.88 53.5
    endloop
  endfacet
  facet normal -0.997803 0 0.0662484
    outer loop
      vertex 182.526 8.88 53.8916
      vertex 182.5 3.91 53.5
      vertex 182.526 3.91 53.8916
    endloop
  endfacet
  facet normal -0.831501 0 0.555523
    outer loop
      vertex 182.902 3.91 55
      vertex 183.12 8.88 55.3263
      vertex 182.902 8.88 55
    endloop
  endfacet
  facet normal -0.831501 0 0.555523
    outer loop
      vertex 183.12 8.88 55.3263
      vertex 182.902 3.91 55
      vertex 183.12 3.91 55.3263
    endloop
  endfacet
  facet normal 0 1 0
    outer loop
      vertex 185.5 8.88 54.35
      vertex 185.5 8.88 56.5
      vertex 185.892 8.88 56.4743
    endloop
  endfacet
  facet normal 0 1 0
    outer loop
      vertex 185.611 8.88 54.3427
      vertex 185.892 8.88 56.4743
      vertex 186.276 8.88 56.3978
    endloop
  endfacet
  facet normal 0 1 0
    outer loop
      vertex 185.5 8.88 56.5
      vertex 185.5 8.88 54.35
      vertex 185.108 8.88 56.4743
    endloop
  endfacet
  facet normal 0 1 0
    outer loop
      vertex 185.72 8.88 54.321
      vertex 186.276 8.88 56.3978
      vertex 186.648 8.88 56.2716
    endloop
  endfacet
  facet normal 0 1 -0
    outer loop
      vertex 185.389 8.88 54.3427
      vertex 185.108 8.88 56.4743
      vertex 185.5 8.88 54.35
    endloop
  endfacet
  facet normal 0 1 0
    outer loop
      vertex 185.825 8.88 54.2853
      vertex 186.648 8.88 56.2716
      vertex 187 8.88 56.0981
    endloop
  endfacet
  facet normal 0 1 0
    outer loop
      vertex 185.108 8.88 56.4743
      vertex 185.389 8.88 54.3427
      vertex 184.724 8.88 56.3978
    endloop
  endfacet
  facet normal 0 1 0
    outer loop
      vertex 185.925 8.88 54.2361
      vertex 187 8.88 56.0981
      vertex 187.326 8.88 55.8801
    endloop
  endfacet
  facet normal 0 1 -0
    outer loop
      vertex 185.28 8.88 54.321
      vertex 184.724 8.88 56.3978
      vertex 185.389 8.88 54.3427
    endloop
  endfacet
  facet normal 0 1 0
    outer loop
      vertex 186.017 8.88 54.1744
      vertex 187.326 8.88 55.8801
      vertex 187.621 8.88 55.6213
    endloop
  endfacet
  facet normal 0 1 0
    outer loop
      vertex 184.724 8.88 56.3978
      vertex 185.28 8.88 54.321
      vertex 184.352 8.88 56.2716
    endloop
  endfacet
  facet normal 0 1 0
    outer loop
      vertex 186.101 8.88 54.101
      vertex 187.621 8.88 55.6213
      vertex 187.88 8.88 55.3263
    endloop
  endfacet
  facet normal 0 1 -0
    outer loop
      vertex 185.175 8.88 54.2853
      vertex 184.352 8.88 56.2716
      vertex 185.28 8.88 54.321
    endloop
  endfacet
  facet normal 0 1 0
    outer loop
      vertex 186.174 8.88 54.0174
      vertex 187.88 8.88 55.3263
      vertex 188.098 8.88 55
    endloop
  endfacet
  facet normal 0 1 0
    outer loop
      vertex 184.352 8.88 56.2716
      vertex 185.175 8.88 54.2853
      vertex 184 8.88 56.0981
    endloop
  endfacet
  facet normal 0 1 0
    outer loop
      vertex 186.236 8.88 53.925
      vertex 188.098 8.88 55
      vertex 188.272 8.88 54.648
    endloop
  endfacet
  facet normal 0 1 -0
    outer loop
      vertex 185.075 8.88 54.2361
      vertex 184 8.88 56.0981
      vertex 185.175 8.88 54.2853
    endloop
  endfacet
  facet normal 0 1 0
    outer loop
      vertex 184 8.88 56.0981
      vertex 185.075 8.88 54.2361
      vertex 183.674 8.88 55.8801
    endloop
  endfacet
  facet normal 0 1 0
    outer loop
      vertex 185.892 8.88 56.4743
      vertex 185.611 8.88 54.3427
      vertex 185.5 8.88 54.35
    endloop
  endfacet
  facet normal 0 1 0
    outer loop
      vertex 186.276 8.88 56.3978
      vertex 185.72 8.88 54.321
      vertex 185.611 8.88 54.3427
    endloop
  endfacet
  facet normal 0 1 0
    outer loop
      vertex 186.648 8.88 56.2716
      vertex 185.825 8.88 54.2853
      vertex 185.72 8.88 54.321
    endloop
  endfacet
  facet normal 0 1 0
    outer loop
      vertex 186.285 8.88 53.8253
      vertex 188.272 8.88 54.648
      vertex 188.398 8.88 54.2765
    endloop
  endfacet
  facet normal 0 1 0
    outer loop
      vertex 187 8.88 56.0981
      vertex 185.925 8.88 54.2361
      vertex 185.825 8.88 54.2853
    endloop
  endfacet
  facet normal 0 1 0
    outer loop
      vertex 187.326 8.88 55.8801
      vertex 186.017 8.88 54.1744
      vertex 185.925 8.88 54.2361
    endloop
  endfacet
  facet normal 0 1 0
    outer loop
      vertex 187.621 8.88 55.6213
      vertex 186.101 8.88 54.101
      vertex 186.017 8.88 54.1744
    endloop
  endfacet
  facet normal 0 1 0
    outer loop
      vertex 187.88 8.88 55.3263
      vertex 186.174 8.88 54.0174
      vertex 186.101 8.88 54.101
    endloop
  endfacet
  facet normal 0 1 0
    outer loop
      vertex 188.098 8.88 55
      vertex 186.236 8.88 53.925
      vertex 186.174 8.88 54.0174
    endloop
  endfacet
  facet normal 0 1 0
    outer loop
      vertex 186.321 8.88 53.72
      vertex 188.398 8.88 54.2765
      vertex 188.474 8.88 53.8916
    endloop
  endfacet
  facet normal 0 1 0
    outer loop
      vertex 188.272 8.88 54.648
      vertex 186.285 8.88 53.8253
      vertex 186.236 8.88 53.925
    endloop
  endfacet
  facet normal 0 1 0
    outer loop
      vertex 188.398 8.88 54.2765
      vertex 186.321 8.88 53.72
      vertex 186.285 8.88 53.8253
    endloop
  endfacet
  facet normal 0 1 0
    outer loop
      vertex 188.474 8.88 53.8916
      vertex 186.343 8.88 53.6109
      vertex 186.321 8.88 53.72
    endloop
  endfacet
  facet normal 0 1 0
    outer loop
      vertex 188.5 8.88 53.5
      vertex 186.343 8.88 53.6109
      vertex 188.474 8.88 53.8916
    endloop
  endfacet
  facet normal 0 1 0
    outer loop
      vertex 188.5 8.88 53.5
      vertex 186.35 8.88 53.5
      vertex 186.343 8.88 53.6109
    endloop
  endfacet
  facet normal 0 1 0
    outer loop
      vertex 188.5 8.88 53.5
      vertex 186.343 8.88 53.3891
      vertex 186.35 8.88 53.5
    endloop
  endfacet
  facet normal 0 1 -0
    outer loop
      vertex 188.474 8.88 53.1084
      vertex 186.343 8.88 53.3891
      vertex 188.5 8.88 53.5
    endloop
  endfacet
  facet normal 0 1 0
    outer loop
      vertex 186.343 8.88 53.3891
      vertex 188.474 8.88 53.1084
      vertex 186.321 8.88 53.28
    endloop
  endfacet
  facet normal 0 1 -0
    outer loop
      vertex 188.398 8.88 52.7235
      vertex 186.321 8.88 53.28
      vertex 188.474 8.88 53.1084
    endloop
  endfacet
  facet normal 0 1 0
    outer loop
      vertex 186.321 8.88 53.28
      vertex 188.398 8.88 52.7235
      vertex 186.285 8.88 53.1747
    endloop
  endfacet
  facet normal 0 1 -0
    outer loop
      vertex 188.272 8.88 52.352
      vertex 186.285 8.88 53.1747
      vertex 188.398 8.88 52.7235
    endloop
  endfacet
  facet normal 0 1 0
    outer loop
      vertex 186.285 8.88 53.1747
      vertex 188.272 8.88 52.352
      vertex 186.236 8.88 53.075
    endloop
  endfacet
  facet normal 0 1 -0
    outer loop
      vertex 188.098 8.88 52
      vertex 186.236 8.88 53.075
      vertex 188.272 8.88 52.352
    endloop
  endfacet
  facet normal 0 1 0
    outer loop
      vertex 186.236 8.88 53.075
      vertex 188.098 8.88 52
      vertex 186.174 8.88 52.9826
    endloop
  endfacet
  facet normal 0 1 -0
    outer loop
      vertex 187.88 8.88 51.6737
      vertex 186.174 8.88 52.9826
      vertex 188.098 8.88 52
    endloop
  endfacet
  facet normal 0 1 0
    outer loop
      vertex 186.174 8.88 52.9826
      vertex 187.88 8.88 51.6737
      vertex 186.101 8.88 52.899
    endloop
  endfacet
  facet normal 0 1 -0
    outer loop
      vertex 187.621 8.88 51.3787
      vertex 186.101 8.88 52.899
      vertex 187.88 8.88 51.6737
    endloop
  endfacet
  facet normal 0 1 0
    outer loop
      vertex 186.101 8.88 52.899
      vertex 187.621 8.88 51.3787
      vertex 186.017 8.88 52.8256
    endloop
  endfacet
  facet normal 0 1 -0
    outer loop
      vertex 187.326 8.88 51.1199
      vertex 186.017 8.88 52.8256
      vertex 187.621 8.88 51.3787
    endloop
  endfacet
  facet normal 0 1 0
    outer loop
      vertex 186.017 8.88 52.8256
      vertex 187.326 8.88 51.1199
      vertex 185.925 8.88 52.7639
    endloop
  endfacet
  facet normal 0 1 -0
    outer loop
      vertex 184.983 8.88 54.1744
      vertex 183.674 8.88 55.8801
      vertex 185.075 8.88 54.2361
    endloop
  endfacet
  facet normal 0 1 0
    outer loop
      vertex 183.674 8.88 55.8801
      vertex 184.983 8.88 54.1744
      vertex 183.379 8.88 55.6213
    endloop
  endfacet
  facet normal 0 1 -0
    outer loop
      vertex 184.899 8.88 54.101
      vertex 183.379 8.88 55.6213
      vertex 184.983 8.88 54.1744
    endloop
  endfacet
  facet normal 0 1 0
    outer loop
      vertex 183.379 8.88 55.6213
      vertex 184.899 8.88 54.101
      vertex 183.12 8.88 55.3263
    endloop
  endfacet
  facet normal 0 1 -0
    outer loop
      vertex 184.826 8.88 54.0174
      vertex 183.12 8.88 55.3263
      vertex 184.899 8.88 54.101
    endloop
  endfacet
  facet normal 0 1 0
    outer loop
      vertex 183.12 8.88 55.3263
      vertex 184.826 8.88 54.0174
      vertex 182.902 8.88 55
    endloop
  endfacet
  facet normal 0 1 -0
    outer loop
      vertex 184.764 8.88 53.925
      vertex 182.902 8.88 55
      vertex 184.826 8.88 54.0174
    endloop
  endfacet
  facet normal 0 1 0
    outer loop
      vertex 182.902 8.88 55
      vertex 184.764 8.88 53.925
      vertex 182.728 8.88 54.648
    endloop
  endfacet
  facet normal 0 1 -0
    outer loop
      vertex 184.715 8.88 53.8253
      vertex 182.728 8.88 54.648
      vertex 184.764 8.88 53.925
    endloop
  endfacet
  facet normal 0 1 0
    outer loop
      vertex 182.728 8.88 54.648
      vertex 184.715 8.88 53.8253
      vertex 182.602 8.88 54.2765
    endloop
  endfacet
  facet normal 0 1 -0
    outer loop
      vertex 184.679 8.88 53.72
      vertex 182.602 8.88 54.2765
      vertex 184.715 8.88 53.8253
    endloop
  endfacet
  facet normal 0 1 0
    outer loop
      vertex 182.602 8.88 54.2765
      vertex 184.679 8.88 53.72
      vertex 182.526 8.88 53.8916
    endloop
  endfacet
  facet normal 0 1 -0
    outer loop
      vertex 184.657 8.88 53.6109
      vertex 182.526 8.88 53.8916
      vertex 184.679 8.88 53.72
    endloop
  endfacet
  facet normal 0 1 -0
    outer loop
      vertex 184.65 8.88 53.5
      vertex 182.526 8.88 53.8916
      vertex 184.657 8.88 53.6109
    endloop
  endfacet
  facet normal 0 1 0
    outer loop
      vertex 184.65 8.88 53.5
      vertex 182.5 8.88 53.5
      vertex 182.526 8.88 53.8916
    endloop
  endfacet
  facet normal 0 1 0
    outer loop
      vertex 184.657 8.88 53.3891
      vertex 182.5 8.88 53.5
      vertex 184.65 8.88 53.5
    endloop
  endfacet
  facet normal 0 1 0
    outer loop
      vertex 182.526 8.88 53.1084
      vertex 184.657 8.88 53.3891
      vertex 184.679 8.88 53.28
    endloop
  endfacet
  facet normal 0 1 0
    outer loop
      vertex 182.602 8.88 52.7235
      vertex 184.679 8.88 53.28
      vertex 184.715 8.88 53.1747
    endloop
  endfacet
  facet normal 0 1 0
    outer loop
      vertex 184.657 8.88 53.3891
      vertex 182.526 8.88 53.1084
      vertex 182.5 8.88 53.5
    endloop
  endfacet
  facet normal 0 1 0
    outer loop
      vertex 182.728 8.88 52.352
      vertex 184.715 8.88 53.1747
      vertex 184.764 8.88 53.075
    endloop
  endfacet
  facet normal 0 1 0
    outer loop
      vertex 182.902 8.88 52
      vertex 184.764 8.88 53.075
      vertex 184.826 8.88 52.9826
    endloop
  endfacet
  facet normal 0 1 0
    outer loop
      vertex 183.12 8.88 51.6737
      vertex 184.826 8.88 52.9826
      vertex 184.899 8.88 52.899
    endloop
  endfacet
  facet normal 0 1 0
    outer loop
      vertex 183.379 8.88 51.3787
      vertex 184.899 8.88 52.899
      vertex 184.983 8.88 52.8256
    endloop
  endfacet
  facet normal 0 1 0
    outer loop
      vertex 183.674 8.88 51.1199
      vertex 184.983 8.88 52.8256
      vertex 185.075 8.88 52.7639
    endloop
  endfacet
  facet normal 0 1 0
    outer loop
      vertex 184.679 8.88 53.28
      vertex 182.602 8.88 52.7235
      vertex 182.526 8.88 53.1084
    endloop
  endfacet
  facet normal 0 1 0
    outer loop
      vertex 184 8.88 50.9019
      vertex 185.075 8.88 52.7639
      vertex 185.175 8.88 52.7147
    endloop
  endfacet
  facet normal 0 1 0
    outer loop
      vertex 184.352 8.88 50.7284
      vertex 185.175 8.88 52.7147
      vertex 185.28 8.88 52.679
    endloop
  endfacet
  facet normal 0 1 0
    outer loop
      vertex 184.724 8.88 50.6022
      vertex 185.28 8.88 52.679
      vertex 185.389 8.88 52.6573
    endloop
  endfacet
  facet normal 0 1 0
    outer loop
      vertex 185.108 8.88 50.5257
      vertex 185.389 8.88 52.6573
      vertex 185.5 8.88 52.65
    endloop
  endfacet
  facet normal 0 1 -0
    outer loop
      vertex 187 8.88 50.9019
      vertex 185.925 8.88 52.7639
      vertex 187.326 8.88 51.1199
    endloop
  endfacet
  facet normal 0 1 0
    outer loop
      vertex 184.715 8.88 53.1747
      vertex 182.728 8.88 52.352
      vertex 182.602 8.88 52.7235
    endloop
  endfacet
  facet normal 0 1 0
    outer loop
      vertex 185.925 8.88 52.7639
      vertex 187 8.88 50.9019
      vertex 185.825 8.88 52.7147
    endloop
  endfacet
  facet normal 0 1 0
    outer loop
      vertex 184.764 8.88 53.075
      vertex 182.902 8.88 52
      vertex 182.728 8.88 52.352
    endloop
  endfacet
  facet normal 0 1 -0
    outer loop
      vertex 186.648 8.88 50.7284
      vertex 185.825 8.88 52.7147
      vertex 187 8.88 50.9019
    endloop
  endfacet
  facet normal 0 1 0
    outer loop
      vertex 184.826 8.88 52.9826
      vertex 183.12 8.88 51.6737
      vertex 182.902 8.88 52
    endloop
  endfacet
  facet normal 0 1 0
    outer loop
      vertex 185.825 8.88 52.7147
      vertex 186.648 8.88 50.7284
      vertex 185.72 8.88 52.679
    endloop
  endfacet
  facet normal 0 1 0
    outer loop
      vertex 184.899 8.88 52.899
      vertex 183.379 8.88 51.3787
      vertex 183.12 8.88 51.6737
    endloop
  endfacet
  facet normal 0 1 -0
    outer loop
      vertex 186.276 8.88 50.6022
      vertex 185.72 8.88 52.679
      vertex 186.648 8.88 50.7284
    endloop
  endfacet
  facet normal 0 1 0
    outer loop
      vertex 184.983 8.88 52.8256
      vertex 183.674 8.88 51.1199
      vertex 183.379 8.88 51.3787
    endloop
  endfacet
  facet normal 0 1 0
    outer loop
      vertex 185.72 8.88 52.679
      vertex 186.276 8.88 50.6022
      vertex 185.611 8.88 52.6573
    endloop
  endfacet
  facet normal 0 1 0
    outer loop
      vertex 185.075 8.88 52.7639
      vertex 184 8.88 50.9019
      vertex 183.674 8.88 51.1199
    endloop
  endfacet
  facet normal 0 1 -0
    outer loop
      vertex 185.892 8.88 50.5257
      vertex 185.611 8.88 52.6573
      vertex 186.276 8.88 50.6022
    endloop
  endfacet
  facet normal 0 1 0
    outer loop
      vertex 185.175 8.88 52.7147
      vertex 184.352 8.88 50.7284
      vertex 184 8.88 50.9019
    endloop
  endfacet
  facet normal 0 1 0
    outer loop
      vertex 185.611 8.88 52.6573
      vertex 185.892 8.88 50.5257
      vertex 185.5 8.88 52.65
    endloop
  endfacet
  facet normal 0 1 0
    outer loop
      vertex 185.28 8.88 52.679
      vertex 184.724 8.88 50.6022
      vertex 184.352 8.88 50.7284
    endloop
  endfacet
  facet normal 0 1 0
    outer loop
      vertex 185.5 8.88 50.5
      vertex 185.5 8.88 52.65
      vertex 185.892 8.88 50.5257
    endloop
  endfacet
  facet normal 0 1 0
    outer loop
      vertex 185.389 8.88 52.6573
      vertex 185.108 8.88 50.5257
      vertex 184.724 8.88 50.6022
    endloop
  endfacet
  facet normal 0 1 0
    outer loop
      vertex 185.5 8.88 52.65
      vertex 185.5 8.88 50.5
      vertex 185.108 8.88 50.5257
    endloop
  endfacet
  facet normal 0.981058 -0 0.193714
    outer loop
      vertex 188.398 3.91 54.2765
      vertex 188.474 8.88 53.8916
      vertex 188.398 8.88 54.2765
    endloop
  endfacet
  facet normal 0.981058 0 0.193714
    outer loop
      vertex 188.474 8.88 53.8916
      vertex 188.398 3.91 54.2765
      vertex 188.474 3.91 53.8916
    endloop
  endfacet
  facet normal 0.659478 0 0.751724
    outer loop
      vertex 187.326 8.88 55.8801
      vertex 187.621 3.91 55.6213
      vertex 187.621 8.88 55.6213
    endloop
  endfacet
  facet normal 0.659478 0 0.751724
    outer loop
      vertex 187.621 3.91 55.6213
      vertex 187.326 8.88 55.8801
      vertex 187.326 3.91 55.8801
    endloop
  endfacet
  facet normal 0.831501 -0 0.555523
    outer loop
      vertex 187.88 3.91 55.3263
      vertex 188.098 8.88 55
      vertex 187.88 8.88 55.3263
    endloop
  endfacet
  facet normal 0.831501 0 0.555523
    outer loop
      vertex 188.098 8.88 55
      vertex 187.88 3.91 55.3263
      vertex 188.098 3.91 55
    endloop
  endfacet
  facet normal -0.555877 0 0.831265
    outer loop
      vertex 183.674 8.88 55.8801
      vertex 184 3.91 56.0981
      vertex 184 8.88 56.0981
    endloop
  endfacet
  facet normal -0.555877 0 0.831265
    outer loop
      vertex 184 3.91 56.0981
      vertex 183.674 8.88 55.8801
      vertex 183.674 3.91 55.8801
    endloop
  endfacet
  facet normal -0.751471 0 0.659766
    outer loop
      vertex 183.12 3.91 55.3263
      vertex 183.379 8.88 55.6213
      vertex 183.12 8.88 55.3263
    endloop
  endfacet
  facet normal -0.751471 0 0.659766
    outer loop
      vertex 183.379 8.88 55.6213
      vertex 183.12 3.91 55.3263
      vertex 183.379 3.91 55.6213
    endloop
  endfacet
  facet normal -0.897467 0 0.441082
    outer loop
      vertex 186.236 3.91 53.075
      vertex 186.285 8.88 53.1747
      vertex 186.236 8.88 53.075
    endloop
  endfacet
  facet normal -0.897467 0 0.441082
    outer loop
      vertex 186.285 8.88 53.1747
      vertex 186.236 3.91 53.075
      vertex 186.285 3.91 53.1747
    endloop
  endfacet
  facet normal -0.830387 0 0.557186
    outer loop
      vertex 186.174 3.91 52.9826
      vertex 186.236 8.88 53.075
      vertex 186.174 8.88 52.9826
    endloop
  endfacet
  facet normal -0.830387 0 0.557186
    outer loop
      vertex 186.236 8.88 53.075
      vertex 186.174 3.91 52.9826
      vertex 186.236 3.91 53.075
    endloop
  endfacet
  facet normal -0.321903 0 0.946773
    outer loop
      vertex 185.72 8.88 52.679
      vertex 185.825 3.91 52.7147
      vertex 185.825 8.88 52.7147
    endloop
  endfacet
  facet normal -0.321903 0 0.946773
    outer loop
      vertex 185.825 3.91 52.7147
      vertex 185.72 8.88 52.679
      vertex 185.72 3.91 52.679
    endloop
  endfacet
  facet normal 0.441462 0 0.89728
    outer loop
      vertex 185.075 8.88 52.7639
      vertex 185.175 3.91 52.7147
      vertex 185.175 8.88 52.7147
    endloop
  endfacet
  facet normal 0.441462 0 0.89728
    outer loop
      vertex 185.175 3.91 52.7147
      vertex 185.075 8.88 52.7639
      vertex 185.075 3.91 52.7639
    endloop
  endfacet
  facet normal 0.897467 -0 0.441082
    outer loop
      vertex 184.715 3.91 53.1747
      vertex 184.764 8.88 53.075
      vertex 184.715 8.88 53.1747
    endloop
  endfacet
  facet normal 0.897467 0 0.441082
    outer loop
      vertex 184.764 8.88 53.075
      vertex 184.715 3.91 53.1747
      vertex 184.764 3.91 53.075
    endloop
  endfacet
  facet normal -0.980268 0 -0.197671
    outer loop
      vertex 186.343 3.91 53.6109
      vertex 186.321 8.88 53.72
      vertex 186.343 8.88 53.6109
    endloop
  endfacet
  facet normal -0.980268 -0 -0.197671
    outer loop
      vertex 186.321 8.88 53.72
      vertex 186.343 3.91 53.6109
      vertex 186.321 3.91 53.72
    endloop
  endfacet
  facet normal -0.441462 0 0.89728
    outer loop
      vertex 185.825 8.88 52.7147
      vertex 185.925 3.91 52.7639
      vertex 185.925 8.88 52.7639
    endloop
  endfacet
  facet normal -0.441462 0 0.89728
    outer loop
      vertex 185.925 3.91 52.7639
      vertex 185.825 8.88 52.7147
      vertex 185.825 3.91 52.7147
    endloop
  endfacet
  facet normal 0.998014 -0 0.0629946
    outer loop
      vertex 184.65 3.91 53.5
      vertex 184.657 8.88 53.3891
      vertex 184.65 8.88 53.5
    endloop
  endfacet
  facet normal 0.998014 0 0.0629946
    outer loop
      vertex 184.657 8.88 53.3891
      vertex 184.65 3.91 53.5
      vertex 184.657 3.91 53.3891
    endloop
  endfacet
  facet normal 0.830387 -0 0.557186
    outer loop
      vertex 184.764 3.91 53.075
      vertex 184.826 8.88 52.9826
      vertex 184.764 8.88 53.075
    endloop
  endfacet
  facet normal 0.830387 0 0.557186
    outer loop
      vertex 184.826 8.88 52.9826
      vertex 184.764 3.91 53.075
      vertex 184.826 3.91 52.9826
    endloop
  endfacet
  facet normal 0.55699 0 0.830519
    outer loop
      vertex 184.983 8.88 52.8256
      vertex 185.075 3.91 52.7639
      vertex 185.075 8.88 52.7639
    endloop
  endfacet
  facet normal 0.55699 0 0.830519
    outer loop
      vertex 185.075 3.91 52.7639
      vertex 184.983 8.88 52.8256
      vertex 184.983 3.91 52.8256
    endloop
  endfacet
  facet normal 0.321903 0 0.946773
    outer loop
      vertex 185.175 8.88 52.7147
      vertex 185.28 3.91 52.679
      vertex 185.28 8.88 52.679
    endloop
  endfacet
  facet normal 0.321903 0 0.946773
    outer loop
      vertex 185.28 3.91 52.679
      vertex 185.175 8.88 52.7147
      vertex 185.175 3.91 52.7147
    endloop
  endfacet
  facet normal -0.998014 0 -0.0629946
    outer loop
      vertex 186.35 3.91 53.5
      vertex 186.343 8.88 53.6109
      vertex 186.35 8.88 53.5
    endloop
  endfacet
  facet normal -0.998014 -0 -0.0629946
    outer loop
      vertex 186.343 8.88 53.6109
      vertex 186.35 3.91 53.5
      vertex 186.343 3.91 53.6109
    endloop
  endfacet
  facet normal -0.946229 0 -0.323497
    outer loop
      vertex 186.321 3.91 53.72
      vertex 186.285 8.88 53.8253
      vertex 186.321 8.88 53.72
    endloop
  endfacet
  facet normal -0.946229 -0 -0.323497
    outer loop
      vertex 186.285 8.88 53.8253
      vertex 186.321 3.91 53.72
      vertex 186.285 3.91 53.8253
    endloop
  endfacet
  facet normal -0.55699 0 -0.830519
    outer loop
      vertex 185.925 3.91 54.2361
      vertex 186.017 8.88 54.1744
      vertex 186.017 3.91 54.1744
    endloop
  endfacet
  facet normal -0.55699 0 -0.830519
    outer loop
      vertex 186.017 8.88 54.1744
      vertex 185.925 3.91 54.2361
      vertex 185.925 8.88 54.2361
    endloop
  endfacet
  facet normal -0.946229 0 0.323497
    outer loop
      vertex 186.285 3.91 53.1747
      vertex 186.321 8.88 53.28
      vertex 186.285 8.88 53.1747
    endloop
  endfacet
  facet normal -0.946229 0 0.323497
    outer loop
      vertex 186.321 8.88 53.28
      vertex 186.285 3.91 53.1747
      vertex 186.321 3.91 53.28
    endloop
  endfacet
  facet normal -0.657997 0 0.753021
    outer loop
      vertex 186.017 8.88 52.8256
      vertex 186.101 3.91 52.899
      vertex 186.101 8.88 52.899
    endloop
  endfacet
  facet normal -0.657997 0 0.753021
    outer loop
      vertex 186.101 3.91 52.899
      vertex 186.017 8.88 52.8256
      vertex 186.017 3.91 52.8256
    endloop
  endfacet
  facet normal 0.065624 0 0.997844
    outer loop
      vertex 185.389 8.88 52.6573
      vertex 185.5 3.91 52.65
      vertex 185.5 8.88 52.65
    endloop
  endfacet
  facet normal 0.065624 0 0.997844
    outer loop
      vertex 185.5 3.91 52.65
      vertex 185.389 8.88 52.6573
      vertex 185.389 3.91 52.6573
    endloop
  endfacet
  facet normal -0.195251 0 0.980753
    outer loop
      vertex 185.611 8.88 52.6573
      vertex 185.72 3.91 52.679
      vertex 185.72 8.88 52.679
    endloop
  endfacet
  facet normal -0.195251 0 0.980753
    outer loop
      vertex 185.72 3.91 52.679
      vertex 185.611 8.88 52.6573
      vertex 185.611 3.91 52.6573
    endloop
  endfacet
  facet normal -0.55699 0 0.830519
    outer loop
      vertex 185.925 8.88 52.7639
      vertex 186.017 3.91 52.8256
      vertex 186.017 8.88 52.8256
    endloop
  endfacet
  facet normal -0.55699 0 0.830519
    outer loop
      vertex 186.017 3.91 52.8256
      vertex 185.925 8.88 52.7639
      vertex 185.925 3.91 52.7639
    endloop
  endfacet
  facet normal 0.946229 -0 0.323497
    outer loop
      vertex 184.679 3.91 53.28
      vertex 184.715 8.88 53.1747
      vertex 184.679 8.88 53.28
    endloop
  endfacet
  facet normal 0.946229 0 0.323497
    outer loop
      vertex 184.715 8.88 53.1747
      vertex 184.679 3.91 53.28
      vertex 184.715 3.91 53.1747
    endloop
  endfacet
  facet normal 0.980268 -0 0.197671
    outer loop
      vertex 184.657 3.91 53.3891
      vertex 184.679 8.88 53.28
      vertex 184.657 8.88 53.3891
    endloop
  endfacet
  facet normal 0.980268 0 0.197671
    outer loop
      vertex 184.679 8.88 53.28
      vertex 184.657 3.91 53.3891
      vertex 184.679 3.91 53.28
    endloop
  endfacet
  facet normal 0.195251 0 0.980753
    outer loop
      vertex 185.28 8.88 52.679
      vertex 185.389 3.91 52.6573
      vertex 185.389 8.88 52.6573
    endloop
  endfacet
  facet normal 0.195251 0 0.980753
    outer loop
      vertex 185.389 3.91 52.6573
      vertex 185.28 8.88 52.679
      vertex 185.28 3.91 52.679
    endloop
  endfacet
  facet normal 0.657997 0 0.753021
    outer loop
      vertex 184.899 8.88 52.899
      vertex 184.983 3.91 52.8256
      vertex 184.983 8.88 52.8256
    endloop
  endfacet
  facet normal 0.657997 0 0.753021
    outer loop
      vertex 184.983 3.91 52.8256
      vertex 184.899 8.88 52.899
      vertex 184.899 3.91 52.899
    endloop
  endfacet
  facet normal 0.753246 -0 0.657739
    outer loop
      vertex 184.826 3.91 52.9826
      vertex 184.899 8.88 52.899
      vertex 184.826 8.88 52.9826
    endloop
  endfacet
  facet normal 0.753246 0 0.657739
    outer loop
      vertex 184.899 8.88 52.899
      vertex 184.826 3.91 52.9826
      vertex 184.899 3.91 52.899
    endloop
  endfacet
  facet normal -0.998014 0 0.0629946
    outer loop
      vertex 186.343 3.91 53.3891
      vertex 186.35 8.88 53.5
      vertex 186.343 8.88 53.3891
    endloop
  endfacet
  facet normal -0.998014 0 0.0629946
    outer loop
      vertex 186.35 8.88 53.5
      vertex 186.343 3.91 53.3891
      vertex 186.35 3.91 53.5
    endloop
  endfacet
  facet normal -0.830387 0 -0.557186
    outer loop
      vertex 186.236 3.91 53.925
      vertex 186.174 8.88 54.0174
      vertex 186.236 8.88 53.925
    endloop
  endfacet
  facet normal -0.830387 -0 -0.557186
    outer loop
      vertex 186.174 8.88 54.0174
      vertex 186.236 3.91 53.925
      vertex 186.174 3.91 54.0174
    endloop
  endfacet
  facet normal 0.998014 0 -0.0629946
    outer loop
      vertex 184.657 3.91 53.6109
      vertex 184.65 8.88 53.5
      vertex 184.657 8.88 53.6109
    endloop
  endfacet
  facet normal 0.998014 0 -0.0629946
    outer loop
      vertex 184.65 8.88 53.5
      vertex 184.657 3.91 53.6109
      vertex 184.65 3.91 53.5
    endloop
  endfacet
  facet normal 0.897467 0 -0.441082
    outer loop
      vertex 184.764 3.91 53.925
      vertex 184.715 8.88 53.8253
      vertex 184.764 8.88 53.925
    endloop
  endfacet
  facet normal 0.897467 0 -0.441082
    outer loop
      vertex 184.715 8.88 53.8253
      vertex 184.764 3.91 53.925
      vertex 184.715 3.91 53.8253
    endloop
  endfacet
  facet normal -0.195251 0 -0.980753
    outer loop
      vertex 185.611 3.91 54.3427
      vertex 185.72 8.88 54.321
      vertex 185.72 3.91 54.321
    endloop
  endfacet
  facet normal -0.195251 0 -0.980753
    outer loop
      vertex 185.72 8.88 54.321
      vertex 185.611 3.91 54.3427
      vertex 185.611 8.88 54.3427
    endloop
  endfacet
  facet normal -0.657997 0 -0.753021
    outer loop
      vertex 186.017 3.91 54.1744
      vertex 186.101 8.88 54.101
      vertex 186.101 3.91 54.101
    endloop
  endfacet
  facet normal -0.657997 0 -0.753021
    outer loop
      vertex 186.101 8.88 54.101
      vertex 186.017 3.91 54.1744
      vertex 186.017 8.88 54.1744
    endloop
  endfacet
  facet normal -0.980268 0 0.197671
    outer loop
      vertex 186.321 3.91 53.28
      vertex 186.343 8.88 53.3891
      vertex 186.321 8.88 53.28
    endloop
  endfacet
  facet normal -0.980268 0 0.197671
    outer loop
      vertex 186.343 8.88 53.3891
      vertex 186.321 3.91 53.28
      vertex 186.343 3.91 53.3891
    endloop
  endfacet
  facet normal -0.753246 0 0.657739
    outer loop
      vertex 186.101 3.91 52.899
      vertex 186.174 8.88 52.9826
      vertex 186.101 8.88 52.899
    endloop
  endfacet
  facet normal -0.753246 0 0.657739
    outer loop
      vertex 186.174 8.88 52.9826
      vertex 186.101 3.91 52.899
      vertex 186.174 3.91 52.9826
    endloop
  endfacet
  facet normal -0.065624 0 0.997844
    outer loop
      vertex 185.5 8.88 52.65
      vertex 185.611 3.91 52.6573
      vertex 185.611 8.88 52.6573
    endloop
  endfacet
  facet normal -0.065624 0 0.997844
    outer loop
      vertex 185.611 3.91 52.6573
      vertex 185.5 8.88 52.65
      vertex 185.5 3.91 52.65
    endloop
  endfacet
  facet normal -0.897467 0 -0.441082
    outer loop
      vertex 186.285 3.91 53.8253
      vertex 186.236 8.88 53.925
      vertex 186.285 8.88 53.8253
    endloop
  endfacet
  facet normal -0.897467 -0 -0.441082
    outer loop
      vertex 186.236 8.88 53.925
      vertex 186.285 3.91 53.8253
      vertex 186.236 3.91 53.925
    endloop
  endfacet
  facet normal 0.946229 0 -0.323497
    outer loop
      vertex 184.715 3.91 53.8253
      vertex 184.679 8.88 53.72
      vertex 184.715 8.88 53.8253
    endloop
  endfacet
  facet normal 0.946229 0 -0.323497
    outer loop
      vertex 184.679 8.88 53.72
      vertex 184.715 3.91 53.8253
      vertex 184.679 3.91 53.72
    endloop
  endfacet
  facet normal 0.980268 0 -0.197671
    outer loop
      vertex 184.679 3.91 53.72
      vertex 184.657 8.88 53.6109
      vertex 184.679 8.88 53.72
    endloop
  endfacet
  facet normal 0.980268 0 -0.197671
    outer loop
      vertex 184.657 8.88 53.6109
      vertex 184.679 3.91 53.72
      vertex 184.657 3.91 53.6109
    endloop
  endfacet
  facet normal -0.441462 0 -0.89728
    outer loop
      vertex 185.825 3.91 54.2853
      vertex 185.925 8.88 54.2361
      vertex 185.925 3.91 54.2361
    endloop
  endfacet
  facet normal -0.441462 0 -0.89728
    outer loop
      vertex 185.925 8.88 54.2361
      vertex 185.825 3.91 54.2853
      vertex 185.825 8.88 54.2853
    endloop
  endfacet
  facet normal -0.321903 0 -0.946773
    outer loop
      vertex 185.72 3.91 54.321
      vertex 185.825 8.88 54.2853
      vertex 185.825 3.91 54.2853
    endloop
  endfacet
  facet normal -0.321903 0 -0.946773
    outer loop
      vertex 185.825 8.88 54.2853
      vertex 185.72 3.91 54.321
      vertex 185.72 8.88 54.321
    endloop
  endfacet
  facet normal -0.753246 0 -0.657739
    outer loop
      vertex 186.174 3.91 54.0174
      vertex 186.101 8.88 54.101
      vertex 186.174 8.88 54.0174
    endloop
  endfacet
  facet normal -0.753246 -0 -0.657739
    outer loop
      vertex 186.101 8.88 54.101
      vertex 186.174 3.91 54.0174
      vertex 186.101 3.91 54.101
    endloop
  endfacet
  facet normal 0.321903 0 -0.946773
    outer loop
      vertex 185.175 3.91 54.2853
      vertex 185.28 8.88 54.321
      vertex 185.28 3.91 54.321
    endloop
  endfacet
  facet normal 0.321903 0 -0.946773
    outer loop
      vertex 185.28 8.88 54.321
      vertex 185.175 3.91 54.2853
      vertex 185.175 8.88 54.2853
    endloop
  endfacet
  facet normal -0.065624 0 -0.997844
    outer loop
      vertex 185.5 3.91 54.35
      vertex 185.611 8.88 54.3427
      vertex 185.611 3.91 54.3427
    endloop
  endfacet
  facet normal -0.065624 0 -0.997844
    outer loop
      vertex 185.611 8.88 54.3427
      vertex 185.5 3.91 54.35
      vertex 185.5 8.88 54.35
    endloop
  endfacet
  facet normal 0.065624 0 -0.997844
    outer loop
      vertex 185.389 3.91 54.3427
      vertex 185.5 8.88 54.35
      vertex 185.5 3.91 54.35
    endloop
  endfacet
  facet normal 0.065624 0 -0.997844
    outer loop
      vertex 185.5 8.88 54.35
      vertex 185.389 3.91 54.3427
      vertex 185.389 8.88 54.3427
    endloop
  endfacet
  facet normal 0.195251 0 -0.980753
    outer loop
      vertex 185.28 3.91 54.321
      vertex 185.389 8.88 54.3427
      vertex 185.389 3.91 54.3427
    endloop
  endfacet
  facet normal 0.195251 0 -0.980753
    outer loop
      vertex 185.389 8.88 54.3427
      vertex 185.28 3.91 54.321
      vertex 185.28 8.88 54.321
    endloop
  endfacet
  facet normal 0.753246 0 -0.657739
    outer loop
      vertex 184.899 3.91 54.101
      vertex 184.826 8.88 54.0174
      vertex 184.899 8.88 54.101
    endloop
  endfacet
  facet normal 0.753246 0 -0.657739
    outer loop
      vertex 184.826 8.88 54.0174
      vertex 184.899 3.91 54.101
      vertex 184.826 3.91 54.0174
    endloop
  endfacet
  facet normal 0.657997 0 -0.753021
    outer loop
      vertex 184.899 3.91 54.101
      vertex 184.983 8.88 54.1744
      vertex 184.983 3.91 54.1744
    endloop
  endfacet
  facet normal 0.657997 0 -0.753021
    outer loop
      vertex 184.983 8.88 54.1744
      vertex 184.899 3.91 54.101
      vertex 184.899 8.88 54.101
    endloop
  endfacet
  facet normal 0.55699 0 -0.830519
    outer loop
      vertex 184.983 3.91 54.1744
      vertex 185.075 8.88 54.2361
      vertex 185.075 3.91 54.2361
    endloop
  endfacet
  facet normal 0.55699 0 -0.830519
    outer loop
      vertex 185.075 8.88 54.2361
      vertex 184.983 3.91 54.1744
      vertex 184.983 8.88 54.1744
    endloop
  endfacet
  facet normal 0.830387 0 -0.557186
    outer loop
      vertex 184.826 3.91 54.0174
      vertex 184.764 8.88 53.925
      vertex 184.826 8.88 54.0174
    endloop
  endfacet
  facet normal 0.830387 0 -0.557186
    outer loop
      vertex 184.764 8.88 53.925
      vertex 184.826 3.91 54.0174
      vertex 184.764 3.91 53.925
    endloop
  endfacet
  facet normal 0.441462 0 -0.89728
    outer loop
      vertex 185.075 3.91 54.2361
      vertex 185.175 8.88 54.2853
      vertex 185.175 3.91 54.2853
    endloop
  endfacet
  facet normal 0.441462 0 -0.89728
    outer loop
      vertex 185.175 8.88 54.2853
      vertex 185.075 3.91 54.2361
      vertex 185.075 8.88 54.2361
    endloop
  endfacet
  facet normal 0.659478 0 -0.751724
    outer loop
      vertex 187.326 3.91 80.1199
      vertex 187.621 8.88 80.3787
      vertex 187.621 3.91 80.3787
    endloop
  endfacet
  facet normal 0.659478 0 -0.751724
    outer loop
      vertex 187.621 8.88 80.3787
      vertex 187.326 3.91 80.1199
      vertex 187.326 8.88 80.1199
    endloop
  endfacet
  facet normal -0.321264 0 0.94699
    outer loop
      vertex 184.352 8.88 85.2716
      vertex 184.724 3.91 85.3978
      vertex 184.724 8.88 85.3978
    endloop
  endfacet
  facet normal -0.321264 0 0.94699
    outer loop
      vertex 184.724 3.91 85.3978
      vertex 184.352 8.88 85.2716
      vertex 184.352 3.91 85.2716
    endloop
  endfacet
  facet normal -0.321264 0 -0.94699
    outer loop
      vertex 184.352 3.91 79.7284
      vertex 184.724 8.88 79.6022
      vertex 184.724 3.91 79.6022
    endloop
  endfacet
  facet normal -0.321264 0 -0.94699
    outer loop
      vertex 184.724 8.88 79.6022
      vertex 184.352 3.91 79.7284
      vertex 184.352 8.88 79.7284
    endloop
  endfacet
  facet normal -0.896455 0 -0.443134
    outer loop
      vertex 182.902 3.91 81
      vertex 182.728 8.88 81.352
      vertex 182.902 8.88 81
    endloop
  endfacet
  facet normal -0.896455 -0 -0.443134
    outer loop
      vertex 182.728 8.88 81.352
      vertex 182.902 3.91 81
      vertex 182.728 3.91 81.352
    endloop
  endfacet
  facet normal 0.896455 0 -0.443134
    outer loop
      vertex 188.272 3.91 81.352
      vertex 188.098 8.88 81
      vertex 188.272 8.88 81.352
    endloop
  endfacet
  facet normal 0.896455 0 -0.443134
    outer loop
      vertex 188.098 8.88 81
      vertex 188.272 3.91 81.352
      vertex 188.098 3.91 81
    endloop
  endfacet
  facet normal 0.981058 0 -0.193714
    outer loop
      vertex 188.474 3.91 82.1084
      vertex 188.398 8.88 81.7235
      vertex 188.474 8.88 82.1084
    endloop
  endfacet
  facet normal 0.981058 0 -0.193714
    outer loop
      vertex 188.398 8.88 81.7235
      vertex 188.474 3.91 82.1084
      vertex 188.398 3.91 81.7235
    endloop
  endfacet
  facet normal 0.831501 0 -0.555523
    outer loop
      vertex 188.098 3.91 81
      vertex 187.88 8.88 80.6737
      vertex 188.098 8.88 81
    endloop
  endfacet
  facet normal 0.831501 0 -0.555523
    outer loop
      vertex 187.88 8.88 80.6737
      vertex 188.098 3.91 81
      vertex 187.88 3.91 80.6737
    endloop
  endfacet
  facet normal 0.751471 0 -0.659766
    outer loop
      vertex 187.88 3.91 80.6737
      vertex 187.621 8.88 80.3787
      vertex 187.88 8.88 80.6737
    endloop
  endfacet
  facet normal 0.751471 0 -0.659766
    outer loop
      vertex 187.621 8.88 80.3787
      vertex 187.88 3.91 80.6737
      vertex 187.621 3.91 80.3787
    endloop
  endfacet
  facet normal 0.44211 0 -0.896961
    outer loop
      vertex 186.648 3.91 79.7284
      vertex 187 8.88 79.9019
      vertex 187 3.91 79.9019
    endloop
  endfacet
  facet normal 0.44211 0 -0.896961
    outer loop
      vertex 187 8.88 79.9019
      vertex 186.648 3.91 79.7284
      vertex 186.648 8.88 79.7284
    endloop
  endfacet
  facet normal 0.195379 0 -0.980728
    outer loop
      vertex 185.892 3.91 79.5257
      vertex 186.276 8.88 79.6022
      vertex 186.276 3.91 79.6022
    endloop
  endfacet
  facet normal 0.195379 0 -0.980728
    outer loop
      vertex 186.276 8.88 79.6022
      vertex 185.892 3.91 79.5257
      vertex 185.892 8.88 79.5257
    endloop
  endfacet
  facet normal -0.981058 0 -0.193714
    outer loop
      vertex 182.602 3.91 81.7235
      vertex 182.526 8.88 82.1084
      vertex 182.602 8.88 81.7235
    endloop
  endfacet
  facet normal -0.981058 -0 -0.193714
    outer loop
      vertex 182.526 8.88 82.1084
      vertex 182.602 3.91 81.7235
      vertex 182.526 3.91 82.1084
    endloop
  endfacet
  facet normal -0.751471 0 -0.659766
    outer loop
      vertex 183.379 3.91 80.3787
      vertex 183.12 8.88 80.6737
      vertex 183.379 8.88 80.3787
    endloop
  endfacet
  facet normal -0.751471 -0 -0.659766
    outer loop
      vertex 183.12 8.88 80.6737
      vertex 183.379 3.91 80.3787
      vertex 183.12 3.91 80.6737
    endloop
  endfacet
  facet normal -0.44211 0 -0.896961
    outer loop
      vertex 184 3.91 79.9019
      vertex 184.352 8.88 79.7284
      vertex 184.352 3.91 79.7284
    endloop
  endfacet
  facet normal -0.44211 0 -0.896961
    outer loop
      vertex 184.352 8.88 79.7284
      vertex 184 3.91 79.9019
      vertex 184 8.88 79.9019
    endloop
  endfacet
  facet normal -0.195379 0 -0.980728
    outer loop
      vertex 184.724 3.91 79.6022
      vertex 185.108 8.88 79.5257
      vertex 185.108 3.91 79.5257
    endloop
  endfacet
  facet normal -0.195379 0 -0.980728
    outer loop
      vertex 185.108 8.88 79.5257
      vertex 184.724 3.91 79.6022
      vertex 184.724 8.88 79.6022
    endloop
  endfacet
  facet normal 0.997803 -0 0.0662484
    outer loop
      vertex 188.474 3.91 82.8916
      vertex 188.5 8.88 82.5
      vertex 188.474 8.88 82.8916
    endloop
  endfacet
  facet normal 0.997803 0 0.0662484
    outer loop
      vertex 188.5 8.88 82.5
      vertex 188.474 3.91 82.8916
      vertex 188.5 3.91 82.5
    endloop
  endfacet
  facet normal 0.321264 0 0.94699
    outer loop
      vertex 186.276 8.88 85.3978
      vertex 186.648 3.91 85.2716
      vertex 186.648 8.88 85.2716
    endloop
  endfacet
  facet normal 0.321264 0 0.94699
    outer loop
      vertex 186.648 3.91 85.2716
      vertex 186.276 8.88 85.3978
      vertex 186.276 3.91 85.3978
    endloop
  endfacet
  facet normal 0.44211 0 0.896961
    outer loop
      vertex 186.648 8.88 85.2716
      vertex 187 3.91 85.0981
      vertex 187 8.88 85.0981
    endloop
  endfacet
  facet normal 0.44211 0 0.896961
    outer loop
      vertex 187 3.91 85.0981
      vertex 186.648 8.88 85.2716
      vertex 186.648 3.91 85.2716
    endloop
  endfacet
  facet normal 0.751471 -0 0.659766
    outer loop
      vertex 187.621 3.91 84.6213
      vertex 187.88 8.88 84.3263
      vertex 187.621 8.88 84.6213
    endloop
  endfacet
  facet normal 0.751471 0 0.659766
    outer loop
      vertex 187.88 8.88 84.3263
      vertex 187.621 3.91 84.6213
      vertex 187.88 3.91 84.3263
    endloop
  endfacet
  facet normal -0.195379 0 0.980728
    outer loop
      vertex 184.724 8.88 85.3978
      vertex 185.108 3.91 85.4743
      vertex 185.108 8.88 85.4743
    endloop
  endfacet
  facet normal -0.195379 0 0.980728
    outer loop
      vertex 185.108 3.91 85.4743
      vertex 184.724 8.88 85.3978
      vertex 184.724 3.91 85.3978
    endloop
  endfacet
  facet normal -0.659478 0 0.751724
    outer loop
      vertex 183.379 8.88 84.6213
      vertex 183.674 3.91 84.8801
      vertex 183.674 8.88 84.8801
    endloop
  endfacet
  facet normal -0.659478 0 0.751724
    outer loop
      vertex 183.674 3.91 84.8801
      vertex 183.379 8.88 84.6213
      vertex 183.379 3.91 84.6213
    endloop
  endfacet
  facet normal -0.896455 0 0.443134
    outer loop
      vertex 182.728 3.91 83.648
      vertex 182.902 8.88 84
      vertex 182.728 8.88 83.648
    endloop
  endfacet
  facet normal -0.896455 0 0.443134
    outer loop
      vertex 182.902 8.88 84
      vertex 182.728 3.91 83.648
      vertex 182.902 3.91 84
    endloop
  endfacet
  facet normal -0.981058 0 0.193714
    outer loop
      vertex 182.526 3.91 82.8916
      vertex 182.602 8.88 83.2765
      vertex 182.526 8.88 82.8916
    endloop
  endfacet
  facet normal -0.981058 0 0.193714
    outer loop
      vertex 182.602 8.88 83.2765
      vertex 182.526 3.91 82.8916
      vertex 182.602 3.91 83.2765
    endloop
  endfacet
  facet normal 0.947013 0 -0.321194
    outer loop
      vertex 188.398 3.91 81.7235
      vertex 188.272 8.88 81.352
      vertex 188.398 8.88 81.7235
    endloop
  endfacet
  facet normal 0.947013 0 -0.321194
    outer loop
      vertex 188.272 8.88 81.352
      vertex 188.398 3.91 81.7235
      vertex 188.272 3.91 81.352
    endloop
  endfacet
  facet normal 0.555877 0 -0.831265
    outer loop
      vertex 187 3.91 79.9019
      vertex 187.326 8.88 80.1199
      vertex 187.326 3.91 80.1199
    endloop
  endfacet
  facet normal 0.555877 0 -0.831265
    outer loop
      vertex 187.326 8.88 80.1199
      vertex 187 3.91 79.9019
      vertex 187 8.88 79.9019
    endloop
  endfacet
  facet normal 0.0654208 0 -0.997858
    outer loop
      vertex 185.5 3.91 79.5
      vertex 185.892 8.88 79.5257
      vertex 185.892 3.91 79.5257
    endloop
  endfacet
  facet normal 0.0654208 0 -0.997858
    outer loop
      vertex 185.892 8.88 79.5257
      vertex 185.5 3.91 79.5
      vertex 185.5 8.88 79.5
    endloop
  endfacet
  facet normal 0.321264 0 -0.94699
    outer loop
      vertex 186.276 3.91 79.6022
      vertex 186.648 8.88 79.7284
      vertex 186.648 3.91 79.7284
    endloop
  endfacet
  facet normal 0.321264 0 -0.94699
    outer loop
      vertex 186.648 8.88 79.7284
      vertex 186.276 3.91 79.6022
      vertex 186.276 8.88 79.6022
    endloop
  endfacet
  facet normal -0.997803 0 -0.0662484
    outer loop
      vertex 182.526 3.91 82.1084
      vertex 182.5 8.88 82.5
      vertex 182.526 8.88 82.1084
    endloop
  endfacet
  facet normal -0.997803 -0 -0.0662484
    outer loop
      vertex 182.5 8.88 82.5
      vertex 182.526 3.91 82.1084
      vertex 182.5 3.91 82.5
    endloop
  endfacet
  facet normal -0.947013 0 -0.321194
    outer loop
      vertex 182.728 3.91 81.352
      vertex 182.602 8.88 81.7235
      vertex 182.728 8.88 81.352
    endloop
  endfacet
  facet normal -0.947013 -0 -0.321194
    outer loop
      vertex 182.602 8.88 81.7235
      vertex 182.728 3.91 81.352
      vertex 182.602 3.91 81.7235
    endloop
  endfacet
  facet normal -0.831501 0 -0.555523
    outer loop
      vertex 183.12 3.91 80.6737
      vertex 182.902 8.88 81
      vertex 183.12 8.88 80.6737
    endloop
  endfacet
  facet normal -0.831501 -0 -0.555523
    outer loop
      vertex 182.902 8.88 81
      vertex 183.12 3.91 80.6737
      vertex 182.902 3.91 81
    endloop
  endfacet
  facet normal -0.0654208 0 -0.997858
    outer loop
      vertex 185.108 3.91 79.5257
      vertex 185.5 8.88 79.5
      vertex 185.5 3.91 79.5
    endloop
  endfacet
  facet normal -0.0654208 0 -0.997858
    outer loop
      vertex 185.5 8.88 79.5
      vertex 185.108 3.91 79.5257
      vertex 185.108 8.88 79.5257
    endloop
  endfacet
  facet normal -0.555877 0 -0.831265
    outer loop
      vertex 183.674 3.91 80.1199
      vertex 184 8.88 79.9019
      vertex 184 3.91 79.9019
    endloop
  endfacet
  facet normal -0.555877 0 -0.831265
    outer loop
      vertex 184 8.88 79.9019
      vertex 183.674 3.91 80.1199
      vertex 183.674 8.88 80.1199
    endloop
  endfacet
  facet normal -0.659478 0 -0.751724
    outer loop
      vertex 183.379 3.91 80.3787
      vertex 183.674 8.88 80.1199
      vertex 183.674 3.91 80.1199
    endloop
  endfacet
  facet normal -0.659478 0 -0.751724
    outer loop
      vertex 183.674 8.88 80.1199
      vertex 183.379 3.91 80.3787
      vertex 183.379 8.88 80.3787
    endloop
  endfacet
  facet normal 0.997803 0 -0.0662484
    outer loop
      vertex 188.5 3.91 82.5
      vertex 188.474 8.88 82.1084
      vertex 188.5 8.88 82.5
    endloop
  endfacet
  facet normal 0.997803 0 -0.0662484
    outer loop
      vertex 188.474 8.88 82.1084
      vertex 188.5 3.91 82.5
      vertex 188.474 3.91 82.1084
    endloop
  endfacet
  facet normal 0.0654208 0 0.997858
    outer loop
      vertex 185.5 8.88 85.5
      vertex 185.892 3.91 85.4743
      vertex 185.892 8.88 85.4743
    endloop
  endfacet
  facet normal 0.0654208 0 0.997858
    outer loop
      vertex 185.892 3.91 85.4743
      vertex 185.5 8.88 85.5
      vertex 185.5 3.91 85.5
    endloop
  endfacet
  facet normal 0.947013 -0 0.321194
    outer loop
      vertex 188.272 3.91 83.648
      vertex 188.398 8.88 83.2765
      vertex 188.272 8.88 83.648
    endloop
  endfacet
  facet normal 0.947013 0 0.321194
    outer loop
      vertex 188.398 8.88 83.2765
      vertex 188.272 3.91 83.648
      vertex 188.398 3.91 83.2765
    endloop
  endfacet
  facet normal 0.195379 0 0.980728
    outer loop
      vertex 185.892 8.88 85.4743
      vertex 186.276 3.91 85.3978
      vertex 186.276 8.88 85.3978
    endloop
  endfacet
  facet normal 0.195379 0 0.980728
    outer loop
      vertex 186.276 3.91 85.3978
      vertex 185.892 8.88 85.4743
      vertex 185.892 3.91 85.4743
    endloop
  endfacet
  facet normal 0.555877 0 0.831265
    outer loop
      vertex 187 8.88 85.0981
      vertex 187.326 3.91 84.8801
      vertex 187.326 8.88 84.8801
    endloop
  endfacet
  facet normal 0.555877 0 0.831265
    outer loop
      vertex 187.326 3.91 84.8801
      vertex 187 8.88 85.0981
      vertex 187 3.91 85.0981
    endloop
  endfacet
  facet normal 0.896455 -0 0.443134
    outer loop
      vertex 188.098 3.91 84
      vertex 188.272 8.88 83.648
      vertex 188.098 8.88 84
    endloop
  endfacet
  facet normal 0.896455 0 0.443134
    outer loop
      vertex 188.272 8.88 83.648
      vertex 188.098 3.91 84
      vertex 188.272 3.91 83.648
    endloop
  endfacet
  facet normal -0.0654208 0 0.997858
    outer loop
      vertex 185.108 8.88 85.4743
      vertex 185.5 3.91 85.5
      vertex 185.5 8.88 85.5
    endloop
  endfacet
  facet normal -0.0654208 0 0.997858
    outer loop
      vertex 185.5 3.91 85.5
      vertex 185.108 8.88 85.4743
      vertex 185.108 3.91 85.4743
    endloop
  endfacet
  facet normal -0.44211 0 0.896961
    outer loop
      vertex 184 8.88 85.0981
      vertex 184.352 3.91 85.2716
      vertex 184.352 8.88 85.2716
    endloop
  endfacet
  facet normal -0.44211 0 0.896961
    outer loop
      vertex 184.352 3.91 85.2716
      vertex 184 8.88 85.0981
      vertex 184 3.91 85.0981
    endloop
  endfacet
  facet normal -0.947013 0 0.321194
    outer loop
      vertex 182.602 3.91 83.2765
      vertex 182.728 8.88 83.648
      vertex 182.602 8.88 83.2765
    endloop
  endfacet
  facet normal -0.947013 0 0.321194
    outer loop
      vertex 182.728 8.88 83.648
      vertex 182.602 3.91 83.2765
      vertex 182.728 3.91 83.648
    endloop
  endfacet
  facet normal -0.997803 0 0.0662484
    outer loop
      vertex 182.5 3.91 82.5
      vertex 182.526 8.88 82.8916
      vertex 182.5 8.88 82.5
    endloop
  endfacet
  facet normal -0.997803 0 0.0662484
    outer loop
      vertex 182.526 8.88 82.8916
      vertex 182.5 3.91 82.5
      vertex 182.526 3.91 82.8916
    endloop
  endfacet
  facet normal -0.831501 0 0.555523
    outer loop
      vertex 182.902 3.91 84
      vertex 183.12 8.88 84.3263
      vertex 182.902 8.88 84
    endloop
  endfacet
  facet normal -0.831501 0 0.555523
    outer loop
      vertex 183.12 8.88 84.3263
      vertex 182.902 3.91 84
      vertex 183.12 3.91 84.3263
    endloop
  endfacet
  facet normal 0 1 0
    outer loop
      vertex 185.5 8.88 83.35
      vertex 185.5 8.88 85.5
      vertex 185.892 8.88 85.4743
    endloop
  endfacet
  facet normal 0 1 0
    outer loop
      vertex 185.611 8.88 83.3427
      vertex 185.892 8.88 85.4743
      vertex 186.276 8.88 85.3978
    endloop
  endfacet
  facet normal 0 1 0
    outer loop
      vertex 185.5 8.88 85.5
      vertex 185.5 8.88 83.35
      vertex 185.108 8.88 85.4743
    endloop
  endfacet
  facet normal 0 1 0
    outer loop
      vertex 185.72 8.88 83.321
      vertex 186.276 8.88 85.3978
      vertex 186.648 8.88 85.2716
    endloop
  endfacet
  facet normal 0 1 -0
    outer loop
      vertex 185.389 8.88 83.3427
      vertex 185.108 8.88 85.4743
      vertex 185.5 8.88 83.35
    endloop
  endfacet
  facet normal 0 1 0
    outer loop
      vertex 185.825 8.88 83.2853
      vertex 186.648 8.88 85.2716
      vertex 187 8.88 85.0981
    endloop
  endfacet
  facet normal 0 1 0
    outer loop
      vertex 185.108 8.88 85.4743
      vertex 185.389 8.88 83.3427
      vertex 184.724 8.88 85.3978
    endloop
  endfacet
  facet normal 0 1 0
    outer loop
      vertex 185.925 8.88 83.2361
      vertex 187 8.88 85.0981
      vertex 187.326 8.88 84.8801
    endloop
  endfacet
  facet normal 0 1 -0
    outer loop
      vertex 185.28 8.88 83.321
      vertex 184.724 8.88 85.3978
      vertex 185.389 8.88 83.3427
    endloop
  endfacet
  facet normal 0 1 0
    outer loop
      vertex 186.017 8.88 83.1743
      vertex 187.326 8.88 84.8801
      vertex 187.621 8.88 84.6213
    endloop
  endfacet
  facet normal 0 1 0
    outer loop
      vertex 184.724 8.88 85.3978
      vertex 185.28 8.88 83.321
      vertex 184.352 8.88 85.2716
    endloop
  endfacet
  facet normal 0 1 0
    outer loop
      vertex 186.101 8.88 83.101
      vertex 187.621 8.88 84.6213
      vertex 187.88 8.88 84.3263
    endloop
  endfacet
  facet normal 0 1 -0
    outer loop
      vertex 185.175 8.88 83.2853
      vertex 184.352 8.88 85.2716
      vertex 185.28 8.88 83.321
    endloop
  endfacet
  facet normal 0 1 0
    outer loop
      vertex 186.174 8.88 83.0174
      vertex 187.88 8.88 84.3263
      vertex 188.098 8.88 84
    endloop
  endfacet
  facet normal 0 1 0
    outer loop
      vertex 184.352 8.88 85.2716
      vertex 185.175 8.88 83.2853
      vertex 184 8.88 85.0981
    endloop
  endfacet
  facet normal 0 1 0
    outer loop
      vertex 186.236 8.88 82.925
      vertex 188.098 8.88 84
      vertex 188.272 8.88 83.648
    endloop
  endfacet
  facet normal 0 1 -0
    outer loop
      vertex 185.075 8.88 83.2361
      vertex 184 8.88 85.0981
      vertex 185.175 8.88 83.2853
    endloop
  endfacet
  facet normal 0 1 0
    outer loop
      vertex 184 8.88 85.0981
      vertex 185.075 8.88 83.2361
      vertex 183.674 8.88 84.8801
    endloop
  endfacet
  facet normal 0 1 0
    outer loop
      vertex 185.892 8.88 85.4743
      vertex 185.611 8.88 83.3427
      vertex 185.5 8.88 83.35
    endloop
  endfacet
  facet normal 0 1 0
    outer loop
      vertex 186.276 8.88 85.3978
      vertex 185.72 8.88 83.321
      vertex 185.611 8.88 83.3427
    endloop
  endfacet
  facet normal 0 1 0
    outer loop
      vertex 186.648 8.88 85.2716
      vertex 185.825 8.88 83.2853
      vertex 185.72 8.88 83.321
    endloop
  endfacet
  facet normal 0 1 0
    outer loop
      vertex 186.285 8.88 82.8253
      vertex 188.272 8.88 83.648
      vertex 188.398 8.88 83.2765
    endloop
  endfacet
  facet normal 0 1 0
    outer loop
      vertex 187 8.88 85.0981
      vertex 185.925 8.88 83.2361
      vertex 185.825 8.88 83.2853
    endloop
  endfacet
  facet normal 0 1 0
    outer loop
      vertex 187.326 8.88 84.8801
      vertex 186.017 8.88 83.1743
      vertex 185.925 8.88 83.2361
    endloop
  endfacet
  facet normal 0 1 0
    outer loop
      vertex 187.621 8.88 84.6213
      vertex 186.101 8.88 83.101
      vertex 186.017 8.88 83.1743
    endloop
  endfacet
  facet normal 0 1 0
    outer loop
      vertex 187.88 8.88 84.3263
      vertex 186.174 8.88 83.0174
      vertex 186.101 8.88 83.101
    endloop
  endfacet
  facet normal 0 1 0
    outer loop
      vertex 188.098 8.88 84
      vertex 186.236 8.88 82.925
      vertex 186.174 8.88 83.0174
    endloop
  endfacet
  facet normal 0 1 0
    outer loop
      vertex 186.321 8.88 82.72
      vertex 188.398 8.88 83.2765
      vertex 188.474 8.88 82.8916
    endloop
  endfacet
  facet normal 0 1 0
    outer loop
      vertex 188.272 8.88 83.648
      vertex 186.285 8.88 82.8253
      vertex 186.236 8.88 82.925
    endloop
  endfacet
  facet normal 0 1 0
    outer loop
      vertex 188.398 8.88 83.2765
      vertex 186.321 8.88 82.72
      vertex 186.285 8.88 82.8253
    endloop
  endfacet
  facet normal 0 1 0
    outer loop
      vertex 188.474 8.88 82.8916
      vertex 186.343 8.88 82.6109
      vertex 186.321 8.88 82.72
    endloop
  endfacet
  facet normal 0 1 0
    outer loop
      vertex 188.5 8.88 82.5
      vertex 186.343 8.88 82.6109
      vertex 188.474 8.88 82.8916
    endloop
  endfacet
  facet normal 0 1 0
    outer loop
      vertex 188.5 8.88 82.5
      vertex 186.35 8.88 82.5
      vertex 186.343 8.88 82.6109
    endloop
  endfacet
  facet normal 0 1 0
    outer loop
      vertex 188.5 8.88 82.5
      vertex 186.343 8.88 82.3891
      vertex 186.35 8.88 82.5
    endloop
  endfacet
  facet normal 0 1 -0
    outer loop
      vertex 188.474 8.88 82.1084
      vertex 186.343 8.88 82.3891
      vertex 188.5 8.88 82.5
    endloop
  endfacet
  facet normal 0 1 0
    outer loop
      vertex 186.343 8.88 82.3891
      vertex 188.474 8.88 82.1084
      vertex 186.321 8.88 82.28
    endloop
  endfacet
  facet normal 0 1 -0
    outer loop
      vertex 188.398 8.88 81.7235
      vertex 186.321 8.88 82.28
      vertex 188.474 8.88 82.1084
    endloop
  endfacet
  facet normal 0 1 0
    outer loop
      vertex 186.321 8.88 82.28
      vertex 188.398 8.88 81.7235
      vertex 186.285 8.88 82.1747
    endloop
  endfacet
  facet normal 0 1 -0
    outer loop
      vertex 188.272 8.88 81.352
      vertex 186.285 8.88 82.1747
      vertex 188.398 8.88 81.7235
    endloop
  endfacet
  facet normal 0 1 0
    outer loop
      vertex 186.285 8.88 82.1747
      vertex 188.272 8.88 81.352
      vertex 186.236 8.88 82.075
    endloop
  endfacet
  facet normal 0 1 -0
    outer loop
      vertex 188.098 8.88 81
      vertex 186.236 8.88 82.075
      vertex 188.272 8.88 81.352
    endloop
  endfacet
  facet normal 0 1 0
    outer loop
      vertex 186.236 8.88 82.075
      vertex 188.098 8.88 81
      vertex 186.174 8.88 81.9826
    endloop
  endfacet
  facet normal 0 1 -0
    outer loop
      vertex 187.88 8.88 80.6737
      vertex 186.174 8.88 81.9826
      vertex 188.098 8.88 81
    endloop
  endfacet
  facet normal 0 1 0
    outer loop
      vertex 186.174 8.88 81.9826
      vertex 187.88 8.88 80.6737
      vertex 186.101 8.88 81.899
    endloop
  endfacet
  facet normal 0 1 -0
    outer loop
      vertex 187.621 8.88 80.3787
      vertex 186.101 8.88 81.899
      vertex 187.88 8.88 80.6737
    endloop
  endfacet
  facet normal 0 1 0
    outer loop
      vertex 186.101 8.88 81.899
      vertex 187.621 8.88 80.3787
      vertex 186.017 8.88 81.8257
    endloop
  endfacet
  facet normal 0 1 -0
    outer loop
      vertex 187.326 8.88 80.1199
      vertex 186.017 8.88 81.8257
      vertex 187.621 8.88 80.3787
    endloop
  endfacet
  facet normal 0 1 0
    outer loop
      vertex 186.017 8.88 81.8257
      vertex 187.326 8.88 80.1199
      vertex 185.925 8.88 81.7639
    endloop
  endfacet
  facet normal 0 1 -0
    outer loop
      vertex 184.983 8.88 83.1743
      vertex 183.674 8.88 84.8801
      vertex 185.075 8.88 83.2361
    endloop
  endfacet
  facet normal 0 1 0
    outer loop
      vertex 183.674 8.88 84.8801
      vertex 184.983 8.88 83.1743
      vertex 183.379 8.88 84.6213
    endloop
  endfacet
  facet normal 0 1 -0
    outer loop
      vertex 184.899 8.88 83.101
      vertex 183.379 8.88 84.6213
      vertex 184.983 8.88 83.1743
    endloop
  endfacet
  facet normal 0 1 0
    outer loop
      vertex 183.379 8.88 84.6213
      vertex 184.899 8.88 83.101
      vertex 183.12 8.88 84.3263
    endloop
  endfacet
  facet normal 0 1 -0
    outer loop
      vertex 184.826 8.88 83.0174
      vertex 183.12 8.88 84.3263
      vertex 184.899 8.88 83.101
    endloop
  endfacet
  facet normal 0 1 0
    outer loop
      vertex 183.12 8.88 84.3263
      vertex 184.826 8.88 83.0174
      vertex 182.902 8.88 84
    endloop
  endfacet
  facet normal 0 1 -0
    outer loop
      vertex 184.764 8.88 82.925
      vertex 182.902 8.88 84
      vertex 184.826 8.88 83.0174
    endloop
  endfacet
  facet normal 0 1 0
    outer loop
      vertex 182.902 8.88 84
      vertex 184.764 8.88 82.925
      vertex 182.728 8.88 83.648
    endloop
  endfacet
  facet normal 0 1 -0
    outer loop
      vertex 184.715 8.88 82.8253
      vertex 182.728 8.88 83.648
      vertex 184.764 8.88 82.925
    endloop
  endfacet
  facet normal 0 1 0
    outer loop
      vertex 182.728 8.88 83.648
      vertex 184.715 8.88 82.8253
      vertex 182.602 8.88 83.2765
    endloop
  endfacet
  facet normal 0 1 -0
    outer loop
      vertex 184.679 8.88 82.72
      vertex 182.602 8.88 83.2765
      vertex 184.715 8.88 82.8253
    endloop
  endfacet
  facet normal 0 1 0
    outer loop
      vertex 182.602 8.88 83.2765
      vertex 184.679 8.88 82.72
      vertex 182.526 8.88 82.8916
    endloop
  endfacet
  facet normal 0 1 -0
    outer loop
      vertex 184.657 8.88 82.6109
      vertex 182.526 8.88 82.8916
      vertex 184.679 8.88 82.72
    endloop
  endfacet
  facet normal 0 1 -0
    outer loop
      vertex 184.65 8.88 82.5
      vertex 182.526 8.88 82.8916
      vertex 184.657 8.88 82.6109
    endloop
  endfacet
  facet normal 0 1 0
    outer loop
      vertex 184.65 8.88 82.5
      vertex 182.5 8.88 82.5
      vertex 182.526 8.88 82.8916
    endloop
  endfacet
  facet normal 0 1 0
    outer loop
      vertex 184.657 8.88 82.3891
      vertex 182.5 8.88 82.5
      vertex 184.65 8.88 82.5
    endloop
  endfacet
  facet normal 0 1 0
    outer loop
      vertex 182.526 8.88 82.1084
      vertex 184.657 8.88 82.3891
      vertex 184.679 8.88 82.28
    endloop
  endfacet
  facet normal 0 1 0
    outer loop
      vertex 182.602 8.88 81.7235
      vertex 184.679 8.88 82.28
      vertex 184.715 8.88 82.1747
    endloop
  endfacet
  facet normal 0 1 0
    outer loop
      vertex 184.657 8.88 82.3891
      vertex 182.526 8.88 82.1084
      vertex 182.5 8.88 82.5
    endloop
  endfacet
  facet normal 0 1 0
    outer loop
      vertex 182.728 8.88 81.352
      vertex 184.715 8.88 82.1747
      vertex 184.764 8.88 82.075
    endloop
  endfacet
  facet normal 0 1 0
    outer loop
      vertex 182.902 8.88 81
      vertex 184.764 8.88 82.075
      vertex 184.826 8.88 81.9826
    endloop
  endfacet
  facet normal 0 1 0
    outer loop
      vertex 183.12 8.88 80.6737
      vertex 184.826 8.88 81.9826
      vertex 184.899 8.88 81.899
    endloop
  endfacet
  facet normal 0 1 0
    outer loop
      vertex 183.379 8.88 80.3787
      vertex 184.899 8.88 81.899
      vertex 184.983 8.88 81.8257
    endloop
  endfacet
  facet normal 0 1 0
    outer loop
      vertex 183.674 8.88 80.1199
      vertex 184.983 8.88 81.8257
      vertex 185.075 8.88 81.7639
    endloop
  endfacet
  facet normal 0 1 0
    outer loop
      vertex 184.679 8.88 82.28
      vertex 182.602 8.88 81.7235
      vertex 182.526 8.88 82.1084
    endloop
  endfacet
  facet normal 0 1 0
    outer loop
      vertex 184 8.88 79.9019
      vertex 185.075 8.88 81.7639
      vertex 185.175 8.88 81.7147
    endloop
  endfacet
  facet normal 0 1 0
    outer loop
      vertex 184.352 8.88 79.7284
      vertex 185.175 8.88 81.7147
      vertex 185.28 8.88 81.679
    endloop
  endfacet
  facet normal 0 1 0
    outer loop
      vertex 184.724 8.88 79.6022
      vertex 185.28 8.88 81.679
      vertex 185.389 8.88 81.6573
    endloop
  endfacet
  facet normal 0 1 0
    outer loop
      vertex 185.108 8.88 79.5257
      vertex 185.389 8.88 81.6573
      vertex 185.5 8.88 81.65
    endloop
  endfacet
  facet normal 0 1 -0
    outer loop
      vertex 187 8.88 79.9019
      vertex 185.925 8.88 81.7639
      vertex 187.326 8.88 80.1199
    endloop
  endfacet
  facet normal 0 1 0
    outer loop
      vertex 184.715 8.88 82.1747
      vertex 182.728 8.88 81.352
      vertex 182.602 8.88 81.7235
    endloop
  endfacet
  facet normal 0 1 0
    outer loop
      vertex 185.925 8.88 81.7639
      vertex 187 8.88 79.9019
      vertex 185.825 8.88 81.7147
    endloop
  endfacet
  facet normal 0 1 0
    outer loop
      vertex 184.764 8.88 82.075
      vertex 182.902 8.88 81
      vertex 182.728 8.88 81.352
    endloop
  endfacet
  facet normal 0 1 -0
    outer loop
      vertex 186.648 8.88 79.7284
      vertex 185.825 8.88 81.7147
      vertex 187 8.88 79.9019
    endloop
  endfacet
  facet normal 0 1 0
    outer loop
      vertex 184.826 8.88 81.9826
      vertex 183.12 8.88 80.6737
      vertex 182.902 8.88 81
    endloop
  endfacet
  facet normal 0 1 0
    outer loop
      vertex 185.825 8.88 81.7147
      vertex 186.648 8.88 79.7284
      vertex 185.72 8.88 81.679
    endloop
  endfacet
  facet normal 0 1 0
    outer loop
      vertex 184.899 8.88 81.899
      vertex 183.379 8.88 80.3787
      vertex 183.12 8.88 80.6737
    endloop
  endfacet
  facet normal 0 1 -0
    outer loop
      vertex 186.276 8.88 79.6022
      vertex 185.72 8.88 81.679
      vertex 186.648 8.88 79.7284
    endloop
  endfacet
  facet normal 0 1 0
    outer loop
      vertex 184.983 8.88 81.8257
      vertex 183.674 8.88 80.1199
      vertex 183.379 8.88 80.3787
    endloop
  endfacet
  facet normal 0 1 0
    outer loop
      vertex 185.72 8.88 81.679
      vertex 186.276 8.88 79.6022
      vertex 185.611 8.88 81.6573
    endloop
  endfacet
  facet normal 0 1 0
    outer loop
      vertex 185.075 8.88 81.7639
      vertex 184 8.88 79.9019
      vertex 183.674 8.88 80.1199
    endloop
  endfacet
  facet normal 0 1 -0
    outer loop
      vertex 185.892 8.88 79.5257
      vertex 185.611 8.88 81.6573
      vertex 186.276 8.88 79.6022
    endloop
  endfacet
  facet normal 0 1 0
    outer loop
      vertex 185.175 8.88 81.7147
      vertex 184.352 8.88 79.7284
      vertex 184 8.88 79.9019
    endloop
  endfacet
  facet normal 0 1 0
    outer loop
      vertex 185.611 8.88 81.6573
      vertex 185.892 8.88 79.5257
      vertex 185.5 8.88 81.65
    endloop
  endfacet
  facet normal 0 1 0
    outer loop
      vertex 185.28 8.88 81.679
      vertex 184.724 8.88 79.6022
      vertex 184.352 8.88 79.7284
    endloop
  endfacet
  facet normal 0 1 0
    outer loop
      vertex 185.5 8.88 79.5
      vertex 185.5 8.88 81.65
      vertex 185.892 8.88 79.5257
    endloop
  endfacet
  facet normal 0 1 0
    outer loop
      vertex 185.389 8.88 81.6573
      vertex 185.108 8.88 79.5257
      vertex 184.724 8.88 79.6022
    endloop
  endfacet
  facet normal 0 1 0
    outer loop
      vertex 185.5 8.88 81.65
      vertex 185.5 8.88 79.5
      vertex 185.108 8.88 79.5257
    endloop
  endfacet
  facet normal 0.981058 -0 0.193714
    outer loop
      vertex 188.398 3.91 83.2765
      vertex 188.474 8.88 82.8916
      vertex 188.398 8.88 83.2765
    endloop
  endfacet
  facet normal 0.981058 0 0.193714
    outer loop
      vertex 188.474 8.88 82.8916
      vertex 188.398 3.91 83.2765
      vertex 188.474 3.91 82.8916
    endloop
  endfacet
  facet normal 0.659478 0 0.751724
    outer loop
      vertex 187.326 8.88 84.8801
      vertex 187.621 3.91 84.6213
      vertex 187.621 8.88 84.6213
    endloop
  endfacet
  facet normal 0.659478 0 0.751724
    outer loop
      vertex 187.621 3.91 84.6213
      vertex 187.326 8.88 84.8801
      vertex 187.326 3.91 84.8801
    endloop
  endfacet
  facet normal 0.831501 -0 0.555523
    outer loop
      vertex 187.88 3.91 84.3263
      vertex 188.098 8.88 84
      vertex 187.88 8.88 84.3263
    endloop
  endfacet
  facet normal 0.831501 0 0.555523
    outer loop
      vertex 188.098 8.88 84
      vertex 187.88 3.91 84.3263
      vertex 188.098 3.91 84
    endloop
  endfacet
  facet normal -0.555877 0 0.831265
    outer loop
      vertex 183.674 8.88 84.8801
      vertex 184 3.91 85.0981
      vertex 184 8.88 85.0981
    endloop
  endfacet
  facet normal -0.555877 0 0.831265
    outer loop
      vertex 184 3.91 85.0981
      vertex 183.674 8.88 84.8801
      vertex 183.674 3.91 84.8801
    endloop
  endfacet
  facet normal -0.751471 0 0.659766
    outer loop
      vertex 183.12 3.91 84.3263
      vertex 183.379 8.88 84.6213
      vertex 183.12 8.88 84.3263
    endloop
  endfacet
  facet normal -0.751471 0 0.659766
    outer loop
      vertex 183.379 8.88 84.6213
      vertex 183.12 3.91 84.3263
      vertex 183.379 3.91 84.6213
    endloop
  endfacet
  facet normal -0.897467 0 0.441082
    outer loop
      vertex 186.236 3.91 82.075
      vertex 186.285 8.88 82.1747
      vertex 186.236 8.88 82.075
    endloop
  endfacet
  facet normal -0.897467 0 0.441082
    outer loop
      vertex 186.285 8.88 82.1747
      vertex 186.236 3.91 82.075
      vertex 186.285 3.91 82.1747
    endloop
  endfacet
  facet normal -0.830387 0 0.557186
    outer loop
      vertex 186.174 3.91 81.9826
      vertex 186.236 8.88 82.075
      vertex 186.174 8.88 81.9826
    endloop
  endfacet
  facet normal -0.830387 0 0.557186
    outer loop
      vertex 186.236 8.88 82.075
      vertex 186.174 3.91 81.9826
      vertex 186.236 3.91 82.075
    endloop
  endfacet
  facet normal -0.321903 0 0.946773
    outer loop
      vertex 185.72 8.88 81.679
      vertex 185.825 3.91 81.7147
      vertex 185.825 8.88 81.7147
    endloop
  endfacet
  facet normal -0.321903 0 0.946773
    outer loop
      vertex 185.825 3.91 81.7147
      vertex 185.72 8.88 81.679
      vertex 185.72 3.91 81.679
    endloop
  endfacet
  facet normal 0.441462 0 0.89728
    outer loop
      vertex 185.075 8.88 81.7639
      vertex 185.175 3.91 81.7147
      vertex 185.175 8.88 81.7147
    endloop
  endfacet
  facet normal 0.441462 0 0.89728
    outer loop
      vertex 185.175 3.91 81.7147
      vertex 185.075 8.88 81.7639
      vertex 185.075 3.91 81.7639
    endloop
  endfacet
  facet normal 0.897467 -0 0.441082
    outer loop
      vertex 184.715 3.91 82.1747
      vertex 184.764 8.88 82.075
      vertex 184.715 8.88 82.1747
    endloop
  endfacet
  facet normal 0.897467 0 0.441082
    outer loop
      vertex 184.764 8.88 82.075
      vertex 184.715 3.91 82.1747
      vertex 184.764 3.91 82.075
    endloop
  endfacet
  facet normal -0.980268 0 -0.197671
    outer loop
      vertex 186.343 3.91 82.6109
      vertex 186.321 8.88 82.72
      vertex 186.343 8.88 82.6109
    endloop
  endfacet
  facet normal -0.980268 -0 -0.197671
    outer loop
      vertex 186.321 8.88 82.72
      vertex 186.343 3.91 82.6109
      vertex 186.321 3.91 82.72
    endloop
  endfacet
  facet normal -0.441462 0 0.89728
    outer loop
      vertex 185.825 8.88 81.7147
      vertex 185.925 3.91 81.7639
      vertex 185.925 8.88 81.7639
    endloop
  endfacet
  facet normal -0.441462 0 0.89728
    outer loop
      vertex 185.925 3.91 81.7639
      vertex 185.825 8.88 81.7147
      vertex 185.825 3.91 81.7147
    endloop
  endfacet
  facet normal 0.998014 -0 0.0629946
    outer loop
      vertex 184.65 3.91 82.5
      vertex 184.657 8.88 82.3891
      vertex 184.65 8.88 82.5
    endloop
  endfacet
  facet normal 0.998014 0 0.0629946
    outer loop
      vertex 184.657 8.88 82.3891
      vertex 184.65 3.91 82.5
      vertex 184.657 3.91 82.3891
    endloop
  endfacet
  facet normal 0.830387 -0 0.557186
    outer loop
      vertex 184.764 3.91 82.075
      vertex 184.826 8.88 81.9826
      vertex 184.764 8.88 82.075
    endloop
  endfacet
  facet normal 0.830387 0 0.557186
    outer loop
      vertex 184.826 8.88 81.9826
      vertex 184.764 3.91 82.075
      vertex 184.826 3.91 81.9826
    endloop
  endfacet
  facet normal 0.557612 0 0.830102
    outer loop
      vertex 184.983 8.88 81.8257
      vertex 185.075 3.91 81.7639
      vertex 185.075 8.88 81.7639
    endloop
  endfacet
  facet normal 0.557612 0 0.830102
    outer loop
      vertex 185.075 3.91 81.7639
      vertex 184.983 8.88 81.8257
      vertex 184.983 3.91 81.8257
    endloop
  endfacet
  facet normal 0.321903 0 0.946773
    outer loop
      vertex 185.175 8.88 81.7147
      vertex 185.28 3.91 81.679
      vertex 185.28 8.88 81.679
    endloop
  endfacet
  facet normal 0.321903 0 0.946773
    outer loop
      vertex 185.28 3.91 81.679
      vertex 185.175 8.88 81.7147
      vertex 185.175 3.91 81.7147
    endloop
  endfacet
  facet normal -0.998014 0 -0.0629946
    outer loop
      vertex 186.35 3.91 82.5
      vertex 186.343 8.88 82.6109
      vertex 186.35 8.88 82.5
    endloop
  endfacet
  facet normal -0.998014 -0 -0.0629946
    outer loop
      vertex 186.343 8.88 82.6109
      vertex 186.35 3.91 82.5
      vertex 186.343 3.91 82.6109
    endloop
  endfacet
  facet normal -0.946229 0 -0.323497
    outer loop
      vertex 186.321 3.91 82.72
      vertex 186.285 8.88 82.8253
      vertex 186.321 8.88 82.72
    endloop
  endfacet
  facet normal -0.946229 -0 -0.323497
    outer loop
      vertex 186.285 8.88 82.8253
      vertex 186.321 3.91 82.72
      vertex 186.285 3.91 82.8253
    endloop
  endfacet
  facet normal -0.557612 0 -0.830102
    outer loop
      vertex 185.925 3.91 83.2361
      vertex 186.017 8.88 83.1743
      vertex 186.017 3.91 83.1743
    endloop
  endfacet
  facet normal -0.557612 0 -0.830102
    outer loop
      vertex 186.017 8.88 83.1743
      vertex 185.925 3.91 83.2361
      vertex 185.925 8.88 83.2361
    endloop
  endfacet
  facet normal -0.946229 0 0.323497
    outer loop
      vertex 186.285 3.91 82.1747
      vertex 186.321 8.88 82.28
      vertex 186.285 8.88 82.1747
    endloop
  endfacet
  facet normal -0.946229 0 0.323497
    outer loop
      vertex 186.321 8.88 82.28
      vertex 186.285 3.91 82.1747
      vertex 186.321 3.91 82.28
    endloop
  endfacet
  facet normal -0.657488 0 0.753465
    outer loop
      vertex 186.017 8.88 81.8257
      vertex 186.101 3.91 81.899
      vertex 186.101 8.88 81.899
    endloop
  endfacet
  facet normal -0.657488 0 0.753465
    outer loop
      vertex 186.101 3.91 81.899
      vertex 186.017 8.88 81.8257
      vertex 186.017 3.91 81.8257
    endloop
  endfacet
  facet normal 0.065624 0 0.997844
    outer loop
      vertex 185.389 8.88 81.6573
      vertex 185.5 3.91 81.65
      vertex 185.5 8.88 81.65
    endloop
  endfacet
  facet normal 0.065624 0 0.997844
    outer loop
      vertex 185.5 3.91 81.65
      vertex 185.389 8.88 81.6573
      vertex 185.389 3.91 81.6573
    endloop
  endfacet
  facet normal -0.195251 0 0.980753
    outer loop
      vertex 185.611 8.88 81.6573
      vertex 185.72 3.91 81.679
      vertex 185.72 8.88 81.679
    endloop
  endfacet
  facet normal -0.195251 0 0.980753
    outer loop
      vertex 185.72 3.91 81.679
      vertex 185.611 8.88 81.6573
      vertex 185.611 3.91 81.6573
    endloop
  endfacet
  facet normal -0.557612 0 0.830102
    outer loop
      vertex 185.925 8.88 81.7639
      vertex 186.017 3.91 81.8257
      vertex 186.017 8.88 81.8257
    endloop
  endfacet
  facet normal -0.557612 0 0.830102
    outer loop
      vertex 186.017 3.91 81.8257
      vertex 185.925 8.88 81.7639
      vertex 185.925 3.91 81.7639
    endloop
  endfacet
  facet normal 0.946229 -0 0.323497
    outer loop
      vertex 184.679 3.91 82.28
      vertex 184.715 8.88 82.1747
      vertex 184.679 8.88 82.28
    endloop
  endfacet
  facet normal 0.946229 0 0.323497
    outer loop
      vertex 184.715 8.88 82.1747
      vertex 184.679 3.91 82.28
      vertex 184.715 3.91 82.1747
    endloop
  endfacet
  facet normal 0.980268 -0 0.197671
    outer loop
      vertex 184.657 3.91 82.3891
      vertex 184.679 8.88 82.28
      vertex 184.657 8.88 82.3891
    endloop
  endfacet
  facet normal 0.980268 0 0.197671
    outer loop
      vertex 184.679 8.88 82.28
      vertex 184.657 3.91 82.3891
      vertex 184.679 3.91 82.28
    endloop
  endfacet
  facet normal 0.195251 0 0.980753
    outer loop
      vertex 185.28 8.88 81.679
      vertex 185.389 3.91 81.6573
      vertex 185.389 8.88 81.6573
    endloop
  endfacet
  facet normal 0.195251 0 0.980753
    outer loop
      vertex 185.389 3.91 81.6573
      vertex 185.28 8.88 81.679
      vertex 185.28 3.91 81.679
    endloop
  endfacet
  facet normal 0.657488 0 0.753465
    outer loop
      vertex 184.899 8.88 81.899
      vertex 184.983 3.91 81.8257
      vertex 184.983 8.88 81.8257
    endloop
  endfacet
  facet normal 0.657488 0 0.753465
    outer loop
      vertex 184.983 3.91 81.8257
      vertex 184.899 8.88 81.899
      vertex 184.899 3.91 81.899
    endloop
  endfacet
  facet normal 0.753246 -0 0.657739
    outer loop
      vertex 184.826 3.91 81.9826
      vertex 184.899 8.88 81.899
      vertex 184.826 8.88 81.9826
    endloop
  endfacet
  facet normal 0.753246 0 0.657739
    outer loop
      vertex 184.899 8.88 81.899
      vertex 184.826 3.91 81.9826
      vertex 184.899 3.91 81.899
    endloop
  endfacet
  facet normal -0.998014 0 0.0629946
    outer loop
      vertex 186.343 3.91 82.3891
      vertex 186.35 8.88 82.5
      vertex 186.343 8.88 82.3891
    endloop
  endfacet
  facet normal -0.998014 0 0.0629946
    outer loop
      vertex 186.35 8.88 82.5
      vertex 186.343 3.91 82.3891
      vertex 186.35 3.91 82.5
    endloop
  endfacet
  facet normal -0.830387 0 -0.557186
    outer loop
      vertex 186.236 3.91 82.925
      vertex 186.174 8.88 83.0174
      vertex 186.236 8.88 82.925
    endloop
  endfacet
  facet normal -0.830387 -0 -0.557186
    outer loop
      vertex 186.174 8.88 83.0174
      vertex 186.236 3.91 82.925
      vertex 186.174 3.91 83.0174
    endloop
  endfacet
  facet normal 0.998014 0 -0.0629946
    outer loop
      vertex 184.657 3.91 82.6109
      vertex 184.65 8.88 82.5
      vertex 184.657 8.88 82.6109
    endloop
  endfacet
  facet normal 0.998014 0 -0.0629946
    outer loop
      vertex 184.65 8.88 82.5
      vertex 184.657 3.91 82.6109
      vertex 184.65 3.91 82.5
    endloop
  endfacet
  facet normal 0.897467 0 -0.441082
    outer loop
      vertex 184.764 3.91 82.925
      vertex 184.715 8.88 82.8253
      vertex 184.764 8.88 82.925
    endloop
  endfacet
  facet normal 0.897467 0 -0.441082
    outer loop
      vertex 184.715 8.88 82.8253
      vertex 184.764 3.91 82.925
      vertex 184.715 3.91 82.8253
    endloop
  endfacet
  facet normal -0.195251 0 -0.980753
    outer loop
      vertex 185.611 3.91 83.3427
      vertex 185.72 8.88 83.321
      vertex 185.72 3.91 83.321
    endloop
  endfacet
  facet normal -0.195251 0 -0.980753
    outer loop
      vertex 185.72 8.88 83.321
      vertex 185.611 3.91 83.3427
      vertex 185.611 8.88 83.3427
    endloop
  endfacet
  facet normal -0.657488 0 -0.753465
    outer loop
      vertex 186.017 3.91 83.1743
      vertex 186.101 8.88 83.101
      vertex 186.101 3.91 83.101
    endloop
  endfacet
  facet normal -0.657488 0 -0.753465
    outer loop
      vertex 186.101 8.88 83.101
      vertex 186.017 3.91 83.1743
      vertex 186.017 8.88 83.1743
    endloop
  endfacet
  facet normal -0.980268 0 0.197671
    outer loop
      vertex 186.321 3.91 82.28
      vertex 186.343 8.88 82.3891
      vertex 186.321 8.88 82.28
    endloop
  endfacet
  facet normal -0.980268 0 0.197671
    outer loop
      vertex 186.343 8.88 82.3891
      vertex 186.321 3.91 82.28
      vertex 186.343 3.91 82.3891
    endloop
  endfacet
  facet normal -0.753246 0 0.657739
    outer loop
      vertex 186.101 3.91 81.899
      vertex 186.174 8.88 81.9826
      vertex 186.101 8.88 81.899
    endloop
  endfacet
  facet normal -0.753246 0 0.657739
    outer loop
      vertex 186.174 8.88 81.9826
      vertex 186.101 3.91 81.899
      vertex 186.174 3.91 81.9826
    endloop
  endfacet
  facet normal -0.065624 0 0.997844
    outer loop
      vertex 185.5 8.88 81.65
      vertex 185.611 3.91 81.6573
      vertex 185.611 8.88 81.6573
    endloop
  endfacet
  facet normal -0.065624 0 0.997844
    outer loop
      vertex 185.611 3.91 81.6573
      vertex 185.5 8.88 81.65
      vertex 185.5 3.91 81.65
    endloop
  endfacet
  facet normal -0.897467 0 -0.441082
    outer loop
      vertex 186.285 3.91 82.8253
      vertex 186.236 8.88 82.925
      vertex 186.285 8.88 82.8253
    endloop
  endfacet
  facet normal -0.897467 -0 -0.441082
    outer loop
      vertex 186.236 8.88 82.925
      vertex 186.285 3.91 82.8253
      vertex 186.236 3.91 82.925
    endloop
  endfacet
  facet normal 0.946229 0 -0.323497
    outer loop
      vertex 184.715 3.91 82.8253
      vertex 184.679 8.88 82.72
      vertex 184.715 8.88 82.8253
    endloop
  endfacet
  facet normal 0.946229 0 -0.323497
    outer loop
      vertex 184.679 8.88 82.72
      vertex 184.715 3.91 82.8253
      vertex 184.679 3.91 82.72
    endloop
  endfacet
  facet normal 0.980268 0 -0.197671
    outer loop
      vertex 184.679 3.91 82.72
      vertex 184.657 8.88 82.6109
      vertex 184.679 8.88 82.72
    endloop
  endfacet
  facet normal 0.980268 0 -0.197671
    outer loop
      vertex 184.657 8.88 82.6109
      vertex 184.679 3.91 82.72
      vertex 184.657 3.91 82.6109
    endloop
  endfacet
  facet normal -0.441462 0 -0.89728
    outer loop
      vertex 185.825 3.91 83.2853
      vertex 185.925 8.88 83.2361
      vertex 185.925 3.91 83.2361
    endloop
  endfacet
  facet normal -0.441462 0 -0.89728
    outer loop
      vertex 185.925 8.88 83.2361
      vertex 185.825 3.91 83.2853
      vertex 185.825 8.88 83.2853
    endloop
  endfacet
  facet normal -0.321903 0 -0.946773
    outer loop
      vertex 185.72 3.91 83.321
      vertex 185.825 8.88 83.2853
      vertex 185.825 3.91 83.2853
    endloop
  endfacet
  facet normal -0.321903 0 -0.946773
    outer loop
      vertex 185.825 8.88 83.2853
      vertex 185.72 3.91 83.321
      vertex 185.72 8.88 83.321
    endloop
  endfacet
  facet normal -0.753246 0 -0.657739
    outer loop
      vertex 186.174 3.91 83.0174
      vertex 186.101 8.88 83.101
      vertex 186.174 8.88 83.0174
    endloop
  endfacet
  facet normal -0.753246 -0 -0.657739
    outer loop
      vertex 186.101 8.88 83.101
      vertex 186.174 3.91 83.0174
      vertex 186.101 3.91 83.101
    endloop
  endfacet
  facet normal 0.321903 0 -0.946773
    outer loop
      vertex 185.175 3.91 83.2853
      vertex 185.28 8.88 83.321
      vertex 185.28 3.91 83.321
    endloop
  endfacet
  facet normal 0.321903 0 -0.946773
    outer loop
      vertex 185.28 8.88 83.321
      vertex 185.175 3.91 83.2853
      vertex 185.175 8.88 83.2853
    endloop
  endfacet
  facet normal -0.065624 0 -0.997844
    outer loop
      vertex 185.5 3.91 83.35
      vertex 185.611 8.88 83.3427
      vertex 185.611 3.91 83.3427
    endloop
  endfacet
  facet normal -0.065624 0 -0.997844
    outer loop
      vertex 185.611 8.88 83.3427
      vertex 185.5 3.91 83.35
      vertex 185.5 8.88 83.35
    endloop
  endfacet
  facet normal 0.065624 0 -0.997844
    outer loop
      vertex 185.389 3.91 83.3427
      vertex 185.5 8.88 83.35
      vertex 185.5 3.91 83.35
    endloop
  endfacet
  facet normal 0.065624 0 -0.997844
    outer loop
      vertex 185.5 8.88 83.35
      vertex 185.389 3.91 83.3427
      vertex 185.389 8.88 83.3427
    endloop
  endfacet
  facet normal 0.195251 0 -0.980753
    outer loop
      vertex 185.28 3.91 83.321
      vertex 185.389 8.88 83.3427
      vertex 185.389 3.91 83.3427
    endloop
  endfacet
  facet normal 0.195251 0 -0.980753
    outer loop
      vertex 185.389 8.88 83.3427
      vertex 185.28 3.91 83.321
      vertex 185.28 8.88 83.321
    endloop
  endfacet
  facet normal 0.753246 0 -0.657739
    outer loop
      vertex 184.899 3.91 83.101
      vertex 184.826 8.88 83.0174
      vertex 184.899 8.88 83.101
    endloop
  endfacet
  facet normal 0.753246 0 -0.657739
    outer loop
      vertex 184.826 8.88 83.0174
      vertex 184.899 3.91 83.101
      vertex 184.826 3.91 83.0174
    endloop
  endfacet
  facet normal 0.657488 0 -0.753465
    outer loop
      vertex 184.899 3.91 83.101
      vertex 184.983 8.88 83.1743
      vertex 184.983 3.91 83.1743
    endloop
  endfacet
  facet normal 0.657488 0 -0.753465
    outer loop
      vertex 184.983 8.88 83.1743
      vertex 184.899 3.91 83.101
      vertex 184.899 8.88 83.101
    endloop
  endfacet
  facet normal 0.557612 0 -0.830102
    outer loop
      vertex 184.983 3.91 83.1743
      vertex 185.075 8.88 83.2361
      vertex 185.075 3.91 83.2361
    endloop
  endfacet
  facet normal 0.557612 0 -0.830102
    outer loop
      vertex 185.075 8.88 83.2361
      vertex 184.983 3.91 83.1743
      vertex 184.983 8.88 83.1743
    endloop
  endfacet
  facet normal 0.830387 0 -0.557186
    outer loop
      vertex 184.826 3.91 83.0174
      vertex 184.764 8.88 82.925
      vertex 184.826 8.88 83.0174
    endloop
  endfacet
  facet normal 0.830387 0 -0.557186
    outer loop
      vertex 184.764 8.88 82.925
      vertex 184.826 3.91 83.0174
      vertex 184.764 3.91 82.925
    endloop
  endfacet
  facet normal 0.441462 0 -0.89728
    outer loop
      vertex 185.075 3.91 83.2361
      vertex 185.175 8.88 83.2853
      vertex 185.175 3.91 83.2853
    endloop
  endfacet
  facet normal 0.441462 0 -0.89728
    outer loop
      vertex 185.175 8.88 83.2853
      vertex 185.075 3.91 83.2361
      vertex 185.075 8.88 83.2361
    endloop
  endfacet
  facet normal -1 0 0
    outer loop
      vertex 46.65 104 3
      vertex 46.65 132 52.5
      vertex 46.65 132 3
    endloop
  endfacet
  facet normal -1 -0 0
    outer loop
      vertex 46.65 132 52.5
      vertex 46.65 104 3
      vertex 46.65 104 52.5
    endloop
  endfacet
  facet normal 0 0 1
    outer loop
      vertex 61.0787 124.639 52.5
      vertex 71.35 132 52.5
      vertex 61.1733 124.918 52.5
    endloop
  endfacet
  facet normal 0 0 1
    outer loop
      vertex 71.35 104 52.5
      vertex 61.2308 110.794 52.5
      vertex 61.25 110.5 52.5
    endloop
  endfacet
  facet normal 0 0 1
    outer loop
      vertex 60.9486 124.375 52.5
      vertex 71.35 132 52.5
      vertex 61.0787 124.639 52.5
    endloop
  endfacet
  facet normal 0 0 1
    outer loop
      vertex 71.35 104 52.5
      vertex 61.1733 111.082 52.5
      vertex 61.2308 110.794 52.5
    endloop
  endfacet
  facet normal 0 0 1
    outer loop
      vertex 71.35 132 52.5
      vertex 60.9486 124.375 52.5
      vertex 71.35 104 52.5
    endloop
  endfacet
  facet normal 0 0 1
    outer loop
      vertex 71.35 104 52.5
      vertex 61.0787 111.361 52.5
      vertex 61.1733 111.082 52.5
    endloop
  endfacet
  facet normal -0 0 1
    outer loop
      vertex 60.9486 111.625 52.5
      vertex 71.35 104 52.5
      vertex 60.9486 124.375 52.5
    endloop
  endfacet
  facet normal 0 0 1
    outer loop
      vertex 71.35 104 52.5
      vertex 60.9486 111.625 52.5
      vertex 61.0787 111.361 52.5
    endloop
  endfacet
  facet normal -0 0 1
    outer loop
      vertex 60.785 124.13 52.5
      vertex 60.9486 111.625 52.5
      vertex 60.9486 124.375 52.5
    endloop
  endfacet
  facet normal 0 0 1
    outer loop
      vertex 60.785 124.13 52.5
      vertex 60.785 111.87 52.5
      vertex 60.9486 111.625 52.5
    endloop
  endfacet
  facet normal -0 0 1
    outer loop
      vertex 60.591 123.909 52.5
      vertex 60.785 111.87 52.5
      vertex 60.785 124.13 52.5
    endloop
  endfacet
  facet normal 0 0 1
    outer loop
      vertex 60.591 123.909 52.5
      vertex 60.591 112.091 52.5
      vertex 60.785 111.87 52.5
    endloop
  endfacet
  facet normal -0 0 1
    outer loop
      vertex 60.3697 123.715 52.5
      vertex 60.591 112.091 52.5
      vertex 60.591 123.909 52.5
    endloop
  endfacet
  facet normal 0 0 1
    outer loop
      vertex 60.3697 123.715 52.5
      vertex 60.3697 112.285 52.5
      vertex 60.591 112.091 52.5
    endloop
  endfacet
  facet normal -0 0 1
    outer loop
      vertex 60.125 123.551 52.5
      vertex 60.3697 112.285 52.5
      vertex 60.3697 123.715 52.5
    endloop
  endfacet
  facet normal 0 0 1
    outer loop
      vertex 60.125 123.551 52.5
      vertex 60.125 112.449 52.5
      vertex 60.3697 112.285 52.5
    endloop
  endfacet
  facet normal -0 0 1
    outer loop
      vertex 59.861 123.421 52.5
      vertex 60.125 112.449 52.5
      vertex 60.125 123.551 52.5
    endloop
  endfacet
  facet normal 0 0 1
    outer loop
      vertex 59.861 123.421 52.5
      vertex 59.861 112.579 52.5
      vertex 60.125 112.449 52.5
    endloop
  endfacet
  facet normal -0 0 1
    outer loop
      vertex 59.5823 123.327 52.5
      vertex 59.861 112.579 52.5
      vertex 59.861 123.421 52.5
    endloop
  endfacet
  facet normal 0 0 1
    outer loop
      vertex 59.5823 123.327 52.5
      vertex 59.5823 112.673 52.5
      vertex 59.861 112.579 52.5
    endloop
  endfacet
  facet normal -0 0 1
    outer loop
      vertex 59.2937 123.269 52.5
      vertex 59.5823 112.673 52.5
      vertex 59.5823 123.327 52.5
    endloop
  endfacet
  facet normal 0 0 1
    outer loop
      vertex 59.2937 123.269 52.5
      vertex 59.2937 112.731 52.5
      vertex 59.5823 112.673 52.5
    endloop
  endfacet
  facet normal -0 0 1
    outer loop
      vertex 59 123.25 52.5
      vertex 59.2937 112.731 52.5
      vertex 59.2937 123.269 52.5
    endloop
  endfacet
  facet normal 0 0 1
    outer loop
      vertex 59 123.25 52.5
      vertex 59 112.75 52.5
      vertex 59.2937 112.731 52.5
    endloop
  endfacet
  facet normal 0 0 1
    outer loop
      vertex 58.7063 123.269 52.5
      vertex 59 112.75 52.5
      vertex 59 123.25 52.5
    endloop
  endfacet
  facet normal 0 0 1
    outer loop
      vertex 58.7063 123.269 52.5
      vertex 58.7063 112.731 52.5
      vertex 59 112.75 52.5
    endloop
  endfacet
  facet normal 0 0 1
    outer loop
      vertex 58.4177 123.327 52.5
      vertex 58.7063 112.731 52.5
      vertex 58.7063 123.269 52.5
    endloop
  endfacet
  facet normal 0 0 1
    outer loop
      vertex 58.4177 123.327 52.5
      vertex 58.4177 112.673 52.5
      vertex 58.7063 112.731 52.5
    endloop
  endfacet
  facet normal 0 0 1
    outer loop
      vertex 58.139 123.421 52.5
      vertex 58.4177 112.673 52.5
      vertex 58.4177 123.327 52.5
    endloop
  endfacet
  facet normal 0 0 1
    outer loop
      vertex 58.139 123.421 52.5
      vertex 58.139 112.579 52.5
      vertex 58.4177 112.673 52.5
    endloop
  endfacet
  facet normal 0 0 1
    outer loop
      vertex 57.875 123.551 52.5
      vertex 58.139 112.579 52.5
      vertex 58.139 123.421 52.5
    endloop
  endfacet
  facet normal 0 0 1
    outer loop
      vertex 57.875 123.551 52.5
      vertex 57.875 112.449 52.5
      vertex 58.139 112.579 52.5
    endloop
  endfacet
  facet normal 0 0 1
    outer loop
      vertex 57.6303 123.715 52.5
      vertex 57.875 112.449 52.5
      vertex 57.875 123.551 52.5
    endloop
  endfacet
  facet normal 0 0 1
    outer loop
      vertex 57.6303 123.715 52.5
      vertex 57.6303 112.285 52.5
      vertex 57.875 112.449 52.5
    endloop
  endfacet
  facet normal 0 0 1
    outer loop
      vertex 57.409 123.909 52.5
      vertex 57.6303 112.285 52.5
      vertex 57.6303 123.715 52.5
    endloop
  endfacet
  facet normal 0 0 1
    outer loop
      vertex 57.409 123.909 52.5
      vertex 57.409 112.091 52.5
      vertex 57.6303 112.285 52.5
    endloop
  endfacet
  facet normal 0 0 1
    outer loop
      vertex 57.215 124.13 52.5
      vertex 57.409 112.091 52.5
      vertex 57.409 123.909 52.5
    endloop
  endfacet
  facet normal 0 0 1
    outer loop
      vertex 57.215 124.13 52.5
      vertex 57.215 111.87 52.5
      vertex 57.409 112.091 52.5
    endloop
  endfacet
  facet normal 0 0 1
    outer loop
      vertex 57.0514 124.375 52.5
      vertex 57.215 111.87 52.5
      vertex 57.215 124.13 52.5
    endloop
  endfacet
  facet normal 0 0 1
    outer loop
      vertex 57.0514 124.375 52.5
      vertex 57.0514 111.625 52.5
      vertex 57.215 111.87 52.5
    endloop
  endfacet
  facet normal 0 0 1
    outer loop
      vertex 46.65 132 52.5
      vertex 57.0514 124.375 52.5
      vertex 56.9213 124.639 52.5
    endloop
  endfacet
  facet normal 0 0 1
    outer loop
      vertex 57.0514 124.375 52.5
      vertex 46.65 132 52.5
      vertex 57.0514 111.625 52.5
    endloop
  endfacet
  facet normal 0 0 1
    outer loop
      vertex 46.65 132 52.5
      vertex 56.9213 124.639 52.5
      vertex 56.8267 124.918 52.5
    endloop
  endfacet
  facet normal 0 0 1
    outer loop
      vertex 46.65 104 52.5
      vertex 57.0514 111.625 52.5
      vertex 46.65 132 52.5
    endloop
  endfacet
  facet normal 0 0 1
    outer loop
      vertex 46.65 132 52.5
      vertex 56.8267 124.918 52.5
      vertex 56.7692 125.206 52.5
    endloop
  endfacet
  facet normal 0 0 1
    outer loop
      vertex 57.0514 111.625 52.5
      vertex 46.65 104 52.5
      vertex 56.9213 111.361 52.5
    endloop
  endfacet
  facet normal 0 0 1
    outer loop
      vertex 46.65 132 52.5
      vertex 56.7692 125.206 52.5
      vertex 56.75 125.5 52.5
    endloop
  endfacet
  facet normal 0 0 1
    outer loop
      vertex 56.9213 111.361 52.5
      vertex 46.65 104 52.5
      vertex 56.8267 111.082 52.5
    endloop
  endfacet
  facet normal 0 0 1
    outer loop
      vertex 61.2308 125.206 52.5
      vertex 71.35 132 52.5
      vertex 61.25 125.5 52.5
    endloop
  endfacet
  facet normal 0 0 1
    outer loop
      vertex 71.35 132 52.5
      vertex 61.2308 125.794 52.5
      vertex 61.25 125.5 52.5
    endloop
  endfacet
  facet normal 0 0 1
    outer loop
      vertex 71.35 132 52.5
      vertex 61.1733 126.082 52.5
      vertex 61.2308 125.794 52.5
    endloop
  endfacet
  facet normal 0 0 1
    outer loop
      vertex 71.35 132 52.5
      vertex 61.0787 126.361 52.5
      vertex 61.1733 126.082 52.5
    endloop
  endfacet
  facet normal 0 0 1
    outer loop
      vertex 71.35 132 52.5
      vertex 60.9486 126.625 52.5
      vertex 61.0787 126.361 52.5
    endloop
  endfacet
  facet normal 0 0 1
    outer loop
      vertex 71.35 132 52.5
      vertex 60.785 126.87 52.5
      vertex 60.9486 126.625 52.5
    endloop
  endfacet
  facet normal 0 0 1
    outer loop
      vertex 71.35 132 52.5
      vertex 60.591 127.091 52.5
      vertex 60.785 126.87 52.5
    endloop
  endfacet
  facet normal 0 0 1
    outer loop
      vertex 71.35 132 52.5
      vertex 60.3697 127.285 52.5
      vertex 60.591 127.091 52.5
    endloop
  endfacet
  facet normal 0 0 1
    outer loop
      vertex 71.35 132 52.5
      vertex 60.125 127.449 52.5
      vertex 60.3697 127.285 52.5
    endloop
  endfacet
  facet normal 0 0 1
    outer loop
      vertex 71.35 132 52.5
      vertex 59.861 127.579 52.5
      vertex 60.125 127.449 52.5
    endloop
  endfacet
  facet normal 0 0 1
    outer loop
      vertex 71.35 132 52.5
      vertex 59.5823 127.673 52.5
      vertex 59.861 127.579 52.5
    endloop
  endfacet
  facet normal 0 0 1
    outer loop
      vertex 71.35 132 52.5
      vertex 59.2937 127.731 52.5
      vertex 59.5823 127.673 52.5
    endloop
  endfacet
  facet normal 0 0 1
    outer loop
      vertex 71.35 132 52.5
      vertex 59 127.75 52.5
      vertex 59.2937 127.731 52.5
    endloop
  endfacet
  facet normal -0 0 1
    outer loop
      vertex 46.65 132 52.5
      vertex 59 127.75 52.5
      vertex 71.35 132 52.5
    endloop
  endfacet
  facet normal 0 0 1
    outer loop
      vertex 59 127.75 52.5
      vertex 46.65 132 52.5
      vertex 58.7063 127.731 52.5
    endloop
  endfacet
  facet normal 0 0 1
    outer loop
      vertex 56.8267 111.082 52.5
      vertex 46.65 104 52.5
      vertex 56.7692 110.794 52.5
    endloop
  endfacet
  facet normal 0 0 1
    outer loop
      vertex 56.7692 125.794 52.5
      vertex 46.65 132 52.5
      vertex 56.75 125.5 52.5
    endloop
  endfacet
  facet normal 0 0 1
    outer loop
      vertex 56.8267 126.082 52.5
      vertex 46.65 132 52.5
      vertex 56.7692 125.794 52.5
    endloop
  endfacet
  facet normal 0 0 1
    outer loop
      vertex 56.9213 126.361 52.5
      vertex 46.65 132 52.5
      vertex 56.8267 126.082 52.5
    endloop
  endfacet
  facet normal 0 0 1
    outer loop
      vertex 57.0514 126.625 52.5
      vertex 46.65 132 52.5
      vertex 56.9213 126.361 52.5
    endloop
  endfacet
  facet normal 0 0 1
    outer loop
      vertex 57.215 126.87 52.5
      vertex 46.65 132 52.5
      vertex 57.0514 126.625 52.5
    endloop
  endfacet
  facet normal 0 0 1
    outer loop
      vertex 57.409 127.091 52.5
      vertex 46.65 132 52.5
      vertex 57.215 126.87 52.5
    endloop
  endfacet
  facet normal 0 0 1
    outer loop
      vertex 57.6303 127.285 52.5
      vertex 46.65 132 52.5
      vertex 57.409 127.091 52.5
    endloop
  endfacet
  facet normal 0 0 1
    outer loop
      vertex 57.875 127.449 52.5
      vertex 46.65 132 52.5
      vertex 57.6303 127.285 52.5
    endloop
  endfacet
  facet normal 0 0 1
    outer loop
      vertex 58.139 127.579 52.5
      vertex 46.65 132 52.5
      vertex 57.875 127.449 52.5
    endloop
  endfacet
  facet normal 0 0 1
    outer loop
      vertex 58.4177 127.673 52.5
      vertex 46.65 132 52.5
      vertex 58.139 127.579 52.5
    endloop
  endfacet
  facet normal 0 0 1
    outer loop
      vertex 58.7063 127.731 52.5
      vertex 46.65 132 52.5
      vertex 58.4177 127.673 52.5
    endloop
  endfacet
  facet normal 0 0 1
    outer loop
      vertex 61.1733 124.918 52.5
      vertex 71.35 132 52.5
      vertex 61.2308 125.206 52.5
    endloop
  endfacet
  facet normal -0 0 1
    outer loop
      vertex 61.2308 110.206 52.5
      vertex 71.35 104 52.5
      vertex 61.25 110.5 52.5
    endloop
  endfacet
  facet normal -0 0 1
    outer loop
      vertex 61.1733 109.918 52.5
      vertex 71.35 104 52.5
      vertex 61.2308 110.206 52.5
    endloop
  endfacet
  facet normal -0 0 1
    outer loop
      vertex 61.0787 109.639 52.5
      vertex 71.35 104 52.5
      vertex 61.1733 109.918 52.5
    endloop
  endfacet
  facet normal -0 0 1
    outer loop
      vertex 60.9486 109.375 52.5
      vertex 71.35 104 52.5
      vertex 61.0787 109.639 52.5
    endloop
  endfacet
  facet normal -0 0 1
    outer loop
      vertex 60.785 109.13 52.5
      vertex 71.35 104 52.5
      vertex 60.9486 109.375 52.5
    endloop
  endfacet
  facet normal -0 0 1
    outer loop
      vertex 60.591 108.909 52.5
      vertex 71.35 104 52.5
      vertex 60.785 109.13 52.5
    endloop
  endfacet
  facet normal -0 0 1
    outer loop
      vertex 60.3697 108.715 52.5
      vertex 71.35 104 52.5
      vertex 60.591 108.909 52.5
    endloop
  endfacet
  facet normal -0 0 1
    outer loop
      vertex 60.125 108.551 52.5
      vertex 71.35 104 52.5
      vertex 60.3697 108.715 52.5
    endloop
  endfacet
  facet normal -0 0 1
    outer loop
      vertex 59.861 108.421 52.5
      vertex 71.35 104 52.5
      vertex 60.125 108.551 52.5
    endloop
  endfacet
  facet normal -0 0 1
    outer loop
      vertex 59.5823 108.327 52.5
      vertex 71.35 104 52.5
      vertex 59.861 108.421 52.5
    endloop
  endfacet
  facet normal -0 0 1
    outer loop
      vertex 59.2937 108.269 52.5
      vertex 71.35 104 52.5
      vertex 59.5823 108.327 52.5
    endloop
  endfacet
  facet normal -0 0 1
    outer loop
      vertex 59 108.25 52.5
      vertex 71.35 104 52.5
      vertex 59.2937 108.269 52.5
    endloop
  endfacet
  facet normal 0 0 1
    outer loop
      vertex 46.65 104 52.5
      vertex 59 108.25 52.5
      vertex 58.7063 108.269 52.5
    endloop
  endfacet
  facet normal 0 0 1
    outer loop
      vertex 46.65 104 52.5
      vertex 58.7063 108.269 52.5
      vertex 58.4177 108.327 52.5
    endloop
  endfacet
  facet normal 0 0 1
    outer loop
      vertex 56.7692 110.794 52.5
      vertex 46.65 104 52.5
      vertex 56.75 110.5 52.5
    endloop
  endfacet
  facet normal 0 0 1
    outer loop
      vertex 56.75 110.5 52.5
      vertex 46.65 104 52.5
      vertex 56.7692 110.206 52.5
    endloop
  endfacet
  facet normal 0 0 1
    outer loop
      vertex 56.7692 110.206 52.5
      vertex 46.65 104 52.5
      vertex 56.8267 109.918 52.5
    endloop
  endfacet
  facet normal 0 0 1
    outer loop
      vertex 59 108.25 52.5
      vertex 46.65 104 52.5
      vertex 71.35 104 52.5
    endloop
  endfacet
  facet normal 0 0 1
    outer loop
      vertex 58.139 108.421 52.5
      vertex 46.65 104 52.5
      vertex 58.4177 108.327 52.5
    endloop
  endfacet
  facet normal 0 0 1
    outer loop
      vertex 57.875 108.551 52.5
      vertex 46.65 104 52.5
      vertex 58.139 108.421 52.5
    endloop
  endfacet
  facet normal 0 0 1
    outer loop
      vertex 57.6303 108.715 52.5
      vertex 46.65 104 52.5
      vertex 57.875 108.551 52.5
    endloop
  endfacet
  facet normal 0 0 1
    outer loop
      vertex 57.409 108.909 52.5
      vertex 46.65 104 52.5
      vertex 57.6303 108.715 52.5
    endloop
  endfacet
  facet normal 0 0 1
    outer loop
      vertex 57.215 109.13 52.5
      vertex 46.65 104 52.5
      vertex 57.409 108.909 52.5
    endloop
  endfacet
  facet normal 0 0 1
    outer loop
      vertex 57.0514 109.375 52.5
      vertex 46.65 104 52.5
      vertex 57.215 109.13 52.5
    endloop
  endfacet
  facet normal 0 0 1
    outer loop
      vertex 56.9213 109.639 52.5
      vertex 46.65 104 52.5
      vertex 57.0514 109.375 52.5
    endloop
  endfacet
  facet normal 0 0 1
    outer loop
      vertex 56.8267 109.918 52.5
      vertex 46.65 104 52.5
      vertex 56.9213 109.639 52.5
    endloop
  endfacet
  facet normal 1 -0 0
    outer loop
      vertex 71.35 104 52.5
      vertex 71.35 132 3
      vertex 71.35 132 52.5
    endloop
  endfacet
  facet normal 1 0 0
    outer loop
      vertex 71.35 132 3
      vertex 71.35 104 52.5
      vertex 71.35 104 3
    endloop
  endfacet
  facet normal 0 1 -0
    outer loop
      vertex 71.35 132 3
      vertex 46.65 132 52.5
      vertex 71.35 132 52.5
    endloop
  endfacet
  facet normal 0 1 0
    outer loop
      vertex 46.65 132 52.5
      vertex 71.35 132 3
      vertex 46.65 132 3
    endloop
  endfacet
  facet normal 0 -1 0
    outer loop
      vertex 46.65 104 3
      vertex 71.35 104 52.5
      vertex 46.65 104 52.5
    endloop
  endfacet
  facet normal 0 -1 -0
    outer loop
      vertex 71.35 104 52.5
      vertex 46.65 104 3
      vertex 71.35 104 3
    endloop
  endfacet
  facet normal -0.556735 -0.83069 0
    outer loop
      vertex 60.125 112.449 4.48
      vertex 60.3697 112.285 52.5
      vertex 60.125 112.449 52.5
    endloop
  endfacet
  facet normal -0.556735 -0.83069 -0
    outer loop
      vertex 60.3697 112.285 52.5
      vertex 60.125 112.449 4.48
      vertex 60.3697 112.285 4.48
    endloop
  endfacet
  facet normal -0.980646 0.195789 0
    outer loop
      vertex 61.1733 109.918 4.48
      vertex 61.2308 110.206 52.5
      vertex 61.2308 110.206 4.48
    endloop
  endfacet
  facet normal -0.980646 0.195789 0
    outer loop
      vertex 61.2308 110.206 52.5
      vertex 61.1733 109.918 4.48
      vertex 61.1733 109.918 52.5
    endloop
  endfacet
  facet normal 0.197031 0.980397 -0
    outer loop
      vertex 58.7063 108.269 4.48
      vertex 58.4177 108.327 52.5
      vertex 58.7063 108.269 52.5
    endloop
  endfacet
  facet normal 0.197031 0.980397 0
    outer loop
      vertex 58.4177 108.327 52.5
      vertex 58.7063 108.269 4.48
      vertex 58.4177 108.327 4.48
    endloop
  endfacet
  facet normal 0.441768 -0.897129 0
    outer loop
      vertex 57.875 112.449 4.48
      vertex 58.139 112.579 52.5
      vertex 57.875 112.449 52.5
    endloop
  endfacet
  facet normal 0.441768 -0.897129 0
    outer loop
      vertex 58.139 112.579 52.5
      vertex 57.875 112.449 4.48
      vertex 58.139 112.579 4.48
    endloop
  endfacet
  facet normal 0.947041 -0.321112 0
    outer loop
      vertex 56.8267 111.082 52.5
      vertex 56.9213 111.361 4.48
      vertex 56.9213 111.361 52.5
    endloop
  endfacet
  facet normal 0.947041 -0.321112 0
    outer loop
      vertex 56.9213 111.361 4.48
      vertex 56.8267 111.082 52.5
      vertex 56.8267 111.082 4.48
    endloop
  endfacet
  facet normal -0.751522 0.659708 0
    outer loop
      vertex 60.591 108.909 4.48
      vertex 60.785 109.13 52.5
      vertex 60.785 109.13 4.48
    endloop
  endfacet
  facet normal -0.751522 0.659708 0
    outer loop
      vertex 60.785 109.13 52.5
      vertex 60.591 108.909 4.48
      vertex 60.591 108.909 52.5
    endloop
  endfacet
  facet normal -0.896995 -0.442042 0
    outer loop
      vertex 61.0787 111.361 4.48
      vertex 60.9486 111.625 52.5
      vertex 60.9486 111.625 4.48
    endloop
  endfacet
  facet normal -0.896995 -0.442042 0
    outer loop
      vertex 60.9486 111.625 52.5
      vertex 61.0787 111.361 4.48
      vertex 61.0787 111.361 52.5
    endloop
  endfacet
  facet normal -0.831632 -0.555327 0
    outer loop
      vertex 60.9486 111.625 4.48
      vertex 60.785 111.87 52.5
      vertex 60.785 111.87 4.48
    endloop
  endfacet
  facet normal -0.831632 -0.555327 0
    outer loop
      vertex 60.785 111.87 52.5
      vertex 60.9486 111.625 4.48
      vertex 60.9486 111.625 52.5
    endloop
  endfacet
  facet normal -0.659202 -0.751966 0
    outer loop
      vertex 60.3697 112.285 4.48
      vertex 60.591 112.091 52.5
      vertex 60.3697 112.285 52.5
    endloop
  endfacet
  facet normal -0.659202 -0.751966 -0
    outer loop
      vertex 60.591 112.091 52.5
      vertex 60.3697 112.285 4.48
      vertex 60.591 112.091 4.48
    endloop
  endfacet
  facet normal -0.319592 -0.947555 0
    outer loop
      vertex 59.5823 112.673 4.48
      vertex 59.861 112.579 52.5
      vertex 59.5823 112.673 52.5
    endloop
  endfacet
  facet normal -0.319592 -0.947555 -0
    outer loop
      vertex 59.861 112.579 52.5
      vertex 59.5823 112.673 4.48
      vertex 59.861 112.579 4.48
    endloop
  endfacet
  facet normal 0.0645569 -0.997914 0
    outer loop
      vertex 58.7063 112.731 4.48
      vertex 59 112.75 52.5
      vertex 58.7063 112.731 52.5
    endloop
  endfacet
  facet normal 0.0645569 -0.997914 0
    outer loop
      vertex 59 112.75 52.5
      vertex 58.7063 112.731 4.48
      vertex 59 112.75 4.48
    endloop
  endfacet
  facet normal 0.997874 -0.0651673 0
    outer loop
      vertex 56.75 110.5 52.5
      vertex 56.7692 110.794 4.48
      vertex 56.7692 110.794 52.5
    endloop
  endfacet
  facet normal 0.997874 -0.0651673 0
    outer loop
      vertex 56.7692 110.794 4.48
      vertex 56.75 110.5 52.5
      vertex 56.75 110.5 4.48
    endloop
  endfacet
  facet normal 0.831632 -0.555327 0
    outer loop
      vertex 57.0514 111.625 52.5
      vertex 57.215 111.87 4.48
      vertex 57.215 111.87 52.5
    endloop
  endfacet
  facet normal 0.831632 -0.555327 0
    outer loop
      vertex 57.215 111.87 4.48
      vertex 57.0514 111.625 52.5
      vertex 57.0514 111.625 4.48
    endloop
  endfacet
  facet normal 0.319592 -0.947555 0
    outer loop
      vertex 58.139 112.579 4.48
      vertex 58.4177 112.673 52.5
      vertex 58.139 112.579 52.5
    endloop
  endfacet
  facet normal 0.319592 -0.947555 0
    outer loop
      vertex 58.4177 112.673 52.5
      vertex 58.139 112.579 4.48
      vertex 58.4177 112.673 4.48
    endloop
  endfacet
  facet normal 0.751522 -0.659708 0
    outer loop
      vertex 57.215 111.87 52.5
      vertex 57.409 112.091 4.48
      vertex 57.409 112.091 52.5
    endloop
  endfacet
  facet normal 0.751522 -0.659708 0
    outer loop
      vertex 57.409 112.091 4.48
      vertex 57.215 111.87 52.5
      vertex 57.215 111.87 4.48
    endloop
  endfacet
  facet normal -0.997874 -0.0651673 0
    outer loop
      vertex 61.25 110.5 4.48
      vertex 61.2308 110.794 52.5
      vertex 61.2308 110.794 4.48
    endloop
  endfacet
  facet normal -0.997874 -0.0651673 0
    outer loop
      vertex 61.2308 110.794 52.5
      vertex 61.25 110.5 4.48
      vertex 61.25 110.5 52.5
    endloop
  endfacet
  facet normal -0.831632 0.555327 0
    outer loop
      vertex 60.785 109.13 4.48
      vertex 60.9486 109.375 52.5
      vertex 60.9486 109.375 4.48
    endloop
  endfacet
  facet normal -0.831632 0.555327 0
    outer loop
      vertex 60.9486 109.375 52.5
      vertex 60.785 109.13 4.48
      vertex 60.785 109.13 52.5
    endloop
  endfacet
  facet normal -0.947041 0.321112 0
    outer loop
      vertex 61.0787 109.639 4.48
      vertex 61.1733 109.918 52.5
      vertex 61.1733 109.918 4.48
    endloop
  endfacet
  facet normal -0.947041 0.321112 0
    outer loop
      vertex 61.1733 109.918 52.5
      vertex 61.0787 109.639 4.48
      vertex 61.0787 109.639 52.5
    endloop
  endfacet
  facet normal -0.441768 0.897129 0
    outer loop
      vertex 60.125 108.551 4.48
      vertex 59.861 108.421 52.5
      vertex 60.125 108.551 52.5
    endloop
  endfacet
  facet normal -0.441768 0.897129 0
    outer loop
      vertex 59.861 108.421 52.5
      vertex 60.125 108.551 4.48
      vertex 59.861 108.421 4.48
    endloop
  endfacet
  facet normal 0.0645569 0.997914 -0
    outer loop
      vertex 59 108.25 4.48
      vertex 58.7063 108.269 52.5
      vertex 59 108.25 52.5
    endloop
  endfacet
  facet normal 0.0645569 0.997914 0
    outer loop
      vertex 58.7063 108.269 52.5
      vertex 59 108.25 4.48
      vertex 58.7063 108.269 4.48
    endloop
  endfacet
  facet normal 0.556735 0.83069 -0
    outer loop
      vertex 57.875 108.551 4.48
      vertex 57.6303 108.715 52.5
      vertex 57.875 108.551 52.5
    endloop
  endfacet
  facet normal 0.556735 0.83069 0
    outer loop
      vertex 57.6303 108.715 52.5
      vertex 57.875 108.551 4.48
      vertex 57.6303 108.715 4.48
    endloop
  endfacet
  facet normal -0.980646 -0.195789 0
    outer loop
      vertex 61.2308 110.794 4.48
      vertex 61.1733 111.082 52.5
      vertex 61.1733 111.082 4.48
    endloop
  endfacet
  facet normal -0.980646 -0.195789 0
    outer loop
      vertex 61.1733 111.082 52.5
      vertex 61.2308 110.794 4.48
      vertex 61.2308 110.794 52.5
    endloop
  endfacet
  facet normal -0.947041 -0.321112 0
    outer loop
      vertex 61.1733 111.082 4.48
      vertex 61.0787 111.361 52.5
      vertex 61.0787 111.361 4.48
    endloop
  endfacet
  facet normal -0.947041 -0.321112 0
    outer loop
      vertex 61.0787 111.361 52.5
      vertex 61.1733 111.082 4.48
      vertex 61.1733 111.082 52.5
    endloop
  endfacet
  facet normal -0.751522 -0.659708 0
    outer loop
      vertex 60.785 111.87 4.48
      vertex 60.591 112.091 52.5
      vertex 60.591 112.091 4.48
    endloop
  endfacet
  facet normal -0.751522 -0.659708 0
    outer loop
      vertex 60.591 112.091 52.5
      vertex 60.785 111.87 4.48
      vertex 60.785 111.87 52.5
    endloop
  endfacet
  facet normal -0.441768 -0.897129 0
    outer loop
      vertex 59.861 112.579 4.48
      vertex 60.125 112.449 52.5
      vertex 59.861 112.579 52.5
    endloop
  endfacet
  facet normal -0.441768 -0.897129 -0
    outer loop
      vertex 60.125 112.449 52.5
      vertex 59.861 112.579 4.48
      vertex 60.125 112.449 4.48
    endloop
  endfacet
  facet normal -0.197031 -0.980397 0
    outer loop
      vertex 59.2937 112.731 4.48
      vertex 59.5823 112.673 52.5
      vertex 59.2937 112.731 52.5
    endloop
  endfacet
  facet normal -0.197031 -0.980397 -0
    outer loop
      vertex 59.5823 112.673 52.5
      vertex 59.2937 112.731 4.48
      vertex 59.5823 112.673 4.48
    endloop
  endfacet
  facet normal -0.0645569 -0.997914 0
    outer loop
      vertex 59 112.75 4.48
      vertex 59.2937 112.731 52.5
      vertex 59 112.75 52.5
    endloop
  endfacet
  facet normal -0.0645569 -0.997914 -0
    outer loop
      vertex 59.2937 112.731 52.5
      vertex 59 112.75 4.48
      vertex 59.2937 112.731 4.48
    endloop
  endfacet
  facet normal 0.980646 -0.195789 0
    outer loop
      vertex 56.7692 110.794 52.5
      vertex 56.8267 111.082 4.48
      vertex 56.8267 111.082 52.5
    endloop
  endfacet
  facet normal 0.980646 -0.195789 0
    outer loop
      vertex 56.8267 111.082 4.48
      vertex 56.7692 110.794 52.5
      vertex 56.7692 110.794 4.48
    endloop
  endfacet
  facet normal 0.896995 -0.442042 0
    outer loop
      vertex 56.9213 111.361 52.5
      vertex 57.0514 111.625 4.48
      vertex 57.0514 111.625 52.5
    endloop
  endfacet
  facet normal 0.896995 -0.442042 0
    outer loop
      vertex 57.0514 111.625 4.48
      vertex 56.9213 111.361 52.5
      vertex 56.9213 111.361 4.48
    endloop
  endfacet
  facet normal 0.197031 -0.980397 0
    outer loop
      vertex 58.4177 112.673 4.48
      vertex 58.7063 112.731 52.5
      vertex 58.4177 112.673 52.5
    endloop
  endfacet
  facet normal 0.197031 -0.980397 0
    outer loop
      vertex 58.7063 112.731 52.5
      vertex 58.4177 112.673 4.48
      vertex 58.7063 112.731 4.48
    endloop
  endfacet
  facet normal 0.659202 -0.751966 0
    outer loop
      vertex 57.409 112.091 4.48
      vertex 57.6303 112.285 52.5
      vertex 57.409 112.091 52.5
    endloop
  endfacet
  facet normal 0.659202 -0.751966 0
    outer loop
      vertex 57.6303 112.285 52.5
      vertex 57.409 112.091 4.48
      vertex 57.6303 112.285 4.48
    endloop
  endfacet
  facet normal 0.556735 -0.83069 0
    outer loop
      vertex 57.6303 112.285 4.48
      vertex 57.875 112.449 52.5
      vertex 57.6303 112.285 52.5
    endloop
  endfacet
  facet normal 0.556735 -0.83069 0
    outer loop
      vertex 57.875 112.449 52.5
      vertex 57.6303 112.285 4.48
      vertex 57.875 112.449 4.48
    endloop
  endfacet
  facet normal -0.997874 0.0651673 0
    outer loop
      vertex 61.2308 110.206 4.48
      vertex 61.25 110.5 52.5
      vertex 61.25 110.5 4.48
    endloop
  endfacet
  facet normal -0.997874 0.0651673 0
    outer loop
      vertex 61.25 110.5 52.5
      vertex 61.2308 110.206 4.48
      vertex 61.2308 110.206 52.5
    endloop
  endfacet
  facet normal -0.197031 0.980397 0
    outer loop
      vertex 59.5823 108.327 4.48
      vertex 59.2937 108.269 52.5
      vertex 59.5823 108.327 52.5
    endloop
  endfacet
  facet normal -0.197031 0.980397 0
    outer loop
      vertex 59.2937 108.269 52.5
      vertex 59.5823 108.327 4.48
      vertex 59.2937 108.269 4.48
    endloop
  endfacet
  facet normal -0.556735 0.83069 0
    outer loop
      vertex 60.3697 108.715 4.48
      vertex 60.125 108.551 52.5
      vertex 60.3697 108.715 52.5
    endloop
  endfacet
  facet normal -0.556735 0.83069 0
    outer loop
      vertex 60.125 108.551 52.5
      vertex 60.3697 108.715 4.48
      vertex 60.125 108.551 4.48
    endloop
  endfacet
  facet normal -0.0645569 0.997914 0
    outer loop
      vertex 59.2937 108.269 4.48
      vertex 59 108.25 52.5
      vertex 59.2937 108.269 52.5
    endloop
  endfacet
  facet normal -0.0645569 0.997914 0
    outer loop
      vertex 59 108.25 52.5
      vertex 59.2937 108.269 4.48
      vertex 59 108.25 4.48
    endloop
  endfacet
  facet normal 0.319592 0.947555 -0
    outer loop
      vertex 58.4177 108.327 4.48
      vertex 58.139 108.421 52.5
      vertex 58.4177 108.327 52.5
    endloop
  endfacet
  facet normal 0.319592 0.947555 0
    outer loop
      vertex 58.139 108.421 52.5
      vertex 58.4177 108.327 4.48
      vertex 58.139 108.421 4.48
    endloop
  endfacet
  facet normal 0.896995 0.442042 0
    outer loop
      vertex 57.0514 109.375 52.5
      vertex 56.9213 109.639 4.48
      vertex 56.9213 109.639 52.5
    endloop
  endfacet
  facet normal 0.896995 0.442042 0
    outer loop
      vertex 56.9213 109.639 4.48
      vertex 57.0514 109.375 52.5
      vertex 57.0514 109.375 4.48
    endloop
  endfacet
  facet normal 0.980646 0.195789 0
    outer loop
      vertex 56.8267 109.918 52.5
      vertex 56.7692 110.206 4.48
      vertex 56.7692 110.206 52.5
    endloop
  endfacet
  facet normal 0.980646 0.195789 0
    outer loop
      vertex 56.7692 110.206 4.48
      vertex 56.8267 109.918 52.5
      vertex 56.8267 109.918 4.48
    endloop
  endfacet
  facet normal 0.659202 0.751966 -0
    outer loop
      vertex 57.6303 108.715 4.48
      vertex 57.409 108.909 52.5
      vertex 57.6303 108.715 52.5
    endloop
  endfacet
  facet normal 0.659202 0.751966 0
    outer loop
      vertex 57.409 108.909 52.5
      vertex 57.6303 108.715 4.48
      vertex 57.409 108.909 4.48
    endloop
  endfacet
  facet normal 0.831632 0.555327 0
    outer loop
      vertex 57.215 109.13 52.5
      vertex 57.0514 109.375 4.48
      vertex 57.0514 109.375 52.5
    endloop
  endfacet
  facet normal 0.831632 0.555327 0
    outer loop
      vertex 57.0514 109.375 4.48
      vertex 57.215 109.13 52.5
      vertex 57.215 109.13 4.48
    endloop
  endfacet
  facet normal 0.997874 0.0651673 0
    outer loop
      vertex 56.7692 110.206 52.5
      vertex 56.75 110.5 4.48
      vertex 56.75 110.5 52.5
    endloop
  endfacet
  facet normal 0.997874 0.0651673 0
    outer loop
      vertex 56.75 110.5 4.48
      vertex 56.7692 110.206 52.5
      vertex 56.7692 110.206 4.48
    endloop
  endfacet
  facet normal -0.896995 0.442042 0
    outer loop
      vertex 60.9486 109.375 4.48
      vertex 61.0787 109.639 52.5
      vertex 61.0787 109.639 4.48
    endloop
  endfacet
  facet normal -0.896995 0.442042 0
    outer loop
      vertex 61.0787 109.639 52.5
      vertex 60.9486 109.375 4.48
      vertex 60.9486 109.375 52.5
    endloop
  endfacet
  facet normal -0.319592 0.947555 0
    outer loop
      vertex 59.861 108.421 4.48
      vertex 59.5823 108.327 52.5
      vertex 59.861 108.421 52.5
    endloop
  endfacet
  facet normal -0.319592 0.947555 0
    outer loop
      vertex 59.5823 108.327 52.5
      vertex 59.861 108.421 4.48
      vertex 59.5823 108.327 4.48
    endloop
  endfacet
  facet normal -0.659202 0.751966 0
    outer loop
      vertex 60.591 108.909 4.48
      vertex 60.3697 108.715 52.5
      vertex 60.591 108.909 52.5
    endloop
  endfacet
  facet normal -0.659202 0.751966 0
    outer loop
      vertex 60.3697 108.715 52.5
      vertex 60.591 108.909 4.48
      vertex 60.3697 108.715 4.48
    endloop
  endfacet
  facet normal 0.441768 0.897129 -0
    outer loop
      vertex 58.139 108.421 4.48
      vertex 57.875 108.551 52.5
      vertex 58.139 108.421 52.5
    endloop
  endfacet
  facet normal 0.441768 0.897129 0
    outer loop
      vertex 57.875 108.551 52.5
      vertex 58.139 108.421 4.48
      vertex 57.875 108.551 4.48
    endloop
  endfacet
  facet normal 0.947041 0.321112 0
    outer loop
      vertex 56.9213 109.639 52.5
      vertex 56.8267 109.918 4.48
      vertex 56.8267 109.918 52.5
    endloop
  endfacet
  facet normal 0.947041 0.321112 0
    outer loop
      vertex 56.8267 109.918 4.48
      vertex 56.9213 109.639 52.5
      vertex 56.9213 109.639 4.48
    endloop
  endfacet
  facet normal 0.751522 0.659708 0
    outer loop
      vertex 57.409 108.909 52.5
      vertex 57.215 109.13 4.48
      vertex 57.215 109.13 52.5
    endloop
  endfacet
  facet normal 0.751522 0.659708 0
    outer loop
      vertex 57.215 109.13 4.48
      vertex 57.409 108.909 52.5
      vertex 57.409 108.909 4.48
    endloop
  endfacet
  facet normal -0.866032 -0.499989 0
    outer loop
      vertex 63.6765 110.5 0
      vertex 61.3383 114.55 4.48
      vertex 61.3383 114.55 0
    endloop
  endfacet
  facet normal -0.866032 -0.499989 0
    outer loop
      vertex 61.3383 114.55 4.48
      vertex 63.6765 110.5 0
      vertex 63.6765 110.5 4.48
    endloop
  endfacet
  facet normal 0.866032 0.499989 0
    outer loop
      vertex 56.6617 106.45 4.48
      vertex 54.3235 110.5 0
      vertex 54.3235 110.5 4.48
    endloop
  endfacet
  facet normal 0.866032 0.499989 0
    outer loop
      vertex 54.3235 110.5 0
      vertex 56.6617 106.45 4.48
      vertex 56.6617 106.45 0
    endloop
  endfacet
  facet normal 0 -1 0
    outer loop
      vertex 56.6617 114.55 0
      vertex 61.3383 114.55 4.48
      vertex 56.6617 114.55 4.48
    endloop
  endfacet
  facet normal 0 -1 -0
    outer loop
      vertex 61.3383 114.55 4.48
      vertex 56.6617 114.55 0
      vertex 61.3383 114.55 0
    endloop
  endfacet
  facet normal 0 1 -0
    outer loop
      vertex 61.3383 106.45 0
      vertex 56.6617 106.45 4.48
      vertex 61.3383 106.45 4.48
    endloop
  endfacet
  facet normal 0 1 0
    outer loop
      vertex 56.6617 106.45 4.48
      vertex 61.3383 106.45 0
      vertex 56.6617 106.45 0
    endloop
  endfacet
  facet normal 0 0 -1
    outer loop
      vertex 60.9486 109.375 4.48
      vertex 63.6765 110.5 4.48
      vertex 61.3383 106.45 4.48
    endloop
  endfacet
  facet normal 0 0 -1
    outer loop
      vertex 61.2308 110.794 4.48
      vertex 63.6765 110.5 4.48
      vertex 61.25 110.5 4.48
    endloop
  endfacet
  facet normal -0 0 -1
    outer loop
      vertex 63.6765 110.5 4.48
      vertex 61.2308 110.206 4.48
      vertex 61.25 110.5 4.48
    endloop
  endfacet
  facet normal 0 0 -1
    outer loop
      vertex 63.6765 110.5 4.48
      vertex 61.1733 109.918 4.48
      vertex 61.2308 110.206 4.48
    endloop
  endfacet
  facet normal 0 0 -1
    outer loop
      vertex 63.6765 110.5 4.48
      vertex 61.0787 109.639 4.48
      vertex 61.1733 109.918 4.48
    endloop
  endfacet
  facet normal 0 0 -1
    outer loop
      vertex 63.6765 110.5 4.48
      vertex 60.9486 109.375 4.48
      vertex 61.0787 109.639 4.48
    endloop
  endfacet
  facet normal 0 0 -1
    outer loop
      vertex 61.3383 106.45 4.48
      vertex 60.785 109.13 4.48
      vertex 60.9486 109.375 4.48
    endloop
  endfacet
  facet normal 0 0 -1
    outer loop
      vertex 61.3383 106.45 4.48
      vertex 60.591 108.909 4.48
      vertex 60.785 109.13 4.48
    endloop
  endfacet
  facet normal 0 0 -1
    outer loop
      vertex 61.3383 106.45 4.48
      vertex 60.3697 108.715 4.48
      vertex 60.591 108.909 4.48
    endloop
  endfacet
  facet normal 0 0 -1
    outer loop
      vertex 61.3383 106.45 4.48
      vertex 60.125 108.551 4.48
      vertex 60.3697 108.715 4.48
    endloop
  endfacet
  facet normal 0 0 -1
    outer loop
      vertex 61.3383 106.45 4.48
      vertex 59.861 108.421 4.48
      vertex 60.125 108.551 4.48
    endloop
  endfacet
  facet normal 0 0 -1
    outer loop
      vertex 61.3383 106.45 4.48
      vertex 59.5823 108.327 4.48
      vertex 59.861 108.421 4.48
    endloop
  endfacet
  facet normal 0 0 -1
    outer loop
      vertex 61.3383 106.45 4.48
      vertex 59.2937 108.269 4.48
      vertex 59.5823 108.327 4.48
    endloop
  endfacet
  facet normal 0 0 -1
    outer loop
      vertex 61.3383 106.45 4.48
      vertex 59 108.25 4.48
      vertex 59.2937 108.269 4.48
    endloop
  endfacet
  facet normal 0 0 -1
    outer loop
      vertex 56.6617 106.45 4.48
      vertex 59 108.25 4.48
      vertex 61.3383 106.45 4.48
    endloop
  endfacet
  facet normal -0 0 -1
    outer loop
      vertex 59 108.25 4.48
      vertex 56.6617 106.45 4.48
      vertex 58.7063 108.269 4.48
    endloop
  endfacet
  facet normal -0 0 -1
    outer loop
      vertex 58.7063 108.269 4.48
      vertex 56.6617 106.45 4.48
      vertex 58.4177 108.327 4.48
    endloop
  endfacet
  facet normal -0 0 -1
    outer loop
      vertex 58.4177 108.327 4.48
      vertex 56.6617 106.45 4.48
      vertex 58.139 108.421 4.48
    endloop
  endfacet
  facet normal 0 0 -1
    outer loop
      vertex 56.8267 109.918 4.48
      vertex 54.3235 110.5 4.48
      vertex 56.7692 110.206 4.48
    endloop
  endfacet
  facet normal 0 0 -1
    outer loop
      vertex 56.9213 109.639 4.48
      vertex 54.3235 110.5 4.48
      vertex 56.8267 109.918 4.48
    endloop
  endfacet
  facet normal 0 0 -1
    outer loop
      vertex 57.0514 109.375 4.48
      vertex 54.3235 110.5 4.48
      vertex 56.9213 109.639 4.48
    endloop
  endfacet
  facet normal 0 0 -1
    outer loop
      vertex 54.3235 110.5 4.48
      vertex 57.0514 109.375 4.48
      vertex 56.6617 106.45 4.48
    endloop
  endfacet
  facet normal -0 0 -1
    outer loop
      vertex 57.215 109.13 4.48
      vertex 56.6617 106.45 4.48
      vertex 57.0514 109.375 4.48
    endloop
  endfacet
  facet normal -0 0 -1
    outer loop
      vertex 57.409 108.909 4.48
      vertex 56.6617 106.45 4.48
      vertex 57.215 109.13 4.48
    endloop
  endfacet
  facet normal -0 0 -1
    outer loop
      vertex 57.6303 108.715 4.48
      vertex 56.6617 106.45 4.48
      vertex 57.409 108.909 4.48
    endloop
  endfacet
  facet normal -0 0 -1
    outer loop
      vertex 57.875 108.551 4.48
      vertex 56.6617 106.45 4.48
      vertex 57.6303 108.715 4.48
    endloop
  endfacet
  facet normal -0 0 -1
    outer loop
      vertex 58.139 108.421 4.48
      vertex 56.6617 106.45 4.48
      vertex 57.875 108.551 4.48
    endloop
  endfacet
  facet normal 0 0 -1
    outer loop
      vertex 61.1733 111.082 4.48
      vertex 63.6765 110.5 4.48
      vertex 61.2308 110.794 4.48
    endloop
  endfacet
  facet normal 0 0 -1
    outer loop
      vertex 61.0787 111.361 4.48
      vertex 63.6765 110.5 4.48
      vertex 61.1733 111.082 4.48
    endloop
  endfacet
  facet normal 0 0 -1
    outer loop
      vertex 60.9486 111.625 4.48
      vertex 63.6765 110.5 4.48
      vertex 61.0787 111.361 4.48
    endloop
  endfacet
  facet normal 0 0 -1
    outer loop
      vertex 63.6765 110.5 4.48
      vertex 60.9486 111.625 4.48
      vertex 61.3383 114.55 4.48
    endloop
  endfacet
  facet normal 0 0 -1
    outer loop
      vertex 60.785 111.87 4.48
      vertex 61.3383 114.55 4.48
      vertex 60.9486 111.625 4.48
    endloop
  endfacet
  facet normal 0 0 -1
    outer loop
      vertex 60.591 112.091 4.48
      vertex 61.3383 114.55 4.48
      vertex 60.785 111.87 4.48
    endloop
  endfacet
  facet normal 0 0 -1
    outer loop
      vertex 60.3697 112.285 4.48
      vertex 61.3383 114.55 4.48
      vertex 60.591 112.091 4.48
    endloop
  endfacet
  facet normal 0 0 -1
    outer loop
      vertex 60.125 112.449 4.48
      vertex 61.3383 114.55 4.48
      vertex 60.3697 112.285 4.48
    endloop
  endfacet
  facet normal 0 0 -1
    outer loop
      vertex 59.861 112.579 4.48
      vertex 61.3383 114.55 4.48
      vertex 60.125 112.449 4.48
    endloop
  endfacet
  facet normal 0 0 -1
    outer loop
      vertex 59.5823 112.673 4.48
      vertex 61.3383 114.55 4.48
      vertex 59.861 112.579 4.48
    endloop
  endfacet
  facet normal 0 0 -1
    outer loop
      vertex 59.2937 112.731 4.48
      vertex 61.3383 114.55 4.48
      vertex 59.5823 112.673 4.48
    endloop
  endfacet
  facet normal 0 0 -1
    outer loop
      vertex 59 112.75 4.48
      vertex 61.3383 114.55 4.48
      vertex 59.2937 112.731 4.48
    endloop
  endfacet
  facet normal 0 0 -1
    outer loop
      vertex 56.6617 114.55 4.48
      vertex 59 112.75 4.48
      vertex 58.7063 112.731 4.48
    endloop
  endfacet
  facet normal 0 0 -1
    outer loop
      vertex 56.6617 114.55 4.48
      vertex 58.7063 112.731 4.48
      vertex 58.4177 112.673 4.48
    endloop
  endfacet
  facet normal 0 0 -1
    outer loop
      vertex 56.6617 114.55 4.48
      vertex 58.4177 112.673 4.48
      vertex 58.139 112.579 4.48
    endloop
  endfacet
  facet normal 0 0 -1
    outer loop
      vertex 56.6617 114.55 4.48
      vertex 58.139 112.579 4.48
      vertex 57.875 112.449 4.48
    endloop
  endfacet
  facet normal 0 0 -1
    outer loop
      vertex 59 112.75 4.48
      vertex 56.6617 114.55 4.48
      vertex 61.3383 114.55 4.48
    endloop
  endfacet
  facet normal 0 0 -1
    outer loop
      vertex 57.6303 112.285 4.48
      vertex 56.6617 114.55 4.48
      vertex 57.875 112.449 4.48
    endloop
  endfacet
  facet normal 0 0 -1
    outer loop
      vertex 57.409 112.091 4.48
      vertex 56.6617 114.55 4.48
      vertex 57.6303 112.285 4.48
    endloop
  endfacet
  facet normal 0 0 -1
    outer loop
      vertex 57.215 111.87 4.48
      vertex 56.6617 114.55 4.48
      vertex 57.409 112.091 4.48
    endloop
  endfacet
  facet normal 0 0 -1
    outer loop
      vertex 57.0514 111.625 4.48
      vertex 56.6617 114.55 4.48
      vertex 57.215 111.87 4.48
    endloop
  endfacet
  facet normal 0 0 -1
    outer loop
      vertex 54.3235 110.5 4.48
      vertex 57.0514 111.625 4.48
      vertex 56.9213 111.361 4.48
    endloop
  endfacet
  facet normal 0 0 -1
    outer loop
      vertex 54.3235 110.5 4.48
      vertex 56.9213 111.361 4.48
      vertex 56.8267 111.082 4.48
    endloop
  endfacet
  facet normal 0 0 -1
    outer loop
      vertex 54.3235 110.5 4.48
      vertex 56.8267 111.082 4.48
      vertex 56.7692 110.794 4.48
    endloop
  endfacet
  facet normal 0 0 -1
    outer loop
      vertex 54.3235 110.5 4.48
      vertex 56.7692 110.794 4.48
      vertex 56.75 110.5 4.48
    endloop
  endfacet
  facet normal 0 0 -1
    outer loop
      vertex 56.7692 110.206 4.48
      vertex 54.3235 110.5 4.48
      vertex 56.75 110.5 4.48
    endloop
  endfacet
  facet normal -0 0 -1
    outer loop
      vertex 57.0514 111.625 4.48
      vertex 54.3235 110.5 4.48
      vertex 56.6617 114.55 4.48
    endloop
  endfacet
  facet normal 0.866032 -0.499989 0
    outer loop
      vertex 54.3235 110.5 4.48
      vertex 56.6617 114.55 0
      vertex 56.6617 114.55 4.48
    endloop
  endfacet
  facet normal 0.866032 -0.499989 0
    outer loop
      vertex 56.6617 114.55 0
      vertex 54.3235 110.5 4.48
      vertex 54.3235 110.5 0
    endloop
  endfacet
  facet normal -0.866032 0.499989 0
    outer loop
      vertex 61.3383 106.45 0
      vertex 63.6765 110.5 4.48
      vertex 63.6765 110.5 0
    endloop
  endfacet
  facet normal -0.866032 0.499989 0
    outer loop
      vertex 63.6765 110.5 4.48
      vertex 61.3383 106.45 0
      vertex 61.3383 106.45 4.48
    endloop
  endfacet
  facet normal -0.556735 -0.83069 0
    outer loop
      vertex 60.125 127.449 4.48
      vertex 60.3697 127.285 52.5
      vertex 60.125 127.449 52.5
    endloop
  endfacet
  facet normal -0.556735 -0.83069 -0
    outer loop
      vertex 60.3697 127.285 52.5
      vertex 60.125 127.449 4.48
      vertex 60.3697 127.285 4.48
    endloop
  endfacet
  facet normal -0.980646 0.195789 0
    outer loop
      vertex 61.1733 124.918 4.48
      vertex 61.2308 125.206 52.5
      vertex 61.2308 125.206 4.48
    endloop
  endfacet
  facet normal -0.980646 0.195789 0
    outer loop
      vertex 61.2308 125.206 52.5
      vertex 61.1733 124.918 4.48
      vertex 61.1733 124.918 52.5
    endloop
  endfacet
  facet normal 0.197031 0.980397 -0
    outer loop
      vertex 58.7063 123.269 4.48
      vertex 58.4177 123.327 52.5
      vertex 58.7063 123.269 52.5
    endloop
  endfacet
  facet normal 0.197031 0.980397 0
    outer loop
      vertex 58.4177 123.327 52.5
      vertex 58.7063 123.269 4.48
      vertex 58.4177 123.327 4.48
    endloop
  endfacet
  facet normal 0.441768 -0.897129 0
    outer loop
      vertex 57.875 127.449 4.48
      vertex 58.139 127.579 52.5
      vertex 57.875 127.449 52.5
    endloop
  endfacet
  facet normal 0.441768 -0.897129 0
    outer loop
      vertex 58.139 127.579 52.5
      vertex 57.875 127.449 4.48
      vertex 58.139 127.579 4.48
    endloop
  endfacet
  facet normal 0.947041 -0.321112 0
    outer loop
      vertex 56.8267 126.082 52.5
      vertex 56.9213 126.361 4.48
      vertex 56.9213 126.361 52.5
    endloop
  endfacet
  facet normal 0.947041 -0.321112 0
    outer loop
      vertex 56.9213 126.361 4.48
      vertex 56.8267 126.082 52.5
      vertex 56.8267 126.082 4.48
    endloop
  endfacet
  facet normal -0.751522 0.659708 0
    outer loop
      vertex 60.591 123.909 4.48
      vertex 60.785 124.13 52.5
      vertex 60.785 124.13 4.48
    endloop
  endfacet
  facet normal -0.751522 0.659708 0
    outer loop
      vertex 60.785 124.13 52.5
      vertex 60.591 123.909 4.48
      vertex 60.591 123.909 52.5
    endloop
  endfacet
  facet normal -0.896995 -0.442042 0
    outer loop
      vertex 61.0787 126.361 4.48
      vertex 60.9486 126.625 52.5
      vertex 60.9486 126.625 4.48
    endloop
  endfacet
  facet normal -0.896995 -0.442042 0
    outer loop
      vertex 60.9486 126.625 52.5
      vertex 61.0787 126.361 4.48
      vertex 61.0787 126.361 52.5
    endloop
  endfacet
  facet normal -0.831632 -0.555327 0
    outer loop
      vertex 60.9486 126.625 4.48
      vertex 60.785 126.87 52.5
      vertex 60.785 126.87 4.48
    endloop
  endfacet
  facet normal -0.831632 -0.555327 0
    outer loop
      vertex 60.785 126.87 52.5
      vertex 60.9486 126.625 4.48
      vertex 60.9486 126.625 52.5
    endloop
  endfacet
  facet normal -0.659202 -0.751966 0
    outer loop
      vertex 60.3697 127.285 4.48
      vertex 60.591 127.091 52.5
      vertex 60.3697 127.285 52.5
    endloop
  endfacet
  facet normal -0.659202 -0.751966 -0
    outer loop
      vertex 60.591 127.091 52.5
      vertex 60.3697 127.285 4.48
      vertex 60.591 127.091 4.48
    endloop
  endfacet
  facet normal -0.319592 -0.947555 0
    outer loop
      vertex 59.5823 127.673 4.48
      vertex 59.861 127.579 52.5
      vertex 59.5823 127.673 52.5
    endloop
  endfacet
  facet normal -0.319592 -0.947555 -0
    outer loop
      vertex 59.861 127.579 52.5
      vertex 59.5823 127.673 4.48
      vertex 59.861 127.579 4.48
    endloop
  endfacet
  facet normal 0.0645569 -0.997914 0
    outer loop
      vertex 58.7063 127.731 4.48
      vertex 59 127.75 52.5
      vertex 58.7063 127.731 52.5
    endloop
  endfacet
  facet normal 0.0645569 -0.997914 0
    outer loop
      vertex 59 127.75 52.5
      vertex 58.7063 127.731 4.48
      vertex 59 127.75 4.48
    endloop
  endfacet
  facet normal 0.997874 -0.0651673 0
    outer loop
      vertex 56.75 125.5 52.5
      vertex 56.7692 125.794 4.48
      vertex 56.7692 125.794 52.5
    endloop
  endfacet
  facet normal 0.997874 -0.0651673 0
    outer loop
      vertex 56.7692 125.794 4.48
      vertex 56.75 125.5 52.5
      vertex 56.75 125.5 4.48
    endloop
  endfacet
  facet normal 0.831632 -0.555327 0
    outer loop
      vertex 57.0514 126.625 52.5
      vertex 57.215 126.87 4.48
      vertex 57.215 126.87 52.5
    endloop
  endfacet
  facet normal 0.831632 -0.555327 0
    outer loop
      vertex 57.215 126.87 4.48
      vertex 57.0514 126.625 52.5
      vertex 57.0514 126.625 4.48
    endloop
  endfacet
  facet normal 0.319592 -0.947555 0
    outer loop
      vertex 58.139 127.579 4.48
      vertex 58.4177 127.673 52.5
      vertex 58.139 127.579 52.5
    endloop
  endfacet
  facet normal 0.319592 -0.947555 0
    outer loop
      vertex 58.4177 127.673 52.5
      vertex 58.139 127.579 4.48
      vertex 58.4177 127.673 4.48
    endloop
  endfacet
  facet normal 0.751522 -0.659708 0
    outer loop
      vertex 57.215 126.87 52.5
      vertex 57.409 127.091 4.48
      vertex 57.409 127.091 52.5
    endloop
  endfacet
  facet normal 0.751522 -0.659708 0
    outer loop
      vertex 57.409 127.091 4.48
      vertex 57.215 126.87 52.5
      vertex 57.215 126.87 4.48
    endloop
  endfacet
  facet normal -0.997874 -0.0651673 0
    outer loop
      vertex 61.25 125.5 4.48
      vertex 61.2308 125.794 52.5
      vertex 61.2308 125.794 4.48
    endloop
  endfacet
  facet normal -0.997874 -0.0651673 0
    outer loop
      vertex 61.2308 125.794 52.5
      vertex 61.25 125.5 4.48
      vertex 61.25 125.5 52.5
    endloop
  endfacet
  facet normal -0.831632 0.555327 0
    outer loop
      vertex 60.785 124.13 4.48
      vertex 60.9486 124.375 52.5
      vertex 60.9486 124.375 4.48
    endloop
  endfacet
  facet normal -0.831632 0.555327 0
    outer loop
      vertex 60.9486 124.375 52.5
      vertex 60.785 124.13 4.48
      vertex 60.785 124.13 52.5
    endloop
  endfacet
  facet normal -0.947041 0.321112 0
    outer loop
      vertex 61.0787 124.639 4.48
      vertex 61.1733 124.918 52.5
      vertex 61.1733 124.918 4.48
    endloop
  endfacet
  facet normal -0.947041 0.321112 0
    outer loop
      vertex 61.1733 124.918 52.5
      vertex 61.0787 124.639 4.48
      vertex 61.0787 124.639 52.5
    endloop
  endfacet
  facet normal -0.441768 0.897129 0
    outer loop
      vertex 60.125 123.551 4.48
      vertex 59.861 123.421 52.5
      vertex 60.125 123.551 52.5
    endloop
  endfacet
  facet normal -0.441768 0.897129 0
    outer loop
      vertex 59.861 123.421 52.5
      vertex 60.125 123.551 4.48
      vertex 59.861 123.421 4.48
    endloop
  endfacet
  facet normal 0.0645569 0.997914 -0
    outer loop
      vertex 59 123.25 4.48
      vertex 58.7063 123.269 52.5
      vertex 59 123.25 52.5
    endloop
  endfacet
  facet normal 0.0645569 0.997914 0
    outer loop
      vertex 58.7063 123.269 52.5
      vertex 59 123.25 4.48
      vertex 58.7063 123.269 4.48
    endloop
  endfacet
  facet normal 0.556735 0.83069 -0
    outer loop
      vertex 57.875 123.551 4.48
      vertex 57.6303 123.715 52.5
      vertex 57.875 123.551 52.5
    endloop
  endfacet
  facet normal 0.556735 0.83069 0
    outer loop
      vertex 57.6303 123.715 52.5
      vertex 57.875 123.551 4.48
      vertex 57.6303 123.715 4.48
    endloop
  endfacet
  facet normal -0.980646 -0.195789 0
    outer loop
      vertex 61.2308 125.794 4.48
      vertex 61.1733 126.082 52.5
      vertex 61.1733 126.082 4.48
    endloop
  endfacet
  facet normal -0.980646 -0.195789 0
    outer loop
      vertex 61.1733 126.082 52.5
      vertex 61.2308 125.794 4.48
      vertex 61.2308 125.794 52.5
    endloop
  endfacet
  facet normal -0.947041 -0.321112 0
    outer loop
      vertex 61.1733 126.082 4.48
      vertex 61.0787 126.361 52.5
      vertex 61.0787 126.361 4.48
    endloop
  endfacet
  facet normal -0.947041 -0.321112 0
    outer loop
      vertex 61.0787 126.361 52.5
      vertex 61.1733 126.082 4.48
      vertex 61.1733 126.082 52.5
    endloop
  endfacet
  facet normal -0.751522 -0.659708 0
    outer loop
      vertex 60.785 126.87 4.48
      vertex 60.591 127.091 52.5
      vertex 60.591 127.091 4.48
    endloop
  endfacet
  facet normal -0.751522 -0.659708 0
    outer loop
      vertex 60.591 127.091 52.5
      vertex 60.785 126.87 4.48
      vertex 60.785 126.87 52.5
    endloop
  endfacet
  facet normal -0.441768 -0.897129 0
    outer loop
      vertex 59.861 127.579 4.48
      vertex 60.125 127.449 52.5
      vertex 59.861 127.579 52.5
    endloop
  endfacet
  facet normal -0.441768 -0.897129 -0
    outer loop
      vertex 60.125 127.449 52.5
      vertex 59.861 127.579 4.48
      vertex 60.125 127.449 4.48
    endloop
  endfacet
  facet normal -0.197031 -0.980397 0
    outer loop
      vertex 59.2937 127.731 4.48
      vertex 59.5823 127.673 52.5
      vertex 59.2937 127.731 52.5
    endloop
  endfacet
  facet normal -0.197031 -0.980397 -0
    outer loop
      vertex 59.5823 127.673 52.5
      vertex 59.2937 127.731 4.48
      vertex 59.5823 127.673 4.48
    endloop
  endfacet
  facet normal -0.0645569 -0.997914 0
    outer loop
      vertex 59 127.75 4.48
      vertex 59.2937 127.731 52.5
      vertex 59 127.75 52.5
    endloop
  endfacet
  facet normal -0.0645569 -0.997914 -0
    outer loop
      vertex 59.2937 127.731 52.5
      vertex 59 127.75 4.48
      vertex 59.2937 127.731 4.48
    endloop
  endfacet
  facet normal 0.980646 -0.195789 0
    outer loop
      vertex 56.7692 125.794 52.5
      vertex 56.8267 126.082 4.48
      vertex 56.8267 126.082 52.5
    endloop
  endfacet
  facet normal 0.980646 -0.195789 0
    outer loop
      vertex 56.8267 126.082 4.48
      vertex 56.7692 125.794 52.5
      vertex 56.7692 125.794 4.48
    endloop
  endfacet
  facet normal 0.896995 -0.442042 0
    outer loop
      vertex 56.9213 126.361 52.5
      vertex 57.0514 126.625 4.48
      vertex 57.0514 126.625 52.5
    endloop
  endfacet
  facet normal 0.896995 -0.442042 0
    outer loop
      vertex 57.0514 126.625 4.48
      vertex 56.9213 126.361 52.5
      vertex 56.9213 126.361 4.48
    endloop
  endfacet
  facet normal 0.197031 -0.980397 0
    outer loop
      vertex 58.4177 127.673 4.48
      vertex 58.7063 127.731 52.5
      vertex 58.4177 127.673 52.5
    endloop
  endfacet
  facet normal 0.197031 -0.980397 0
    outer loop
      vertex 58.7063 127.731 52.5
      vertex 58.4177 127.673 4.48
      vertex 58.7063 127.731 4.48
    endloop
  endfacet
  facet normal 0.659202 -0.751966 0
    outer loop
      vertex 57.409 127.091 4.48
      vertex 57.6303 127.285 52.5
      vertex 57.409 127.091 52.5
    endloop
  endfacet
  facet normal 0.659202 -0.751966 0
    outer loop
      vertex 57.6303 127.285 52.5
      vertex 57.409 127.091 4.48
      vertex 57.6303 127.285 4.48
    endloop
  endfacet
  facet normal 0.556735 -0.83069 0
    outer loop
      vertex 57.6303 127.285 4.48
      vertex 57.875 127.449 52.5
      vertex 57.6303 127.285 52.5
    endloop
  endfacet
  facet normal 0.556735 -0.83069 0
    outer loop
      vertex 57.875 127.449 52.5
      vertex 57.6303 127.285 4.48
      vertex 57.875 127.449 4.48
    endloop
  endfacet
  facet normal -0.997874 0.0651673 0
    outer loop
      vertex 61.2308 125.206 4.48
      vertex 61.25 125.5 52.5
      vertex 61.25 125.5 4.48
    endloop
  endfacet
  facet normal -0.997874 0.0651673 0
    outer loop
      vertex 61.25 125.5 52.5
      vertex 61.2308 125.206 4.48
      vertex 61.2308 125.206 52.5
    endloop
  endfacet
  facet normal -0.197031 0.980397 0
    outer loop
      vertex 59.5823 123.327 4.48
      vertex 59.2937 123.269 52.5
      vertex 59.5823 123.327 52.5
    endloop
  endfacet
  facet normal -0.197031 0.980397 0
    outer loop
      vertex 59.2937 123.269 52.5
      vertex 59.5823 123.327 4.48
      vertex 59.2937 123.269 4.48
    endloop
  endfacet
  facet normal -0.556735 0.83069 0
    outer loop
      vertex 60.3697 123.715 4.48
      vertex 60.125 123.551 52.5
      vertex 60.3697 123.715 52.5
    endloop
  endfacet
  facet normal -0.556735 0.83069 0
    outer loop
      vertex 60.125 123.551 52.5
      vertex 60.3697 123.715 4.48
      vertex 60.125 123.551 4.48
    endloop
  endfacet
  facet normal -0.0645569 0.997914 0
    outer loop
      vertex 59.2937 123.269 4.48
      vertex 59 123.25 52.5
      vertex 59.2937 123.269 52.5
    endloop
  endfacet
  facet normal -0.0645569 0.997914 0
    outer loop
      vertex 59 123.25 52.5
      vertex 59.2937 123.269 4.48
      vertex 59 123.25 4.48
    endloop
  endfacet
  facet normal 0.319592 0.947555 -0
    outer loop
      vertex 58.4177 123.327 4.48
      vertex 58.139 123.421 52.5
      vertex 58.4177 123.327 52.5
    endloop
  endfacet
  facet normal 0.319592 0.947555 0
    outer loop
      vertex 58.139 123.421 52.5
      vertex 58.4177 123.327 4.48
      vertex 58.139 123.421 4.48
    endloop
  endfacet
  facet normal 0.896995 0.442042 0
    outer loop
      vertex 57.0514 124.375 52.5
      vertex 56.9213 124.639 4.48
      vertex 56.9213 124.639 52.5
    endloop
  endfacet
  facet normal 0.896995 0.442042 0
    outer loop
      vertex 56.9213 124.639 4.48
      vertex 57.0514 124.375 52.5
      vertex 57.0514 124.375 4.48
    endloop
  endfacet
  facet normal 0.980646 0.195789 0
    outer loop
      vertex 56.8267 124.918 52.5
      vertex 56.7692 125.206 4.48
      vertex 56.7692 125.206 52.5
    endloop
  endfacet
  facet normal 0.980646 0.195789 0
    outer loop
      vertex 56.7692 125.206 4.48
      vertex 56.8267 124.918 52.5
      vertex 56.8267 124.918 4.48
    endloop
  endfacet
  facet normal 0.659202 0.751966 -0
    outer loop
      vertex 57.6303 123.715 4.48
      vertex 57.409 123.909 52.5
      vertex 57.6303 123.715 52.5
    endloop
  endfacet
  facet normal 0.659202 0.751966 0
    outer loop
      vertex 57.409 123.909 52.5
      vertex 57.6303 123.715 4.48
      vertex 57.409 123.909 4.48
    endloop
  endfacet
  facet normal 0.831632 0.555327 0
    outer loop
      vertex 57.215 124.13 52.5
      vertex 57.0514 124.375 4.48
      vertex 57.0514 124.375 52.5
    endloop
  endfacet
  facet normal 0.831632 0.555327 0
    outer loop
      vertex 57.0514 124.375 4.48
      vertex 57.215 124.13 52.5
      vertex 57.215 124.13 4.48
    endloop
  endfacet
  facet normal 0.997874 0.0651673 0
    outer loop
      vertex 56.7692 125.206 52.5
      vertex 56.75 125.5 4.48
      vertex 56.75 125.5 52.5
    endloop
  endfacet
  facet normal 0.997874 0.0651673 0
    outer loop
      vertex 56.75 125.5 4.48
      vertex 56.7692 125.206 52.5
      vertex 56.7692 125.206 4.48
    endloop
  endfacet
  facet normal -0.896995 0.442042 0
    outer loop
      vertex 60.9486 124.375 4.48
      vertex 61.0787 124.639 52.5
      vertex 61.0787 124.639 4.48
    endloop
  endfacet
  facet normal -0.896995 0.442042 0
    outer loop
      vertex 61.0787 124.639 52.5
      vertex 60.9486 124.375 4.48
      vertex 60.9486 124.375 52.5
    endloop
  endfacet
  facet normal -0.319592 0.947555 0
    outer loop
      vertex 59.861 123.421 4.48
      vertex 59.5823 123.327 52.5
      vertex 59.861 123.421 52.5
    endloop
  endfacet
  facet normal -0.319592 0.947555 0
    outer loop
      vertex 59.5823 123.327 52.5
      vertex 59.861 123.421 4.48
      vertex 59.5823 123.327 4.48
    endloop
  endfacet
  facet normal -0.659202 0.751966 0
    outer loop
      vertex 60.591 123.909 4.48
      vertex 60.3697 123.715 52.5
      vertex 60.591 123.909 52.5
    endloop
  endfacet
  facet normal -0.659202 0.751966 0
    outer loop
      vertex 60.3697 123.715 52.5
      vertex 60.591 123.909 4.48
      vertex 60.3697 123.715 4.48
    endloop
  endfacet
  facet normal 0.441768 0.897129 -0
    outer loop
      vertex 58.139 123.421 4.48
      vertex 57.875 123.551 52.5
      vertex 58.139 123.421 52.5
    endloop
  endfacet
  facet normal 0.441768 0.897129 0
    outer loop
      vertex 57.875 123.551 52.5
      vertex 58.139 123.421 4.48
      vertex 57.875 123.551 4.48
    endloop
  endfacet
  facet normal 0.947041 0.321112 0
    outer loop
      vertex 56.9213 124.639 52.5
      vertex 56.8267 124.918 4.48
      vertex 56.8267 124.918 52.5
    endloop
  endfacet
  facet normal 0.947041 0.321112 0
    outer loop
      vertex 56.8267 124.918 4.48
      vertex 56.9213 124.639 52.5
      vertex 56.9213 124.639 4.48
    endloop
  endfacet
  facet normal 0.751522 0.659708 0
    outer loop
      vertex 57.409 123.909 52.5
      vertex 57.215 124.13 4.48
      vertex 57.215 124.13 52.5
    endloop
  endfacet
  facet normal 0.751522 0.659708 0
    outer loop
      vertex 57.215 124.13 4.48
      vertex 57.409 123.909 52.5
      vertex 57.409 123.909 4.48
    endloop
  endfacet
  facet normal -0.866032 -0.499989 0
    outer loop
      vertex 63.6765 125.5 0
      vertex 61.3383 129.55 4.48
      vertex 61.3383 129.55 0
    endloop
  endfacet
  facet normal -0.866032 -0.499989 0
    outer loop
      vertex 61.3383 129.55 4.48
      vertex 63.6765 125.5 0
      vertex 63.6765 125.5 4.48
    endloop
  endfacet
  facet normal 0.866032 0.499989 0
    outer loop
      vertex 56.6617 121.45 4.48
      vertex 54.3235 125.5 0
      vertex 54.3235 125.5 4.48
    endloop
  endfacet
  facet normal 0.866032 0.499989 0
    outer loop
      vertex 54.3235 125.5 0
      vertex 56.6617 121.45 4.48
      vertex 56.6617 121.45 0
    endloop
  endfacet
  facet normal 0 -1 0
    outer loop
      vertex 56.6617 129.55 0
      vertex 61.3383 129.55 4.48
      vertex 56.6617 129.55 4.48
    endloop
  endfacet
  facet normal 0 -1 -0
    outer loop
      vertex 61.3383 129.55 4.48
      vertex 56.6617 129.55 0
      vertex 61.3383 129.55 0
    endloop
  endfacet
  facet normal 0 1 -0
    outer loop
      vertex 61.3383 121.45 0
      vertex 56.6617 121.45 4.48
      vertex 61.3383 121.45 4.48
    endloop
  endfacet
  facet normal 0 1 0
    outer loop
      vertex 56.6617 121.45 4.48
      vertex 61.3383 121.45 0
      vertex 56.6617 121.45 0
    endloop
  endfacet
  facet normal 0 0 -1
    outer loop
      vertex 60.9486 124.375 4.48
      vertex 63.6765 125.5 4.48
      vertex 61.3383 121.45 4.48
    endloop
  endfacet
  facet normal 0 0 -1
    outer loop
      vertex 61.2308 125.794 4.48
      vertex 63.6765 125.5 4.48
      vertex 61.25 125.5 4.48
    endloop
  endfacet
  facet normal -0 0 -1
    outer loop
      vertex 63.6765 125.5 4.48
      vertex 61.2308 125.206 4.48
      vertex 61.25 125.5 4.48
    endloop
  endfacet
  facet normal 0 0 -1
    outer loop
      vertex 63.6765 125.5 4.48
      vertex 61.1733 124.918 4.48
      vertex 61.2308 125.206 4.48
    endloop
  endfacet
  facet normal 0 0 -1
    outer loop
      vertex 63.6765 125.5 4.48
      vertex 61.0787 124.639 4.48
      vertex 61.1733 124.918 4.48
    endloop
  endfacet
  facet normal 0 0 -1
    outer loop
      vertex 63.6765 125.5 4.48
      vertex 60.9486 124.375 4.48
      vertex 61.0787 124.639 4.48
    endloop
  endfacet
  facet normal 0 0 -1
    outer loop
      vertex 61.3383 121.45 4.48
      vertex 60.785 124.13 4.48
      vertex 60.9486 124.375 4.48
    endloop
  endfacet
  facet normal 0 0 -1
    outer loop
      vertex 61.3383 121.45 4.48
      vertex 60.591 123.909 4.48
      vertex 60.785 124.13 4.48
    endloop
  endfacet
  facet normal 0 0 -1
    outer loop
      vertex 61.3383 121.45 4.48
      vertex 60.3697 123.715 4.48
      vertex 60.591 123.909 4.48
    endloop
  endfacet
  facet normal 0 0 -1
    outer loop
      vertex 61.3383 121.45 4.48
      vertex 60.125 123.551 4.48
      vertex 60.3697 123.715 4.48
    endloop
  endfacet
  facet normal 0 0 -1
    outer loop
      vertex 61.3383 121.45 4.48
      vertex 59.861 123.421 4.48
      vertex 60.125 123.551 4.48
    endloop
  endfacet
  facet normal 0 0 -1
    outer loop
      vertex 61.3383 121.45 4.48
      vertex 59.5823 123.327 4.48
      vertex 59.861 123.421 4.48
    endloop
  endfacet
  facet normal 0 0 -1
    outer loop
      vertex 61.3383 121.45 4.48
      vertex 59.2937 123.269 4.48
      vertex 59.5823 123.327 4.48
    endloop
  endfacet
  facet normal 0 0 -1
    outer loop
      vertex 61.3383 121.45 4.48
      vertex 59 123.25 4.48
      vertex 59.2937 123.269 4.48
    endloop
  endfacet
  facet normal 0 0 -1
    outer loop
      vertex 56.6617 121.45 4.48
      vertex 59 123.25 4.48
      vertex 61.3383 121.45 4.48
    endloop
  endfacet
  facet normal -0 0 -1
    outer loop
      vertex 59 123.25 4.48
      vertex 56.6617 121.45 4.48
      vertex 58.7063 123.269 4.48
    endloop
  endfacet
  facet normal -0 0 -1
    outer loop
      vertex 58.7063 123.269 4.48
      vertex 56.6617 121.45 4.48
      vertex 58.4177 123.327 4.48
    endloop
  endfacet
  facet normal -0 0 -1
    outer loop
      vertex 58.4177 123.327 4.48
      vertex 56.6617 121.45 4.48
      vertex 58.139 123.421 4.48
    endloop
  endfacet
  facet normal 0 0 -1
    outer loop
      vertex 56.8267 124.918 4.48
      vertex 54.3235 125.5 4.48
      vertex 56.7692 125.206 4.48
    endloop
  endfacet
  facet normal 0 0 -1
    outer loop
      vertex 56.9213 124.639 4.48
      vertex 54.3235 125.5 4.48
      vertex 56.8267 124.918 4.48
    endloop
  endfacet
  facet normal 0 0 -1
    outer loop
      vertex 57.0514 124.375 4.48
      vertex 54.3235 125.5 4.48
      vertex 56.9213 124.639 4.48
    endloop
  endfacet
  facet normal 0 0 -1
    outer loop
      vertex 54.3235 125.5 4.48
      vertex 57.0514 124.375 4.48
      vertex 56.6617 121.45 4.48
    endloop
  endfacet
  facet normal -0 0 -1
    outer loop
      vertex 57.215 124.13 4.48
      vertex 56.6617 121.45 4.48
      vertex 57.0514 124.375 4.48
    endloop
  endfacet
  facet normal -0 0 -1
    outer loop
      vertex 57.409 123.909 4.48
      vertex 56.6617 121.45 4.48
      vertex 57.215 124.13 4.48
    endloop
  endfacet
  facet normal -0 0 -1
    outer loop
      vertex 57.6303 123.715 4.48
      vertex 56.6617 121.45 4.48
      vertex 57.409 123.909 4.48
    endloop
  endfacet
  facet normal -0 0 -1
    outer loop
      vertex 57.875 123.551 4.48
      vertex 56.6617 121.45 4.48
      vertex 57.6303 123.715 4.48
    endloop
  endfacet
  facet normal -0 0 -1
    outer loop
      vertex 58.139 123.421 4.48
      vertex 56.6617 121.45 4.48
      vertex 57.875 123.551 4.48
    endloop
  endfacet
  facet normal 0 0 -1
    outer loop
      vertex 61.1733 126.082 4.48
      vertex 63.6765 125.5 4.48
      vertex 61.2308 125.794 4.48
    endloop
  endfacet
  facet normal 0 0 -1
    outer loop
      vertex 61.0787 126.361 4.48
      vertex 63.6765 125.5 4.48
      vertex 61.1733 126.082 4.48
    endloop
  endfacet
  facet normal 0 0 -1
    outer loop
      vertex 60.9486 126.625 4.48
      vertex 63.6765 125.5 4.48
      vertex 61.0787 126.361 4.48
    endloop
  endfacet
  facet normal 0 0 -1
    outer loop
      vertex 63.6765 125.5 4.48
      vertex 60.9486 126.625 4.48
      vertex 61.3383 129.55 4.48
    endloop
  endfacet
  facet normal 0 0 -1
    outer loop
      vertex 60.785 126.87 4.48
      vertex 61.3383 129.55 4.48
      vertex 60.9486 126.625 4.48
    endloop
  endfacet
  facet normal 0 0 -1
    outer loop
      vertex 60.591 127.091 4.48
      vertex 61.3383 129.55 4.48
      vertex 60.785 126.87 4.48
    endloop
  endfacet
  facet normal 0 0 -1
    outer loop
      vertex 60.3697 127.285 4.48
      vertex 61.3383 129.55 4.48
      vertex 60.591 127.091 4.48
    endloop
  endfacet
  facet normal 0 0 -1
    outer loop
      vertex 60.125 127.449 4.48
      vertex 61.3383 129.55 4.48
      vertex 60.3697 127.285 4.48
    endloop
  endfacet
  facet normal 0 0 -1
    outer loop
      vertex 59.861 127.579 4.48
      vertex 61.3383 129.55 4.48
      vertex 60.125 127.449 4.48
    endloop
  endfacet
  facet normal 0 0 -1
    outer loop
      vertex 59.5823 127.673 4.48
      vertex 61.3383 129.55 4.48
      vertex 59.861 127.579 4.48
    endloop
  endfacet
  facet normal 0 0 -1
    outer loop
      vertex 59.2937 127.731 4.48
      vertex 61.3383 129.55 4.48
      vertex 59.5823 127.673 4.48
    endloop
  endfacet
  facet normal 0 0 -1
    outer loop
      vertex 59 127.75 4.48
      vertex 61.3383 129.55 4.48
      vertex 59.2937 127.731 4.48
    endloop
  endfacet
  facet normal 0 0 -1
    outer loop
      vertex 56.6617 129.55 4.48
      vertex 59 127.75 4.48
      vertex 58.7063 127.731 4.48
    endloop
  endfacet
  facet normal 0 0 -1
    outer loop
      vertex 56.6617 129.55 4.48
      vertex 58.7063 127.731 4.48
      vertex 58.4177 127.673 4.48
    endloop
  endfacet
  facet normal 0 0 -1
    outer loop
      vertex 56.6617 129.55 4.48
      vertex 58.4177 127.673 4.48
      vertex 58.139 127.579 4.48
    endloop
  endfacet
  facet normal 0 0 -1
    outer loop
      vertex 56.6617 129.55 4.48
      vertex 58.139 127.579 4.48
      vertex 57.875 127.449 4.48
    endloop
  endfacet
  facet normal 0 0 -1
    outer loop
      vertex 59 127.75 4.48
      vertex 56.6617 129.55 4.48
      vertex 61.3383 129.55 4.48
    endloop
  endfacet
  facet normal 0 0 -1
    outer loop
      vertex 57.6303 127.285 4.48
      vertex 56.6617 129.55 4.48
      vertex 57.875 127.449 4.48
    endloop
  endfacet
  facet normal 0 0 -1
    outer loop
      vertex 57.409 127.091 4.48
      vertex 56.6617 129.55 4.48
      vertex 57.6303 127.285 4.48
    endloop
  endfacet
  facet normal 0 0 -1
    outer loop
      vertex 57.215 126.87 4.48
      vertex 56.6617 129.55 4.48
      vertex 57.409 127.091 4.48
    endloop
  endfacet
  facet normal 0 0 -1
    outer loop
      vertex 57.0514 126.625 4.48
      vertex 56.6617 129.55 4.48
      vertex 57.215 126.87 4.48
    endloop
  endfacet
  facet normal 0 0 -1
    outer loop
      vertex 54.3235 125.5 4.48
      vertex 57.0514 126.625 4.48
      vertex 56.9213 126.361 4.48
    endloop
  endfacet
  facet normal 0 0 -1
    outer loop
      vertex 54.3235 125.5 4.48
      vertex 56.9213 126.361 4.48
      vertex 56.8267 126.082 4.48
    endloop
  endfacet
  facet normal 0 0 -1
    outer loop
      vertex 54.3235 125.5 4.48
      vertex 56.8267 126.082 4.48
      vertex 56.7692 125.794 4.48
    endloop
  endfacet
  facet normal 0 0 -1
    outer loop
      vertex 54.3235 125.5 4.48
      vertex 56.7692 125.794 4.48
      vertex 56.75 125.5 4.48
    endloop
  endfacet
  facet normal 0 0 -1
    outer loop
      vertex 56.7692 125.206 4.48
      vertex 54.3235 125.5 4.48
      vertex 56.75 125.5 4.48
    endloop
  endfacet
  facet normal -0 0 -1
    outer loop
      vertex 57.0514 126.625 4.48
      vertex 54.3235 125.5 4.48
      vertex 56.6617 129.55 4.48
    endloop
  endfacet
  facet normal 0.866032 -0.499989 0
    outer loop
      vertex 54.3235 125.5 4.48
      vertex 56.6617 129.55 0
      vertex 56.6617 129.55 4.48
    endloop
  endfacet
  facet normal 0.866032 -0.499989 0
    outer loop
      vertex 56.6617 129.55 0
      vertex 54.3235 125.5 4.48
      vertex 54.3235 125.5 0
    endloop
  endfacet
  facet normal -0.866032 0.499989 0
    outer loop
      vertex 61.3383 121.45 0
      vertex 63.6765 125.5 4.48
      vertex 63.6765 125.5 0
    endloop
  endfacet
  facet normal -0.866032 0.499989 0
    outer loop
      vertex 63.6765 125.5 4.48
      vertex 61.3383 121.45 0
      vertex 61.3383 121.45 4.48
    endloop
  endfacet
  facet normal 0 -0.0653771 0.997861
    outer loop
      vertex 115 132.305 65.0855
      vertex 118 131 65
      vertex 118 132.305 65.0855
    endloop
  endfacet
  facet normal 0 -0.0653771 0.997861
    outer loop
      vertex 118 131 65
      vertex 115 132.305 65.0855
      vertex 115 131 65
    endloop
  endfacet
  facet normal 0 -0.0654532 -0.997856
    outer loop
      vertex 115 131 85
      vertex 118 132.305 84.9144
      vertex 118 131 85
    endloop
  endfacet
  facet normal -0 -0.0654532 -0.997856
    outer loop
      vertex 118 132.305 84.9144
      vertex 115 131 85
      vertex 115 132.305 84.9144
    endloop
  endfacet
  facet normal 0 0.997837 0.0657427
    outer loop
      vertex 118 121.086 73.6947
      vertex 115 121 75
      vertex 118 121 75
    endloop
  endfacet
  facet normal 0 0.997837 0.0657427
    outer loop
      vertex 115 121 75
      vertex 118 121.086 73.6947
      vertex 115 121.086 73.6947
    endloop
  endfacet
  facet normal 0 -0.751653 -0.659559
    outer loop
      vertex 115 138.934 81.0876
      vertex 118 138.071 82.0711
      vertex 115 138.071 82.0711
    endloop
  endfacet
  facet normal 0 -0.751653 -0.659559
    outer loop
      vertex 118 138.071 82.0711
      vertex 115 138.934 81.0876
      vertex 118 138.934 81.0876
    endloop
  endfacet
  facet normal 0 -0.947034 -0.321132
    outer loop
      vertex 115 140.659 77.5882
      vertex 118 140.239 78.8268
      vertex 115 140.239 78.8268
    endloop
  endfacet
  facet normal 0 -0.947034 -0.321132
    outer loop
      vertex 118 140.239 78.8268
      vertex 115 140.659 77.5882
      vertex 118 140.659 77.5882
    endloop
  endfacet
  facet normal 0 -0.195087 0.980786
    outer loop
      vertex 115 133.588 65.3407
      vertex 118 132.305 65.0855
      vertex 118 133.588 65.3407
    endloop
  endfacet
  facet normal 0 -0.195087 0.980786
    outer loop
      vertex 118 132.305 65.0855
      vertex 115 133.588 65.3407
      vertex 115 132.305 65.0855
    endloop
  endfacet
  facet normal 0 -0.442314 0.89686
    outer loop
      vertex 115 136 66.3397
      vertex 118 134.827 65.7612
      vertex 118 136 66.3397
    endloop
  endfacet
  facet normal 0 -0.442314 0.89686
    outer loop
      vertex 118 134.827 65.7612
      vertex 115 136 66.3397
      vertex 115 134.827 65.7612
    endloop
  endfacet
  facet normal 0 -0.947034 0.321132
    outer loop
      vertex 115 140.239 71.1732
      vertex 118 140.659 72.4118
      vertex 115 140.659 72.4118
    endloop
  endfacet
  facet normal 0 -0.947034 0.321132
    outer loop
      vertex 118 140.659 72.4118
      vertex 115 140.239 71.1732
      vertex 118 140.239 71.1732
    endloop
  endfacet
  facet normal 0 -0.751653 0.659559
    outer loop
      vertex 115 138.071 67.9289
      vertex 118 138.934 68.9124
      vertex 115 138.934 68.9124
    endloop
  endfacet
  facet normal 0 -0.751653 0.659559
    outer loop
      vertex 118 138.934 68.9124
      vertex 115 138.071 67.9289
      vertex 118 138.071 67.9289
    endloop
  endfacet
  facet normal 0 -0.442314 -0.89686
    outer loop
      vertex 115 134.827 84.2388
      vertex 118 136 83.6603
      vertex 118 134.827 84.2388
    endloop
  endfacet
  facet normal -0 -0.442314 -0.89686
    outer loop
      vertex 118 136 83.6603
      vertex 115 134.827 84.2388
      vertex 115 136 83.6603
    endloop
  endfacet
  facet normal 0 -0.321382 -0.94695
    outer loop
      vertex 115 133.588 84.6593
      vertex 118 134.827 84.2388
      vertex 118 133.588 84.6593
    endloop
  endfacet
  facet normal -0 -0.321382 -0.94695
    outer loop
      vertex 118 134.827 84.2388
      vertex 115 133.588 84.6593
      vertex 115 134.827 84.2388
    endloop
  endfacet
  facet normal 0 -0.896739 -0.44256
    outer loop
      vertex 115 140.239 78.8268
      vertex 118 139.66 80
      vertex 115 139.66 80
    endloop
  endfacet
  facet normal 0 -0.896739 -0.44256
    outer loop
      vertex 118 139.66 80
      vertex 115 140.239 78.8268
      vertex 118 140.239 78.8268
    endloop
  endfacet
  facet normal 0 -0.980812 -0.194955
    outer loop
      vertex 115 140.914 76.3053
      vertex 118 140.659 77.5882
      vertex 115 140.659 77.5882
    endloop
  endfacet
  facet normal 0 -0.980812 -0.194955
    outer loop
      vertex 118 140.659 77.5882
      vertex 115 140.914 76.3053
      vertex 118 140.914 76.3053
    endloop
  endfacet
  facet normal -0 0.195087 0.980786
    outer loop
      vertex 115 129.695 65.0855
      vertex 118 128.412 65.3407
      vertex 118 129.695 65.0855
    endloop
  endfacet
  facet normal 0 0.195087 0.980786
    outer loop
      vertex 118 128.412 65.3407
      vertex 115 129.695 65.0855
      vertex 115 128.412 65.3407
    endloop
  endfacet
  facet normal 0 0.980812 0.194955
    outer loop
      vertex 118 121.341 72.4118
      vertex 115 121.086 73.6947
      vertex 118 121.086 73.6947
    endloop
  endfacet
  facet normal 0 0.980812 0.194955
    outer loop
      vertex 115 121.086 73.6947
      vertex 118 121.341 72.4118
      vertex 115 121.341 72.4118
    endloop
  endfacet
  facet normal 0 0.896739 0.44256
    outer loop
      vertex 118 122.34 70
      vertex 115 121.761 71.1732
      vertex 118 121.761 71.1732
    endloop
  endfacet
  facet normal 0 0.896739 0.44256
    outer loop
      vertex 115 121.761 71.1732
      vertex 118 122.34 70
      vertex 115 122.34 70
    endloop
  endfacet
  facet normal 0 -0.321382 0.94695
    outer loop
      vertex 115 134.827 65.7612
      vertex 118 133.588 65.3407
      vertex 118 134.827 65.7612
    endloop
  endfacet
  facet normal 0 -0.321382 0.94695
    outer loop
      vertex 118 133.588 65.3407
      vertex 115 134.827 65.7612
      vertex 115 133.588 65.3407
    endloop
  endfacet
  facet normal 0 -0.555476 0.831533
    outer loop
      vertex 115 137.088 67.0665
      vertex 118 136 66.3397
      vertex 118 137.088 67.0665
    endloop
  endfacet
  facet normal 0 -0.555476 0.831533
    outer loop
      vertex 118 136 66.3397
      vertex 115 137.088 67.0665
      vertex 115 136 66.3397
    endloop
  endfacet
  facet normal 0 -0.980812 0.194955
    outer loop
      vertex 115 140.659 72.4118
      vertex 118 140.914 73.6947
      vertex 115 140.914 73.6947
    endloop
  endfacet
  facet normal 0 -0.980812 0.194955
    outer loop
      vertex 118 140.914 73.6947
      vertex 115 140.659 72.4118
      vertex 118 140.659 72.4118
    endloop
  endfacet
  facet normal 0 -0.831721 0.555194
    outer loop
      vertex 115 138.934 68.9124
      vertex 118 139.66 70
      vertex 115 139.66 70
    endloop
  endfacet
  facet normal 0 -0.831721 0.555194
    outer loop
      vertex 118 139.66 70
      vertex 115 138.934 68.9124
      vertex 118 138.934 68.9124
    endloop
  endfacet
  facet normal 0 -0.555476 -0.831533
    outer loop
      vertex 115 136 83.6603
      vertex 118 137.088 82.9335
      vertex 118 136 83.6603
    endloop
  endfacet
  facet normal -0 -0.555476 -0.831533
    outer loop
      vertex 118 137.088 82.9335
      vertex 115 136 83.6603
      vertex 115 137.088 82.9335
    endloop
  endfacet
  facet normal 0 -0.659489 -0.751714
    outer loop
      vertex 115 137.088 82.9335
      vertex 118 138.071 82.0711
      vertex 118 137.088 82.9335
    endloop
  endfacet
  facet normal -0 -0.659489 -0.751714
    outer loop
      vertex 118 138.071 82.0711
      vertex 115 137.088 82.9335
      vertex 115 138.071 82.0711
    endloop
  endfacet
  facet normal 0 -0.195013 -0.980801
    outer loop
      vertex 115 132.305 84.9144
      vertex 118 133.588 84.6593
      vertex 118 132.305 84.9144
    endloop
  endfacet
  facet normal -0 -0.195013 -0.980801
    outer loop
      vertex 118 133.588 84.6593
      vertex 115 132.305 84.9144
      vertex 115 133.588 84.6593
    endloop
  endfacet
  facet normal 0 -0.831721 -0.555194
    outer loop
      vertex 115 139.66 80
      vertex 118 138.934 81.0876
      vertex 115 138.934 81.0876
    endloop
  endfacet
  facet normal 0 -0.831721 -0.555194
    outer loop
      vertex 118 138.934 81.0876
      vertex 115 139.66 80
      vertex 118 139.66 80
    endloop
  endfacet
  facet normal 0 -0.997837 -0.0657427
    outer loop
      vertex 115 141 75
      vertex 118 140.914 76.3053
      vertex 115 140.914 76.3053
    endloop
  endfacet
  facet normal 0 -0.997837 -0.0657427
    outer loop
      vertex 118 140.914 76.3053
      vertex 115 141 75
      vertex 118 141 75
    endloop
  endfacet
  facet normal -0 0.0653771 0.997861
    outer loop
      vertex 115 131 65
      vertex 118 129.695 65.0855
      vertex 118 131 65
    endloop
  endfacet
  facet normal 0 0.0653771 0.997861
    outer loop
      vertex 118 129.695 65.0855
      vertex 115 131 65
      vertex 115 129.695 65.0855
    endloop
  endfacet
  facet normal -0 0.659489 0.751714
    outer loop
      vertex 115 124.912 67.0665
      vertex 118 123.929 67.9289
      vertex 118 124.912 67.0665
    endloop
  endfacet
  facet normal 0 0.659489 0.751714
    outer loop
      vertex 118 123.929 67.9289
      vertex 115 124.912 67.0665
      vertex 115 123.929 67.9289
    endloop
  endfacet
  facet normal -0 0.321382 0.94695
    outer loop
      vertex 115 128.412 65.3407
      vertex 118 127.173 65.7612
      vertex 118 128.412 65.3407
    endloop
  endfacet
  facet normal 0 0.321382 0.94695
    outer loop
      vertex 118 127.173 65.7612
      vertex 115 128.412 65.3407
      vertex 115 127.173 65.7612
    endloop
  endfacet
  facet normal 0 0.751653 -0.659559
    outer loop
      vertex 118 123.066 81.0876
      vertex 115 123.929 82.0711
      vertex 118 123.929 82.0711
    endloop
  endfacet
  facet normal 0 0.751653 -0.659559
    outer loop
      vertex 115 123.929 82.0711
      vertex 118 123.066 81.0876
      vertex 115 123.066 81.0876
    endloop
  endfacet
  facet normal 0 0.659489 -0.751714
    outer loop
      vertex 115 123.929 82.0711
      vertex 118 124.912 82.9335
      vertex 118 123.929 82.0711
    endloop
  endfacet
  facet normal 0 0.659489 -0.751714
    outer loop
      vertex 118 124.912 82.9335
      vertex 115 123.929 82.0711
      vertex 115 124.912 82.9335
    endloop
  endfacet
  facet normal 0 -0.659489 0.751714
    outer loop
      vertex 115 138.071 67.9289
      vertex 118 137.088 67.0665
      vertex 118 138.071 67.9289
    endloop
  endfacet
  facet normal 0 -0.659489 0.751714
    outer loop
      vertex 118 137.088 67.0665
      vertex 115 138.071 67.9289
      vertex 115 137.088 67.0665
    endloop
  endfacet
  facet normal 0 -0.997837 0.0657427
    outer loop
      vertex 115 140.914 73.6947
      vertex 118 141 75
      vertex 115 141 75
    endloop
  endfacet
  facet normal 0 -0.997837 0.0657427
    outer loop
      vertex 118 141 75
      vertex 115 140.914 73.6947
      vertex 118 140.914 73.6947
    endloop
  endfacet
  facet normal 0 -0.896739 0.44256
    outer loop
      vertex 115 139.66 70
      vertex 118 140.239 71.1732
      vertex 115 140.239 71.1732
    endloop
  endfacet
  facet normal 0 -0.896739 0.44256
    outer loop
      vertex 118 140.239 71.1732
      vertex 115 139.66 70
      vertex 118 139.66 70
    endloop
  endfacet
  facet normal -0 0.555476 0.831533
    outer loop
      vertex 115 126 66.3397
      vertex 118 124.912 67.0665
      vertex 118 126 66.3397
    endloop
  endfacet
  facet normal 0 0.555476 0.831533
    outer loop
      vertex 118 124.912 67.0665
      vertex 115 126 66.3397
      vertex 115 124.912 67.0665
    endloop
  endfacet
  facet normal 0 0.947034 -0.321132
    outer loop
      vertex 118 121.341 77.5882
      vertex 115 121.761 78.8268
      vertex 118 121.761 78.8268
    endloop
  endfacet
  facet normal 0 0.947034 -0.321132
    outer loop
      vertex 115 121.761 78.8268
      vertex 118 121.341 77.5882
      vertex 115 121.341 77.5882
    endloop
  endfacet
  facet normal 0 0.896739 -0.44256
    outer loop
      vertex 118 121.761 78.8268
      vertex 115 122.34 80
      vertex 118 122.34 80
    endloop
  endfacet
  facet normal 0 0.896739 -0.44256
    outer loop
      vertex 115 122.34 80
      vertex 118 121.761 78.8268
      vertex 115 121.761 78.8268
    endloop
  endfacet
  facet normal 0 0.321382 -0.94695
    outer loop
      vertex 115 127.173 84.2388
      vertex 118 128.412 84.6593
      vertex 118 127.173 84.2388
    endloop
  endfacet
  facet normal 0 0.321382 -0.94695
    outer loop
      vertex 118 128.412 84.6593
      vertex 115 127.173 84.2388
      vertex 115 128.412 84.6593
    endloop
  endfacet
  facet normal 0 0.947034 0.321132
    outer loop
      vertex 118 121.761 71.1732
      vertex 115 121.341 72.4118
      vertex 118 121.341 72.4118
    endloop
  endfacet
  facet normal 0 0.947034 0.321132
    outer loop
      vertex 115 121.341 72.4118
      vertex 118 121.761 71.1732
      vertex 115 121.761 71.1732
    endloop
  endfacet
  facet normal 0 0.751653 0.659559
    outer loop
      vertex 118 123.929 67.9289
      vertex 115 123.066 68.9124
      vertex 118 123.066 68.9124
    endloop
  endfacet
  facet normal 0 0.751653 0.659559
    outer loop
      vertex 115 123.066 68.9124
      vertex 118 123.929 67.9289
      vertex 115 123.929 67.9289
    endloop
  endfacet
  facet normal 0 0.831721 0.555194
    outer loop
      vertex 118 123.066 68.9124
      vertex 115 122.34 70
      vertex 118 122.34 70
    endloop
  endfacet
  facet normal 0 0.831721 0.555194
    outer loop
      vertex 115 122.34 70
      vertex 118 123.066 68.9124
      vertex 115 123.066 68.9124
    endloop
  endfacet
  facet normal -0 0.442314 0.89686
    outer loop
      vertex 115 127.173 65.7612
      vertex 118 126 66.3397
      vertex 118 127.173 65.7612
    endloop
  endfacet
  facet normal 0 0.442314 0.89686
    outer loop
      vertex 118 126 66.3397
      vertex 115 127.173 65.7612
      vertex 115 126 66.3397
    endloop
  endfacet
  facet normal 0 0.997837 -0.0657427
    outer loop
      vertex 118 121 75
      vertex 115 121.086 76.3053
      vertex 118 121.086 76.3053
    endloop
  endfacet
  facet normal 0 0.997837 -0.0657427
    outer loop
      vertex 115 121.086 76.3053
      vertex 118 121 75
      vertex 115 121 75
    endloop
  endfacet
  facet normal 0 0.831721 -0.555194
    outer loop
      vertex 118 122.34 80
      vertex 115 123.066 81.0876
      vertex 118 123.066 81.0876
    endloop
  endfacet
  facet normal 0 0.831721 -0.555194
    outer loop
      vertex 115 123.066 81.0876
      vertex 118 122.34 80
      vertex 115 122.34 80
    endloop
  endfacet
  facet normal 0 0.555476 -0.831533
    outer loop
      vertex 115 124.912 82.9335
      vertex 118 126 83.6603
      vertex 118 124.912 82.9335
    endloop
  endfacet
  facet normal 0 0.555476 -0.831533
    outer loop
      vertex 118 126 83.6603
      vertex 115 124.912 82.9335
      vertex 115 126 83.6603
    endloop
  endfacet
  facet normal 0 0.442314 -0.89686
    outer loop
      vertex 115 126 83.6603
      vertex 118 127.173 84.2388
      vertex 118 126 83.6603
    endloop
  endfacet
  facet normal 0 0.442314 -0.89686
    outer loop
      vertex 118 127.173 84.2388
      vertex 115 126 83.6603
      vertex 115 127.173 84.2388
    endloop
  endfacet
  facet normal 0 0.195013 -0.980801
    outer loop
      vertex 115 128.412 84.6593
      vertex 118 129.695 84.9144
      vertex 118 128.412 84.6593
    endloop
  endfacet
  facet normal 0 0.195013 -0.980801
    outer loop
      vertex 118 129.695 84.9144
      vertex 115 128.412 84.6593
      vertex 115 129.695 84.9144
    endloop
  endfacet
  facet normal 0 0.0654532 -0.997856
    outer loop
      vertex 115 129.695 84.9144
      vertex 118 131 85
      vertex 118 129.695 84.9144
    endloop
  endfacet
  facet normal 0 0.0654532 -0.997856
    outer loop
      vertex 118 131 85
      vertex 115 129.695 84.9144
      vertex 115 131 85
    endloop
  endfacet
  facet normal 0 0.980812 -0.194955
    outer loop
      vertex 118 121.086 76.3053
      vertex 115 121.341 77.5882
      vertex 118 121.341 77.5882
    endloop
  endfacet
  facet normal 0 0.980812 -0.194955
    outer loop
      vertex 115 121.341 77.5882
      vertex 118 121.086 76.3053
      vertex 115 121.086 76.3053
    endloop
  endfacet
  facet normal 0 -0.0653771 0.997861
    outer loop
      vertex 115 154.044 67.0684
      vertex 118 153 67
      vertex 118 154.044 67.0684
    endloop
  endfacet
  facet normal 0 -0.0653771 0.997861
    outer loop
      vertex 118 153 67
      vertex 115 154.044 67.0684
      vertex 115 153 67
    endloop
  endfacet
  facet normal 0 -0.0653771 -0.997861
    outer loop
      vertex 115 153 83
      vertex 118 154.044 82.9316
      vertex 118 153 83
    endloop
  endfacet
  facet normal -0 -0.0653771 -0.997861
    outer loop
      vertex 118 154.044 82.9316
      vertex 115 153 83
      vertex 115 154.044 82.9316
    endloop
  endfacet
  facet normal 0 0.997886 0.064984
    outer loop
      vertex 118 145.068 73.9558
      vertex 115 145 75
      vertex 118 145 75
    endloop
  endfacet
  facet normal 0 0.997886 0.064984
    outer loop
      vertex 115 145 75
      vertex 118 145.068 73.9558
      vertex 115 145.068 73.9558
    endloop
  endfacet
  facet normal 0 -0.751842 -0.659343
    outer loop
      vertex 115 159.347 79.8701
      vertex 118 158.657 80.6569
      vertex 115 158.657 80.6569
    endloop
  endfacet
  facet normal 0 -0.751842 -0.659343
    outer loop
      vertex 118 158.657 80.6569
      vertex 115 159.347 79.8701
      vertex 118 159.347 79.8701
    endloop
  endfacet
  facet normal 0 -0.947046 -0.321097
    outer loop
      vertex 115 160.727 77.0705
      vertex 118 160.391 78.0615
      vertex 115 160.391 78.0615
    endloop
  endfacet
  facet normal 0 -0.947046 -0.321097
    outer loop
      vertex 118 160.391 78.0615
      vertex 115 160.727 77.0705
      vertex 118 160.727 77.0705
    endloop
  endfacet
  facet normal 0 -0.980632 0.195859
    outer loop
      vertex 115 160.727 72.9294
      vertex 118 160.932 73.9558
      vertex 115 160.932 73.9558
    endloop
  endfacet
  facet normal 0 -0.980632 0.195859
    outer loop
      vertex 118 160.932 73.9558
      vertex 115 160.727 72.9294
      vertex 118 160.727 72.9294
    endloop
  endfacet
  facet normal 0 -0.442086 -0.896973
    outer loop
      vertex 115 156.061 82.391
      vertex 118 157 81.9282
      vertex 118 156.061 82.391
    endloop
  endfacet
  facet normal -0 -0.442086 -0.896973
    outer loop
      vertex 118 157 81.9282
      vertex 115 156.061 82.391
      vertex 115 157 81.9282
    endloop
  endfacet
  facet normal 0 -0.321731 -0.946831
    outer loop
      vertex 115 155.071 82.7274
      vertex 118 156.061 82.391
      vertex 118 155.071 82.7274
    endloop
  endfacet
  facet normal -0 -0.321731 -0.946831
    outer loop
      vertex 118 156.061 82.391
      vertex 115 155.071 82.7274
      vertex 115 156.061 82.391
    endloop
  endfacet
  facet normal 0 -0.896803 -0.442429
    outer loop
      vertex 115 160.391 78.0615
      vertex 118 159.928 79
      vertex 115 159.928 79
    endloop
  endfacet
  facet normal 0 -0.896803 -0.442429
    outer loop
      vertex 118 159.928 79
      vertex 115 160.391 78.0615
      vertex 118 160.391 78.0615
    endloop
  endfacet
  facet normal 0 -0.980628 -0.195877
    outer loop
      vertex 115 160.932 76.0442
      vertex 118 160.727 77.0705
      vertex 115 160.727 77.0705
    endloop
  endfacet
  facet normal 0 -0.980628 -0.195877
    outer loop
      vertex 118 160.727 77.0705
      vertex 115 160.932 76.0442
      vertex 118 160.932 76.0442
    endloop
  endfacet
  facet normal 0 0.980632 0.195859
    outer loop
      vertex 118 145.273 72.9294
      vertex 115 145.068 73.9558
      vertex 118 145.068 73.9558
    endloop
  endfacet
  facet normal 0 0.980632 0.195859
    outer loop
      vertex 115 145.068 73.9558
      vertex 118 145.273 72.9294
      vertex 115 145.273 72.9294
    endloop
  endfacet
  facet normal 0 0.896803 0.442429
    outer loop
      vertex 118 146.072 71
      vertex 115 145.609 71.9385
      vertex 118 145.609 71.9385
    endloop
  endfacet
  facet normal 0 0.896803 0.442429
    outer loop
      vertex 115 145.609 71.9385
      vertex 118 146.072 71
      vertex 115 146.072 71
    endloop
  endfacet
  facet normal 0 -0.195014 0.9808
    outer loop
      vertex 115 155.071 67.2726
      vertex 118 154.044 67.0684
      vertex 118 155.071 67.2726
    endloop
  endfacet
  facet normal 0 -0.195014 0.9808
    outer loop
      vertex 118 154.044 67.0684
      vertex 115 155.071 67.2726
      vertex 115 154.044 67.0684
    endloop
  endfacet
  facet normal 0 -0.442086 0.896973
    outer loop
      vertex 115 157 68.0718
      vertex 118 156.061 67.609
      vertex 118 157 68.0718
    endloop
  endfacet
  facet normal 0 -0.442086 0.896973
    outer loop
      vertex 118 156.061 67.609
      vertex 115 157 68.0718
      vertex 115 156.061 67.609
    endloop
  endfacet
  facet normal 0 -0.751842 0.659343
    outer loop
      vertex 115 158.657 69.3431
      vertex 118 159.347 70.1299
      vertex 115 159.347 70.1299
    endloop
  endfacet
  facet normal 0 -0.751842 0.659343
    outer loop
      vertex 118 159.347 70.1299
      vertex 115 158.657 69.3431
      vertex 118 158.657 69.3431
    endloop
  endfacet
  facet normal 0 -0.555626 0.831432
    outer loop
      vertex 115 157.87 68.6532
      vertex 118 157 68.0718
      vertex 118 157.87 68.6532
    endloop
  endfacet
  facet normal 0 -0.555626 0.831432
    outer loop
      vertex 118 157 68.0718
      vertex 115 157.87 68.6532
      vertex 115 157 68.0718
    endloop
  endfacet
  facet normal 0 -0.997886 0.064984
    outer loop
      vertex 115 160.932 73.9558
      vertex 118 161 75
      vertex 115 161 75
    endloop
  endfacet
  facet normal 0 -0.997886 0.064984
    outer loop
      vertex 118 161 75
      vertex 115 160.932 73.9558
      vertex 118 160.932 73.9558
    endloop
  endfacet
  facet normal 0 -0.947036 0.321126
    outer loop
      vertex 115 160.391 71.9385
      vertex 118 160.727 72.9294
      vertex 115 160.727 72.9294
    endloop
  endfacet
  facet normal 0 -0.947036 0.321126
    outer loop
      vertex 118 160.727 72.9294
      vertex 115 160.391 71.9385
      vertex 118 160.391 71.9385
    endloop
  endfacet
  facet normal 0 -0.831638 0.555318
    outer loop
      vertex 115 159.347 70.1299
      vertex 118 159.928 71
      vertex 115 159.928 71
    endloop
  endfacet
  facet normal 0 -0.831638 0.555318
    outer loop
      vertex 118 159.928 71
      vertex 115 159.347 70.1299
      vertex 118 159.347 70.1299
    endloop
  endfacet
  facet normal 0 -0.555626 -0.831432
    outer loop
      vertex 115 157 81.9282
      vertex 118 157.87 81.3468
      vertex 118 157 81.9282
    endloop
  endfacet
  facet normal -0 -0.555626 -0.831432
    outer loop
      vertex 118 157.87 81.3468
      vertex 115 157 81.9282
      vertex 115 157.87 81.3468
    endloop
  endfacet
  facet normal 0 -0.659194 -0.751973
    outer loop
      vertex 115 157.87 81.3468
      vertex 118 158.657 80.6569
      vertex 118 157.87 81.3468
    endloop
  endfacet
  facet normal -0 -0.659194 -0.751973
    outer loop
      vertex 118 158.657 80.6569
      vertex 115 157.87 81.3468
      vertex 115 158.657 80.6569
    endloop
  endfacet
  facet normal 0 -0.195014 -0.9808
    outer loop
      vertex 115 154.044 82.9316
      vertex 118 155.071 82.7274
      vertex 118 154.044 82.9316
    endloop
  endfacet
  facet normal -0 -0.195014 -0.9808
    outer loop
      vertex 118 155.071 82.7274
      vertex 115 154.044 82.9316
      vertex 115 155.071 82.7274
    endloop
  endfacet
  facet normal 0 -0.831638 -0.555318
    outer loop
      vertex 115 159.928 79
      vertex 118 159.347 79.8701
      vertex 115 159.347 79.8701
    endloop
  endfacet
  facet normal 0 -0.831638 -0.555318
    outer loop
      vertex 118 159.347 79.8701
      vertex 115 159.928 79
      vertex 118 159.928 79
    endloop
  endfacet
  facet normal 0 -0.997886 -0.064984
    outer loop
      vertex 115 161 75
      vertex 118 160.932 76.0442
      vertex 115 160.932 76.0442
    endloop
  endfacet
  facet normal 0 -0.997886 -0.064984
    outer loop
      vertex 118 160.932 76.0442
      vertex 115 161 75
      vertex 118 161 75
    endloop
  endfacet
  facet normal -0 0.0653771 0.997861
    outer loop
      vertex 115 153 67
      vertex 118 151.956 67.0684
      vertex 118 153 67
    endloop
  endfacet
  facet normal 0 0.0653771 0.997861
    outer loop
      vertex 118 151.956 67.0684
      vertex 115 153 67
      vertex 115 151.956 67.0684
    endloop
  endfacet
  facet normal -0 0.659194 0.751973
    outer loop
      vertex 115 148.13 68.6532
      vertex 118 147.343 69.3431
      vertex 118 148.13 68.6532
    endloop
  endfacet
  facet normal 0 0.659194 0.751973
    outer loop
      vertex 118 147.343 69.3431
      vertex 115 148.13 68.6532
      vertex 115 147.343 69.3431
    endloop
  endfacet
  facet normal -0 0.321731 0.946831
    outer loop
      vertex 115 150.929 67.2726
      vertex 118 149.939 67.609
      vertex 118 150.929 67.2726
    endloop
  endfacet
  facet normal 0 0.321731 0.946831
    outer loop
      vertex 118 149.939 67.609
      vertex 115 150.929 67.2726
      vertex 115 149.939 67.609
    endloop
  endfacet
  facet normal -0 0.195014 0.9808
    outer loop
      vertex 115 151.956 67.0684
      vertex 118 150.929 67.2726
      vertex 118 151.956 67.0684
    endloop
  endfacet
  facet normal 0 0.195014 0.9808
    outer loop
      vertex 118 150.929 67.2726
      vertex 115 151.956 67.0684
      vertex 115 150.929 67.2726
    endloop
  endfacet
  facet normal 0 0.442086 -0.896973
    outer loop
      vertex 115 149 81.9282
      vertex 118 149.939 82.391
      vertex 118 149 81.9282
    endloop
  endfacet
  facet normal 0 0.442086 -0.896973
    outer loop
      vertex 118 149.939 82.391
      vertex 115 149 81.9282
      vertex 115 149.939 82.391
    endloop
  endfacet
  facet normal 0 -0.321731 0.946831
    outer loop
      vertex 115 156.061 67.609
      vertex 118 155.071 67.2726
      vertex 118 156.061 67.609
    endloop
  endfacet
  facet normal 0 -0.321731 0.946831
    outer loop
      vertex 118 155.071 67.2726
      vertex 115 156.061 67.609
      vertex 115 155.071 67.2726
    endloop
  endfacet
  facet normal 0 -0.659194 0.751973
    outer loop
      vertex 115 158.657 69.3431
      vertex 118 157.87 68.6532
      vertex 118 158.657 69.3431
    endloop
  endfacet
  facet normal 0 -0.659194 0.751973
    outer loop
      vertex 118 157.87 68.6532
      vertex 115 158.657 69.3431
      vertex 115 157.87 68.6532
    endloop
  endfacet
  facet normal 0 -0.896803 0.442429
    outer loop
      vertex 115 159.928 71
      vertex 118 160.391 71.9385
      vertex 115 160.391 71.9385
    endloop
  endfacet
  facet normal 0 -0.896803 0.442429
    outer loop
      vertex 118 160.391 71.9385
      vertex 115 159.928 71
      vertex 118 159.928 71
    endloop
  endfacet
  facet normal 0 0.831638 0.555318
    outer loop
      vertex 118 146.653 70.1299
      vertex 115 146.072 71
      vertex 118 146.072 71
    endloop
  endfacet
  facet normal 0 0.831638 0.555318
    outer loop
      vertex 115 146.072 71
      vertex 118 146.653 70.1299
      vertex 115 146.653 70.1299
    endloop
  endfacet
  facet normal 0 0.751842 0.659343
    outer loop
      vertex 118 147.343 69.3431
      vertex 115 146.653 70.1299
      vertex 118 146.653 70.1299
    endloop
  endfacet
  facet normal 0 0.751842 0.659343
    outer loop
      vertex 115 146.653 70.1299
      vertex 118 147.343 69.3431
      vertex 115 147.343 69.3431
    endloop
  endfacet
  facet normal -0 0.555626 0.831432
    outer loop
      vertex 115 149 68.0718
      vertex 118 148.13 68.6532
      vertex 118 149 68.0718
    endloop
  endfacet
  facet normal 0 0.555626 0.831432
    outer loop
      vertex 118 148.13 68.6532
      vertex 115 149 68.0718
      vertex 115 148.13 68.6532
    endloop
  endfacet
  facet normal 0 0.659194 -0.751973
    outer loop
      vertex 115 147.343 80.6569
      vertex 118 148.13 81.3468
      vertex 118 147.343 80.6569
    endloop
  endfacet
  facet normal 0 0.659194 -0.751973
    outer loop
      vertex 118 148.13 81.3468
      vertex 115 147.343 80.6569
      vertex 115 148.13 81.3468
    endloop
  endfacet
  facet normal 0 0.321731 -0.946831
    outer loop
      vertex 115 149.939 82.391
      vertex 118 150.929 82.7274
      vertex 118 149.939 82.391
    endloop
  endfacet
  facet normal 0 0.321731 -0.946831
    outer loop
      vertex 118 150.929 82.7274
      vertex 115 149.939 82.391
      vertex 115 150.929 82.7274
    endloop
  endfacet
  facet normal 0 0.947036 0.321126
    outer loop
      vertex 118 145.609 71.9385
      vertex 115 145.273 72.9294
      vertex 118 145.273 72.9294
    endloop
  endfacet
  facet normal 0 0.947036 0.321126
    outer loop
      vertex 115 145.273 72.9294
      vertex 118 145.609 71.9385
      vertex 115 145.609 71.9385
    endloop
  endfacet
  facet normal -0 0.442086 0.896973
    outer loop
      vertex 115 149.939 67.609
      vertex 118 149 68.0718
      vertex 118 149.939 67.609
    endloop
  endfacet
  facet normal 0 0.442086 0.896973
    outer loop
      vertex 118 149 68.0718
      vertex 115 149.939 67.609
      vertex 115 149 68.0718
    endloop
  endfacet
  facet normal 0 0.997886 -0.064984
    outer loop
      vertex 118 145 75
      vertex 115 145.068 76.0442
      vertex 118 145.068 76.0442
    endloop
  endfacet
  facet normal 0 0.997886 -0.064984
    outer loop
      vertex 115 145.068 76.0442
      vertex 118 145 75
      vertex 115 145 75
    endloop
  endfacet
  facet normal 0 0.947046 -0.321097
    outer loop
      vertex 118 145.273 77.0705
      vertex 115 145.609 78.0615
      vertex 118 145.609 78.0615
    endloop
  endfacet
  facet normal 0 0.947046 -0.321097
    outer loop
      vertex 115 145.609 78.0615
      vertex 118 145.273 77.0705
      vertex 115 145.273 77.0705
    endloop
  endfacet
  facet normal 0 0.980628 -0.195877
    outer loop
      vertex 118 145.068 76.0442
      vertex 115 145.273 77.0705
      vertex 118 145.273 77.0705
    endloop
  endfacet
  facet normal 0 0.980628 -0.195877
    outer loop
      vertex 115 145.273 77.0705
      vertex 118 145.068 76.0442
      vertex 115 145.068 76.0442
    endloop
  endfacet
  facet normal 0 0.555626 -0.831432
    outer loop
      vertex 115 148.13 81.3468
      vertex 118 149 81.9282
      vertex 118 148.13 81.3468
    endloop
  endfacet
  facet normal 0 0.555626 -0.831432
    outer loop
      vertex 118 149 81.9282
      vertex 115 148.13 81.3468
      vertex 115 149 81.9282
    endloop
  endfacet
  facet normal 0 0.751842 -0.659343
    outer loop
      vertex 118 146.653 79.8701
      vertex 115 147.343 80.6569
      vertex 118 147.343 80.6569
    endloop
  endfacet
  facet normal 0 0.751842 -0.659343
    outer loop
      vertex 115 147.343 80.6569
      vertex 118 146.653 79.8701
      vertex 115 146.653 79.8701
    endloop
  endfacet
  facet normal 0 0.195014 -0.9808
    outer loop
      vertex 115 150.929 82.7274
      vertex 118 151.956 82.9316
      vertex 118 150.929 82.7274
    endloop
  endfacet
  facet normal 0 0.195014 -0.9808
    outer loop
      vertex 118 151.956 82.9316
      vertex 115 150.929 82.7274
      vertex 115 151.956 82.9316
    endloop
  endfacet
  facet normal 0 0.0653771 -0.997861
    outer loop
      vertex 115 151.956 82.9316
      vertex 118 153 83
      vertex 118 151.956 82.9316
    endloop
  endfacet
  facet normal 0 0.0653771 -0.997861
    outer loop
      vertex 118 153 83
      vertex 115 151.956 82.9316
      vertex 115 153 83
    endloop
  endfacet
  facet normal 0 0.896803 -0.442429
    outer loop
      vertex 118 145.609 78.0615
      vertex 115 146.072 79
      vertex 118 146.072 79
    endloop
  endfacet
  facet normal 0 0.896803 -0.442429
    outer loop
      vertex 115 146.072 79
      vertex 118 145.609 78.0615
      vertex 115 145.609 78.0615
    endloop
  endfacet
  facet normal 0 0.831638 -0.555318
    outer loop
      vertex 118 146.072 79
      vertex 115 146.653 79.8701
      vertex 118 146.653 79.8701
    endloop
  endfacet
  facet normal 0 0.831638 -0.555318
    outer loop
      vertex 115 146.653 79.8701
      vertex 118 146.072 79
      vertex 115 146.072 79
    endloop
  endfacet
  facet normal 1 -0 0
    outer loop
      vertex 132.75 175.6 74
      vertex 132.75 178 48
      vertex 132.75 178 74
    endloop
  endfacet
  facet normal 1 0 0
    outer loop
      vertex 132.75 178 48
      vertex 132.75 175.6 74
      vertex 132.75 175.6 48
    endloop
  endfacet
  facet normal 0 0 -1
    outer loop
      vertex 132.75 175.6 74
      vertex 135.25 178 74
      vertex 135.25 175.6 74
    endloop
  endfacet
  facet normal -0 0 -1
    outer loop
      vertex 135.25 178 74
      vertex 132.75 175.6 74
      vertex 132.75 178 74
    endloop
  endfacet
  facet normal -1 0 0
    outer loop
      vertex 135.25 175.6 48
      vertex 135.25 178 74
      vertex 135.25 178 48
    endloop
  endfacet
  facet normal -1 -0 0
    outer loop
      vertex 135.25 178 74
      vertex 135.25 175.6 48
      vertex 135.25 175.6 74
    endloop
  endfacet
  facet normal -0 0 1
    outer loop
      vertex 132.75 178 48
      vertex 135.25 175.6 48
      vertex 135.25 178 48
    endloop
  endfacet
  facet normal 0 0 1
    outer loop
      vertex 135.25 175.6 48
      vertex 132.75 178 48
      vertex 132.75 175.6 48
    endloop
  endfacet
  facet normal 1 -0 0
    outer loop
      vertex 138.75 175.6 74
      vertex 138.75 178 48
      vertex 138.75 178 74
    endloop
  endfacet
  facet normal 1 0 0
    outer loop
      vertex 138.75 178 48
      vertex 138.75 175.6 74
      vertex 138.75 175.6 48
    endloop
  endfacet
  facet normal 0 0 -1
    outer loop
      vertex 138.75 175.6 74
      vertex 141.25 178 74
      vertex 141.25 175.6 74
    endloop
  endfacet
  facet normal -0 0 -1
    outer loop
      vertex 141.25 178 74
      vertex 138.75 175.6 74
      vertex 138.75 178 74
    endloop
  endfacet
  facet normal -1 0 0
    outer loop
      vertex 141.25 175.6 48
      vertex 141.25 178 74
      vertex 141.25 178 48
    endloop
  endfacet
  facet normal -1 -0 0
    outer loop
      vertex 141.25 178 74
      vertex 141.25 175.6 48
      vertex 141.25 175.6 74
    endloop
  endfacet
  facet normal -0 0 1
    outer loop
      vertex 138.75 178 48
      vertex 141.25 175.6 48
      vertex 141.25 178 48
    endloop
  endfacet
  facet normal 0 0 1
    outer loop
      vertex 141.25 175.6 48
      vertex 138.75 178 48
      vertex 138.75 175.6 48
    endloop
  endfacet
  facet normal 1 -0 0
    outer loop
      vertex 144.75 175.6 74
      vertex 144.75 178 48
      vertex 144.75 178 74
    endloop
  endfacet
  facet normal 1 0 0
    outer loop
      vertex 144.75 178 48
      vertex 144.75 175.6 74
      vertex 144.75 175.6 48
    endloop
  endfacet
  facet normal 0 0 -1
    outer loop
      vertex 144.75 175.6 74
      vertex 147.25 178 74
      vertex 147.25 175.6 74
    endloop
  endfacet
  facet normal -0 0 -1
    outer loop
      vertex 147.25 178 74
      vertex 144.75 175.6 74
      vertex 144.75 178 74
    endloop
  endfacet
  facet normal -1 0 0
    outer loop
      vertex 147.25 175.6 48
      vertex 147.25 178 74
      vertex 147.25 178 48
    endloop
  endfacet
  facet normal -1 -0 0
    outer loop
      vertex 147.25 178 74
      vertex 147.25 175.6 48
      vertex 147.25 175.6 74
    endloop
  endfacet
  facet normal -0 0 1
    outer loop
      vertex 144.75 178 48
      vertex 147.25 175.6 48
      vertex 147.25 178 48
    endloop
  endfacet
  facet normal 0 0 1
    outer loop
      vertex 147.25 175.6 48
      vertex 144.75 178 48
      vertex 144.75 175.6 48
    endloop
  endfacet
  facet normal 1 -0 0
    outer loop
      vertex 150.75 175.6 74
      vertex 150.75 178 48
      vertex 150.75 178 74
    endloop
  endfacet
  facet normal 1 0 0
    outer loop
      vertex 150.75 178 48
      vertex 150.75 175.6 74
      vertex 150.75 175.6 48
    endloop
  endfacet
  facet normal 0 0 -1
    outer loop
      vertex 150.75 175.6 74
      vertex 153.25 178 74
      vertex 153.25 175.6 74
    endloop
  endfacet
  facet normal -0 0 -1
    outer loop
      vertex 153.25 178 74
      vertex 150.75 175.6 74
      vertex 150.75 178 74
    endloop
  endfacet
  facet normal -1 0 0
    outer loop
      vertex 153.25 175.6 48
      vertex 153.25 178 74
      vertex 153.25 178 48
    endloop
  endfacet
  facet normal -1 -0 0
    outer loop
      vertex 153.25 178 74
      vertex 153.25 175.6 48
      vertex 153.25 175.6 74
    endloop
  endfacet
  facet normal -0 0 1
    outer loop
      vertex 150.75 178 48
      vertex 153.25 175.6 48
      vertex 153.25 178 48
    endloop
  endfacet
  facet normal 0 0 1
    outer loop
      vertex 153.25 175.6 48
      vertex 150.75 178 48
      vertex 150.75 175.6 48
    endloop
  endfacet
  facet normal 1 -0 0
    outer loop
      vertex 156.75 175.6 74
      vertex 156.75 178 48
      vertex 156.75 178 74
    endloop
  endfacet
  facet normal 1 0 0
    outer loop
      vertex 156.75 178 48
      vertex 156.75 175.6 74
      vertex 156.75 175.6 48
    endloop
  endfacet
  facet normal 0 0 -1
    outer loop
      vertex 156.75 175.6 74
      vertex 159.25 178 74
      vertex 159.25 175.6 74
    endloop
  endfacet
  facet normal -0 0 -1
    outer loop
      vertex 159.25 178 74
      vertex 156.75 175.6 74
      vertex 156.75 178 74
    endloop
  endfacet
  facet normal -1 0 0
    outer loop
      vertex 159.25 175.6 48
      vertex 159.25 178 74
      vertex 159.25 178 48
    endloop
  endfacet
  facet normal -1 -0 0
    outer loop
      vertex 159.25 178 74
      vertex 159.25 175.6 48
      vertex 159.25 175.6 74
    endloop
  endfacet
  facet normal -0 0 1
    outer loop
      vertex 156.75 178 48
      vertex 159.25 175.6 48
      vertex 159.25 178 48
    endloop
  endfacet
  facet normal 0 0 1
    outer loop
      vertex 159.25 175.6 48
      vertex 156.75 178 48
      vertex 156.75 175.6 48
    endloop
  endfacet
  facet normal 1 -0 0
    outer loop
      vertex 162.75 175.6 74
      vertex 162.75 178 48
      vertex 162.75 178 74
    endloop
  endfacet
  facet normal 1 0 0
    outer loop
      vertex 162.75 178 48
      vertex 162.75 175.6 74
      vertex 162.75 175.6 48
    endloop
  endfacet
  facet normal 0 0 -1
    outer loop
      vertex 162.75 175.6 74
      vertex 165.25 178 74
      vertex 165.25 175.6 74
    endloop
  endfacet
  facet normal -0 0 -1
    outer loop
      vertex 165.25 178 74
      vertex 162.75 175.6 74
      vertex 162.75 178 74
    endloop
  endfacet
  facet normal -1 0 0
    outer loop
      vertex 165.25 175.6 48
      vertex 165.25 178 74
      vertex 165.25 178 48
    endloop
  endfacet
  facet normal -1 -0 0
    outer loop
      vertex 165.25 178 74
      vertex 165.25 175.6 48
      vertex 165.25 175.6 74
    endloop
  endfacet
  facet normal -0 0 1
    outer loop
      vertex 162.75 178 48
      vertex 165.25 175.6 48
      vertex 165.25 178 48
    endloop
  endfacet
  facet normal 0 0 1
    outer loop
      vertex 165.25 175.6 48
      vertex 162.75 178 48
      vertex 162.75 175.6 48
    endloop
  endfacet
  facet normal 1 -0 0
    outer loop
      vertex 168.75 175.6 74
      vertex 168.75 178 48
      vertex 168.75 178 74
    endloop
  endfacet
  facet normal 1 0 0
    outer loop
      vertex 168.75 178 48
      vertex 168.75 175.6 74
      vertex 168.75 175.6 48
    endloop
  endfacet
  facet normal 0 0 -1
    outer loop
      vertex 168.75 175.6 74
      vertex 171.25 178 74
      vertex 171.25 175.6 74
    endloop
  endfacet
  facet normal -0 0 -1
    outer loop
      vertex 171.25 178 74
      vertex 168.75 175.6 74
      vertex 168.75 178 74
    endloop
  endfacet
  facet normal -1 0 0
    outer loop
      vertex 171.25 175.6 48
      vertex 171.25 178 74
      vertex 171.25 178 48
    endloop
  endfacet
  facet normal -1 -0 0
    outer loop
      vertex 171.25 178 74
      vertex 171.25 175.6 48
      vertex 171.25 175.6 74
    endloop
  endfacet
  facet normal -0 0 1
    outer loop
      vertex 168.75 178 48
      vertex 171.25 175.6 48
      vertex 171.25 178 48
    endloop
  endfacet
  facet normal 0 0 1
    outer loop
      vertex 171.25 175.6 48
      vertex 168.75 178 48
      vertex 168.75 175.6 48
    endloop
  endfacet
  facet normal 1 -0 0
    outer loop
      vertex 229.98 57.5 34
      vertex 229.98 60.5 8
      vertex 229.98 60.5 34
    endloop
  endfacet
  facet normal 1 0 0
    outer loop
      vertex 229.98 60.5 8
      vertex 229.98 57.5 34
      vertex 229.98 57.5 8
    endloop
  endfacet
  facet normal 0 0 -1
    outer loop
      vertex 229.98 57.5 34
      vertex 232.4 60.5 34
      vertex 232.4 57.5 34
    endloop
  endfacet
  facet normal -0 0 -1
    outer loop
      vertex 232.4 60.5 34
      vertex 229.98 57.5 34
      vertex 229.98 60.5 34
    endloop
  endfacet
  facet normal 0 -1 0
    outer loop
      vertex 229.98 60.5 8
      vertex 232.4 60.5 34
      vertex 229.98 60.5 34
    endloop
  endfacet
  facet normal 0 -1 -0
    outer loop
      vertex 232.4 60.5 34
      vertex 229.98 60.5 8
      vertex 232.4 60.5 8
    endloop
  endfacet
  facet normal -0 0 1
    outer loop
      vertex 229.98 60.5 8
      vertex 232.4 57.5 8
      vertex 232.4 60.5 8
    endloop
  endfacet
  facet normal 0 0 1
    outer loop
      vertex 232.4 57.5 8
      vertex 229.98 60.5 8
      vertex 229.98 57.5 8
    endloop
  endfacet
  facet normal 0 1 -0
    outer loop
      vertex 232.4 57.5 8
      vertex 229.98 57.5 34
      vertex 232.4 57.5 34
    endloop
  endfacet
  facet normal 0 1 0
    outer loop
      vertex 229.98 57.5 34
      vertex 232.4 57.5 8
      vertex 229.98 57.5 8
    endloop
  endfacet
  facet normal 1 -0 0
    outer loop
      vertex 229.98 63.5 34
      vertex 229.98 66.5 8
      vertex 229.98 66.5 34
    endloop
  endfacet
  facet normal 1 0 0
    outer loop
      vertex 229.98 66.5 8
      vertex 229.98 63.5 34
      vertex 229.98 63.5 8
    endloop
  endfacet
  facet normal 0 0 -1
    outer loop
      vertex 229.98 63.5 34
      vertex 232.4 66.5 34
      vertex 232.4 63.5 34
    endloop
  endfacet
  facet normal -0 0 -1
    outer loop
      vertex 232.4 66.5 34
      vertex 229.98 63.5 34
      vertex 229.98 66.5 34
    endloop
  endfacet
  facet normal -0 0 1
    outer loop
      vertex 229.98 66.5 8
      vertex 232.4 63.5 8
      vertex 232.4 66.5 8
    endloop
  endfacet
  facet normal 0 0 1
    outer loop
      vertex 232.4 63.5 8
      vertex 229.98 66.5 8
      vertex 229.98 63.5 8
    endloop
  endfacet
  facet normal 0 1 -0
    outer loop
      vertex 232.4 63.5 8
      vertex 229.98 63.5 34
      vertex 232.4 63.5 34
    endloop
  endfacet
  facet normal 0 1 0
    outer loop
      vertex 229.98 63.5 34
      vertex 232.4 63.5 8
      vertex 229.98 63.5 8
    endloop
  endfacet
  facet normal 0 -1 0
    outer loop
      vertex 229.98 66.5 8
      vertex 232.4 66.5 34
      vertex 229.98 66.5 34
    endloop
  endfacet
  facet normal 0 -1 -0
    outer loop
      vertex 232.4 66.5 34
      vertex 229.98 66.5 8
      vertex 232.4 66.5 8
    endloop
  endfacet
  facet normal 1 -0 0
    outer loop
      vertex 229.98 69.5 34
      vertex 229.98 72.5 8
      vertex 229.98 72.5 34
    endloop
  endfacet
  facet normal 1 0 0
    outer loop
      vertex 229.98 72.5 8
      vertex 229.98 69.5 34
      vertex 229.98 69.5 8
    endloop
  endfacet
  facet normal 0 0 -1
    outer loop
      vertex 229.98 69.5 34
      vertex 232.4 72.5 34
      vertex 232.4 69.5 34
    endloop
  endfacet
  facet normal -0 0 -1
    outer loop
      vertex 232.4 72.5 34
      vertex 229.98 69.5 34
      vertex 229.98 72.5 34
    endloop
  endfacet
  facet normal 0 -1 0
    outer loop
      vertex 229.98 72.5 8
      vertex 232.4 72.5 34
      vertex 229.98 72.5 34
    endloop
  endfacet
  facet normal 0 -1 -0
    outer loop
      vertex 232.4 72.5 34
      vertex 229.98 72.5 8
      vertex 232.4 72.5 8
    endloop
  endfacet
  facet normal -0 0 1
    outer loop
      vertex 229.98 72.5 8
      vertex 232.4 69.5 8
      vertex 232.4 72.5 8
    endloop
  endfacet
  facet normal 0 0 1
    outer loop
      vertex 232.4 69.5 8
      vertex 229.98 72.5 8
      vertex 229.98 69.5 8
    endloop
  endfacet
  facet normal 0 1 -0
    outer loop
      vertex 232.4 69.5 8
      vertex 229.98 69.5 34
      vertex 232.4 69.5 34
    endloop
  endfacet
  facet normal 0 1 0
    outer loop
      vertex 229.98 69.5 34
      vertex 232.4 69.5 8
      vertex 229.98 69.5 8
    endloop
  endfacet
  facet normal 1 -0 0
    outer loop
      vertex 229.98 75.5 34
      vertex 229.98 78.5 8
      vertex 229.98 78.5 34
    endloop
  endfacet
  facet normal 1 0 0
    outer loop
      vertex 229.98 78.5 8
      vertex 229.98 75.5 34
      vertex 229.98 75.5 8
    endloop
  endfacet
  facet normal 0 0 -1
    outer loop
      vertex 229.98 75.5 34
      vertex 232.4 78.5 34
      vertex 232.4 75.5 34
    endloop
  endfacet
  facet normal -0 0 -1
    outer loop
      vertex 232.4 78.5 34
      vertex 229.98 75.5 34
      vertex 229.98 78.5 34
    endloop
  endfacet
  facet normal 0 -1 0
    outer loop
      vertex 229.98 78.5 8
      vertex 232.4 78.5 34
      vertex 229.98 78.5 34
    endloop
  endfacet
  facet normal 0 -1 -0
    outer loop
      vertex 232.4 78.5 34
      vertex 229.98 78.5 8
      vertex 232.4 78.5 8
    endloop
  endfacet
  facet normal -0 0 1
    outer loop
      vertex 229.98 78.5 8
      vertex 232.4 75.5 8
      vertex 232.4 78.5 8
    endloop
  endfacet
  facet normal 0 0 1
    outer loop
      vertex 232.4 75.5 8
      vertex 229.98 78.5 8
      vertex 229.98 75.5 8
    endloop
  endfacet
  facet normal 0 1 -0
    outer loop
      vertex 232.4 75.5 8
      vertex 229.98 75.5 34
      vertex 232.4 75.5 34
    endloop
  endfacet
  facet normal 0 1 0
    outer loop
      vertex 229.98 75.5 34
      vertex 232.4 75.5 8
      vertex 229.98 75.5 8
    endloop
  endfacet
  facet normal 1 -0 0
    outer loop
      vertex 229.98 81.5 34
      vertex 229.98 84.5 8
      vertex 229.98 84.5 34
    endloop
  endfacet
  facet normal 1 0 0
    outer loop
      vertex 229.98 84.5 8
      vertex 229.98 81.5 34
      vertex 229.98 81.5 8
    endloop
  endfacet
  facet normal 0 0 -1
    outer loop
      vertex 229.98 81.5 34
      vertex 232.4 84.5 34
      vertex 232.4 81.5 34
    endloop
  endfacet
  facet normal -0 0 -1
    outer loop
      vertex 232.4 84.5 34
      vertex 229.98 81.5 34
      vertex 229.98 84.5 34
    endloop
  endfacet
  facet normal 0 -1 0
    outer loop
      vertex 229.98 84.5 8
      vertex 232.4 84.5 34
      vertex 229.98 84.5 34
    endloop
  endfacet
  facet normal 0 -1 -0
    outer loop
      vertex 232.4 84.5 34
      vertex 229.98 84.5 8
      vertex 232.4 84.5 8
    endloop
  endfacet
  facet normal -0 0 1
    outer loop
      vertex 229.98 84.5 8
      vertex 232.4 81.5 8
      vertex 232.4 84.5 8
    endloop
  endfacet
  facet normal 0 0 1
    outer loop
      vertex 232.4 81.5 8
      vertex 229.98 84.5 8
      vertex 229.98 81.5 8
    endloop
  endfacet
  facet normal 0 1 -0
    outer loop
      vertex 232.4 81.5 8
      vertex 229.98 81.5 34
      vertex 232.4 81.5 34
    endloop
  endfacet
  facet normal 0 1 0
    outer loop
      vertex 229.98 81.5 34
      vertex 232.4 81.5 8
      vertex 229.98 81.5 8
    endloop
  endfacet
  facet normal 1 -0 0
    outer loop
      vertex 229.98 87.5 34
      vertex 229.98 90.5 8
      vertex 229.98 90.5 34
    endloop
  endfacet
  facet normal 1 0 0
    outer loop
      vertex 229.98 90.5 8
      vertex 229.98 87.5 34
      vertex 229.98 87.5 8
    endloop
  endfacet
  facet normal 0 0 -1
    outer loop
      vertex 229.98 87.5 34
      vertex 232.4 90.5 34
      vertex 232.4 87.5 34
    endloop
  endfacet
  facet normal -0 0 -1
    outer loop
      vertex 232.4 90.5 34
      vertex 229.98 87.5 34
      vertex 229.98 90.5 34
    endloop
  endfacet
  facet normal 0 -1 0
    outer loop
      vertex 229.98 90.5 8
      vertex 232.4 90.5 34
      vertex 229.98 90.5 34
    endloop
  endfacet
  facet normal 0 -1 -0
    outer loop
      vertex 232.4 90.5 34
      vertex 229.98 90.5 8
      vertex 232.4 90.5 8
    endloop
  endfacet
  facet normal -0 0 1
    outer loop
      vertex 229.98 90.5 8
      vertex 232.4 87.5 8
      vertex 232.4 90.5 8
    endloop
  endfacet
  facet normal 0 0 1
    outer loop
      vertex 232.4 87.5 8
      vertex 229.98 90.5 8
      vertex 229.98 87.5 8
    endloop
  endfacet
  facet normal 0 1 -0
    outer loop
      vertex 232.4 87.5 8
      vertex 229.98 87.5 34
      vertex 232.4 87.5 34
    endloop
  endfacet
  facet normal 0 1 0
    outer loop
      vertex 229.98 87.5 34
      vertex 232.4 87.5 8
      vertex 229.98 87.5 8
    endloop
  endfacet
  facet normal 1 -0 0
    outer loop
      vertex 229.98 93.5 34
      vertex 229.98 96.5 8
      vertex 229.98 96.5 34
    endloop
  endfacet
  facet normal 1 0 0
    outer loop
      vertex 229.98 96.5 8
      vertex 229.98 93.5 34
      vertex 229.98 93.5 8
    endloop
  endfacet
  facet normal 0 0 -1
    outer loop
      vertex 229.98 93.5 34
      vertex 232.4 96.5 34
      vertex 232.4 93.5 34
    endloop
  endfacet
  facet normal -0 0 -1
    outer loop
      vertex 232.4 96.5 34
      vertex 229.98 93.5 34
      vertex 229.98 96.5 34
    endloop
  endfacet
  facet normal 0 -1 0
    outer loop
      vertex 229.98 96.5 8
      vertex 232.4 96.5 34
      vertex 229.98 96.5 34
    endloop
  endfacet
  facet normal 0 -1 -0
    outer loop
      vertex 232.4 96.5 34
      vertex 229.98 96.5 8
      vertex 232.4 96.5 8
    endloop
  endfacet
  facet normal -0 0 1
    outer loop
      vertex 229.98 96.5 8
      vertex 232.4 93.5 8
      vertex 232.4 96.5 8
    endloop
  endfacet
  facet normal 0 0 1
    outer loop
      vertex 232.4 93.5 8
      vertex 229.98 96.5 8
      vertex 229.98 93.5 8
    endloop
  endfacet
  facet normal 0 1 -0
    outer loop
      vertex 232.4 93.5 8
      vertex 229.98 93.5 34
      vertex 232.4 93.5 34
    endloop
  endfacet
  facet normal 0 1 0
    outer loop
      vertex 229.98 93.5 34
      vertex 232.4 93.5 8
      vertex 229.98 93.5 8
    endloop
  endfacet
  facet normal 1 -0 0
    outer loop
      vertex 229.98 99.5 34
      vertex 229.98 102.5 8
      vertex 229.98 102.5 34
    endloop
  endfacet
  facet normal 1 0 0
    outer loop
      vertex 229.98 102.5 8
      vertex 229.98 99.5 34
      vertex 229.98 99.5 8
    endloop
  endfacet
  facet normal 0 0 -1
    outer loop
      vertex 229.98 99.5 34
      vertex 232.4 102.5 34
      vertex 232.4 99.5 34
    endloop
  endfacet
  facet normal -0 0 -1
    outer loop
      vertex 232.4 102.5 34
      vertex 229.98 99.5 34
      vertex 229.98 102.5 34
    endloop
  endfacet
  facet normal 0 -1 0
    outer loop
      vertex 229.98 102.5 8
      vertex 232.4 102.5 34
      vertex 229.98 102.5 34
    endloop
  endfacet
  facet normal 0 -1 -0
    outer loop
      vertex 232.4 102.5 34
      vertex 229.98 102.5 8
      vertex 232.4 102.5 8
    endloop
  endfacet
  facet normal -0 0 1
    outer loop
      vertex 229.98 102.5 8
      vertex 232.4 99.5 8
      vertex 232.4 102.5 8
    endloop
  endfacet
  facet normal 0 0 1
    outer loop
      vertex 232.4 99.5 8
      vertex 229.98 102.5 8
      vertex 229.98 99.5 8
    endloop
  endfacet
  facet normal 0 1 -0
    outer loop
      vertex 232.4 99.5 8
      vertex 229.98 99.5 34
      vertex 232.4 99.5 34
    endloop
  endfacet
  facet normal 0 1 0
    outer loop
      vertex 229.98 99.5 34
      vertex 232.4 99.5 8
      vertex 229.98 99.5 8
    endloop
  endfacet
  facet normal 1 -0 0
    outer loop
      vertex 229.98 105.5 34
      vertex 229.98 108.5 8
      vertex 229.98 108.5 34
    endloop
  endfacet
  facet normal 1 0 0
    outer loop
      vertex 229.98 108.5 8
      vertex 229.98 105.5 34
      vertex 229.98 105.5 8
    endloop
  endfacet
  facet normal 0 0 -1
    outer loop
      vertex 229.98 105.5 34
      vertex 232.4 108.5 34
      vertex 232.4 105.5 34
    endloop
  endfacet
  facet normal -0 0 -1
    outer loop
      vertex 232.4 108.5 34
      vertex 229.98 105.5 34
      vertex 229.98 108.5 34
    endloop
  endfacet
  facet normal 0 -1 0
    outer loop
      vertex 229.98 108.5 8
      vertex 232.4 108.5 34
      vertex 229.98 108.5 34
    endloop
  endfacet
  facet normal 0 -1 -0
    outer loop
      vertex 232.4 108.5 34
      vertex 229.98 108.5 8
      vertex 232.4 108.5 8
    endloop
  endfacet
  facet normal -0 0 1
    outer loop
      vertex 229.98 108.5 8
      vertex 232.4 105.5 8
      vertex 232.4 108.5 8
    endloop
  endfacet
  facet normal 0 0 1
    outer loop
      vertex 232.4 105.5 8
      vertex 229.98 108.5 8
      vertex 229.98 105.5 8
    endloop
  endfacet
  facet normal 0 1 -0
    outer loop
      vertex 232.4 105.5 8
      vertex 229.98 105.5 34
      vertex 232.4 105.5 34
    endloop
  endfacet
  facet normal 0 1 0
    outer loop
      vertex 229.98 105.5 34
      vertex 232.4 105.5 8
      vertex 229.98 105.5 8
    endloop
  endfacet
  facet normal 1 -0 0
    outer loop
      vertex 229.98 111.5 34
      vertex 229.98 114.5 8
      vertex 229.98 114.5 34
    endloop
  endfacet
  facet normal 1 0 0
    outer loop
      vertex 229.98 114.5 8
      vertex 229.98 111.5 34
      vertex 229.98 111.5 8
    endloop
  endfacet
  facet normal 0 0 -1
    outer loop
      vertex 229.98 111.5 34
      vertex 232.4 114.5 34
      vertex 232.4 111.5 34
    endloop
  endfacet
  facet normal -0 0 -1
    outer loop
      vertex 232.4 114.5 34
      vertex 229.98 111.5 34
      vertex 229.98 114.5 34
    endloop
  endfacet
  facet normal 0 -1 0
    outer loop
      vertex 229.98 114.5 8
      vertex 232.4 114.5 34
      vertex 229.98 114.5 34
    endloop
  endfacet
  facet normal 0 -1 -0
    outer loop
      vertex 232.4 114.5 34
      vertex 229.98 114.5 8
      vertex 232.4 114.5 8
    endloop
  endfacet
  facet normal -0 0 1
    outer loop
      vertex 229.98 114.5 8
      vertex 232.4 111.5 8
      vertex 232.4 114.5 8
    endloop
  endfacet
  facet normal 0 0 1
    outer loop
      vertex 232.4 111.5 8
      vertex 229.98 114.5 8
      vertex 229.98 111.5 8
    endloop
  endfacet
  facet normal 0 1 -0
    outer loop
      vertex 232.4 111.5 8
      vertex 229.98 111.5 34
      vertex 232.4 111.5 34
    endloop
  endfacet
  facet normal 0 1 0
    outer loop
      vertex 229.98 111.5 34
      vertex 232.4 111.5 8
      vertex 229.98 111.5 8
    endloop
  endfacet
  facet normal 1 -0 0
    outer loop
      vertex 229.98 117.5 34
      vertex 229.98 120.5 8
      vertex 229.98 120.5 34
    endloop
  endfacet
  facet normal 1 0 0
    outer loop
      vertex 229.98 120.5 8
      vertex 229.98 117.5 34
      vertex 229.98 117.5 8
    endloop
  endfacet
  facet normal 0 0 -1
    outer loop
      vertex 229.98 117.5 34
      vertex 232.4 120.5 34
      vertex 232.4 117.5 34
    endloop
  endfacet
  facet normal -0 0 -1
    outer loop
      vertex 232.4 120.5 34
      vertex 229.98 117.5 34
      vertex 229.98 120.5 34
    endloop
  endfacet
  facet normal -0 0 1
    outer loop
      vertex 229.98 120.5 8
      vertex 232.4 117.5 8
      vertex 232.4 120.5 8
    endloop
  endfacet
  facet normal 0 0 1
    outer loop
      vertex 232.4 117.5 8
      vertex 229.98 120.5 8
      vertex 229.98 117.5 8
    endloop
  endfacet
  facet normal 0 1 -0
    outer loop
      vertex 232.4 117.5 8
      vertex 229.98 117.5 34
      vertex 232.4 117.5 34
    endloop
  endfacet
  facet normal 0 1 0
    outer loop
      vertex 229.98 117.5 34
      vertex 232.4 117.5 8
      vertex 229.98 117.5 8
    endloop
  endfacet
  facet normal 0 -1 0
    outer loop
      vertex 229.98 120.5 8
      vertex 232.4 120.5 34
      vertex 229.98 120.5 34
    endloop
  endfacet
  facet normal 0 -1 -0
    outer loop
      vertex 232.4 120.5 34
      vertex 229.98 120.5 8
      vertex 232.4 120.5 8
    endloop
  endfacet
  facet normal 1 -0 0
    outer loop
      vertex 116.8 42.4 90
      vertex 116.8 58.4 87
      vertex 116.8 58.4 90
    endloop
  endfacet
  facet normal 1 0 0
    outer loop
      vertex 116.8 58.4 87
      vertex 116.8 42.4 90
      vertex 116.8 42.4 87
    endloop
  endfacet
  facet normal 0 0 -1
    outer loop
      vertex 116.8 42.4 90
      vertex 118 58.4 90
      vertex 118 42.4 90
    endloop
  endfacet
  facet normal -0 0 -1
    outer loop
      vertex 118 58.4 90
      vertex 116.8 42.4 90
      vertex 116.8 58.4 90
    endloop
  endfacet
  facet normal 0 -1 0
    outer loop
      vertex 116.8 58.4 87
      vertex 118 58.4 90
      vertex 116.8 58.4 90
    endloop
  endfacet
  facet normal 0 -1 -0
    outer loop
      vertex 118 58.4 90
      vertex 116.8 58.4 87
      vertex 118 58.4 87
    endloop
  endfacet
  facet normal -0 0 1
    outer loop
      vertex 116.8 58.4 87
      vertex 118 42.4 87
      vertex 118 58.4 87
    endloop
  endfacet
  facet normal 0 0 1
    outer loop
      vertex 118 42.4 87
      vertex 116.8 58.4 87
      vertex 116.8 42.4 87
    endloop
  endfacet
  facet normal 0 1 -0
    outer loop
      vertex 118 42.4 87
      vertex 116.8 42.4 90
      vertex 118 42.4 90
    endloop
  endfacet
  facet normal 0 1 0
    outer loop
      vertex 116.8 42.4 90
      vertex 118 42.4 87
      vertex 116.8 42.4 87
    endloop
  endfacet
  facet normal 0 0 -1
    outer loop
      vertex 230 42.4 90
      vertex 231.22 58.4 90
      vertex 231.22 42.4 90
    endloop
  endfacet
  facet normal -0 0 -1
    outer loop
      vertex 231.22 58.4 90
      vertex 230 42.4 90
      vertex 230 58.4 90
    endloop
  endfacet
  facet normal -1 0 0
    outer loop
      vertex 231.22 42.4 87
      vertex 231.22 58.4 90
      vertex 231.22 58.4 87
    endloop
  endfacet
  facet normal -1 -0 0
    outer loop
      vertex 231.22 58.4 90
      vertex 231.22 42.4 87
      vertex 231.22 42.4 90
    endloop
  endfacet
  facet normal 0 -1 0
    outer loop
      vertex 230 58.4 87
      vertex 231.22 58.4 90
      vertex 230 58.4 90
    endloop
  endfacet
  facet normal 0 -1 -0
    outer loop
      vertex 231.22 58.4 90
      vertex 230 58.4 87
      vertex 231.22 58.4 87
    endloop
  endfacet
  facet normal -0 0 1
    outer loop
      vertex 230 58.4 87
      vertex 231.22 42.4 87
      vertex 231.22 58.4 87
    endloop
  endfacet
  facet normal 0 0 1
    outer loop
      vertex 231.22 42.4 87
      vertex 230 58.4 87
      vertex 230 42.4 87
    endloop
  endfacet
  facet normal 0 1 -0
    outer loop
      vertex 231.22 42.4 87
      vertex 230 42.4 90
      vertex 231.22 42.4 90
    endloop
  endfacet
  facet normal 0 1 0
    outer loop
      vertex 230 42.4 90
      vertex 231.22 42.4 87
      vertex 230 42.4 87
    endloop
  endfacet
  facet normal 1 -0 0
    outer loop
      vertex 116.8 119.6 90
      vertex 116.8 135.6 87
      vertex 116.8 135.6 90
    endloop
  endfacet
  facet normal 1 0 0
    outer loop
      vertex 116.8 135.6 87
      vertex 116.8 119.6 90
      vertex 116.8 119.6 87
    endloop
  endfacet
  facet normal 0 0 -1
    outer loop
      vertex 116.8 119.6 90
      vertex 118 135.6 90
      vertex 118 119.6 90
    endloop
  endfacet
  facet normal -0 0 -1
    outer loop
      vertex 118 135.6 90
      vertex 116.8 119.6 90
      vertex 116.8 135.6 90
    endloop
  endfacet
  facet normal -0 0 1
    outer loop
      vertex 116.8 135.6 87
      vertex 118 119.6 87
      vertex 118 135.6 87
    endloop
  endfacet
  facet normal 0 0 1
    outer loop
      vertex 118 119.6 87
      vertex 116.8 135.6 87
      vertex 116.8 119.6 87
    endloop
  endfacet
  facet normal 0 1 -0
    outer loop
      vertex 118 119.6 87
      vertex 116.8 119.6 90
      vertex 118 119.6 90
    endloop
  endfacet
  facet normal 0 1 0
    outer loop
      vertex 116.8 119.6 90
      vertex 118 119.6 87
      vertex 116.8 119.6 87
    endloop
  endfacet
  facet normal 0 -1 0
    outer loop
      vertex 116.8 135.6 87
      vertex 118 135.6 90
      vertex 116.8 135.6 90
    endloop
  endfacet
  facet normal 0 -1 -0
    outer loop
      vertex 118 135.6 90
      vertex 116.8 135.6 87
      vertex 118 135.6 87
    endloop
  endfacet
  facet normal 0 0 -1
    outer loop
      vertex 230 119.6 90
      vertex 231.22 135.6 90
      vertex 231.22 119.6 90
    endloop
  endfacet
  facet normal -0 0 -1
    outer loop
      vertex 231.22 135.6 90
      vertex 230 119.6 90
      vertex 230 135.6 90
    endloop
  endfacet
  facet normal -1 0 0
    outer loop
      vertex 231.22 119.6 87
      vertex 231.22 135.6 90
      vertex 231.22 135.6 87
    endloop
  endfacet
  facet normal -1 -0 0
    outer loop
      vertex 231.22 135.6 90
      vertex 231.22 119.6 87
      vertex 231.22 119.6 90
    endloop
  endfacet
  facet normal 0 -1 0
    outer loop
      vertex 230 135.6 87
      vertex 231.22 135.6 90
      vertex 230 135.6 90
    endloop
  endfacet
  facet normal 0 -1 -0
    outer loop
      vertex 231.22 135.6 90
      vertex 230 135.6 87
      vertex 231.22 135.6 87
    endloop
  endfacet
  facet normal -0 0 1
    outer loop
      vertex 230 135.6 87
      vertex 231.22 119.6 87
      vertex 231.22 135.6 87
    endloop
  endfacet
  facet normal 0 0 1
    outer loop
      vertex 231.22 119.6 87
      vertex 230 135.6 87
      vertex 230 119.6 87
    endloop
  endfacet
  facet normal 0 1 -0
    outer loop
      vertex 231.22 119.6 87
      vertex 230 119.6 90
      vertex 231.22 119.6 90
    endloop
  endfacet
  facet normal 0 1 0
    outer loop
      vertex 230 119.6 90
      vertex 231.22 119.6 87
      vertex 230 119.6 87
    endloop
  endfacet
  facet normal -0.997836 0 -0.0657477
    outer loop
      vertex 223 175.6 60
      vertex 222.957 178 60.6526
      vertex 223 178 60
    endloop
  endfacet
  facet normal -0.997836 -0 -0.0657477
    outer loop
      vertex 222.957 178 60.6526
      vertex 223 175.6 60
      vertex 222.957 175.6 60.6526
    endloop
  endfacet
  facet normal -0.980961 0 -0.194204
    outer loop
      vertex 222.957 175.6 60.6526
      vertex 222.83 178 61.2941
      vertex 222.957 178 60.6526
    endloop
  endfacet
  facet normal -0.980961 -0 -0.194204
    outer loop
      vertex 222.83 178 61.2941
      vertex 222.957 175.6 60.6526
      vertex 222.83 175.6 61.2941
    endloop
  endfacet
  facet normal 0.0654033 0 -0.997859
    outer loop
      vertex 217.347 175.6 64.9572
      vertex 218 178 65
      vertex 218 175.6 65
    endloop
  endfacet
  facet normal 0.0654033 0 -0.997859
    outer loop
      vertex 218 178 65
      vertex 217.347 175.6 64.9572
      vertex 217.347 178 64.9572
    endloop
  endfacet
  facet normal -0.659197 0 -0.75197
    outer loop
      vertex 221.044 175.6 63.9668
      vertex 221.536 178 63.5355
      vertex 221.536 175.6 63.5355
    endloop
  endfacet
  facet normal -0.659197 0 -0.75197
    outer loop
      vertex 221.536 178 63.5355
      vertex 221.044 175.6 63.9668
      vertex 221.044 178 63.9668
    endloop
  endfacet
  facet normal 0.751998 0 -0.659165
    outer loop
      vertex 214.464 175.6 63.5355
      vertex 214.033 178 63.0438
      vertex 214.464 178 63.5355
    endloop
  endfacet
  facet normal 0.751998 0 -0.659165
    outer loop
      vertex 214.033 178 63.0438
      vertex 214.464 175.6 63.5355
      vertex 214.033 175.6 63.0438
    endloop
  endfacet
  facet normal 0.442072 0 -0.89698
    outer loop
      vertex 215.5 175.6 64.3301
      vertex 216.087 178 64.6194
      vertex 216.087 175.6 64.6194
    endloop
  endfacet
  facet normal 0.442072 0 -0.89698
    outer loop
      vertex 216.087 178 64.6194
      vertex 215.5 175.6 64.3301
      vertex 215.5 178 64.3301
    endloop
  endfacet
  facet normal -0.195233 0 0.980757
    outer loop
      vertex 218.653 178 55.0428
      vertex 219.294 175.6 55.1704
      vertex 219.294 178 55.1704
    endloop
  endfacet
  facet normal -0.195233 0 0.980757
    outer loop
      vertex 219.294 175.6 55.1704
      vertex 218.653 178 55.0428
      vertex 218.653 175.6 55.0428
    endloop
  endfacet
  facet normal -0.897042 0 -0.441945
    outer loop
      vertex 222.619 175.6 61.9134
      vertex 222.33 178 62.5
      vertex 222.619 178 61.9134
    endloop
  endfacet
  facet normal -0.897042 -0 -0.441945
    outer loop
      vertex 222.33 178 62.5
      vertex 222.619 175.6 61.9134
      vertex 222.33 175.6 62.5
    endloop
  endfacet
  facet normal -0.321546 0 -0.946894
    outer loop
      vertex 219.294 175.6 64.8296
      vertex 219.913 178 64.6194
      vertex 219.913 175.6 64.6194
    endloop
  endfacet
  facet normal -0.321546 0 -0.946894
    outer loop
      vertex 219.913 178 64.6194
      vertex 219.294 175.6 64.8296
      vertex 219.294 178 64.8296
    endloop
  endfacet
  facet normal 0.831721 0 -0.555194
    outer loop
      vertex 214.033 175.6 63.0438
      vertex 213.67 178 62.5
      vertex 214.033 178 63.0438
    endloop
  endfacet
  facet normal 0.831721 0 -0.555194
    outer loop
      vertex 213.67 178 62.5
      vertex 214.033 175.6 63.0438
      vertex 213.67 175.6 62.5
    endloop
  endfacet
  facet normal 0.659197 0 -0.75197
    outer loop
      vertex 214.464 175.6 63.5355
      vertex 214.956 178 63.9668
      vertex 214.956 175.6 63.9668
    endloop
  endfacet
  facet normal 0.659197 0 -0.75197
    outer loop
      vertex 214.956 178 63.9668
      vertex 214.464 175.6 63.5355
      vertex 214.464 178 63.5355
    endloop
  endfacet
  facet normal 0.195233 0 -0.980757
    outer loop
      vertex 216.706 175.6 64.8296
      vertex 217.347 178 64.9572
      vertex 217.347 175.6 64.9572
    endloop
  endfacet
  facet normal 0.195233 0 -0.980757
    outer loop
      vertex 217.347 178 64.9572
      vertex 216.706 175.6 64.8296
      vertex 216.706 178 64.8296
    endloop
  endfacet
  facet normal 0.321546 0 0.946894
    outer loop
      vertex 216.087 178 55.3806
      vertex 216.706 175.6 55.1704
      vertex 216.706 178 55.1704
    endloop
  endfacet
  facet normal 0.321546 0 0.946894
    outer loop
      vertex 216.706 175.6 55.1704
      vertex 216.087 178 55.3806
      vertex 216.087 175.6 55.3806
    endloop
  endfacet
  facet normal 0.659197 0 0.75197
    outer loop
      vertex 214.464 178 56.4645
      vertex 214.956 175.6 56.0332
      vertex 214.956 178 56.0332
    endloop
  endfacet
  facet normal 0.659197 0 0.75197
    outer loop
      vertex 214.956 175.6 56.0332
      vertex 214.464 178 56.4645
      vertex 214.464 175.6 56.4645
    endloop
  endfacet
  facet normal 0.980961 -0 0.194204
    outer loop
      vertex 213.043 175.6 59.3474
      vertex 213.17 178 58.7059
      vertex 213.043 178 59.3474
    endloop
  endfacet
  facet normal 0.980961 0 0.194204
    outer loop
      vertex 213.17 178 58.7059
      vertex 213.043 175.6 59.3474
      vertex 213.17 175.6 58.7059
    endloop
  endfacet
  facet normal -0.946569 0 -0.322503
    outer loop
      vertex 222.83 175.6 61.2941
      vertex 222.619 178 61.9134
      vertex 222.83 178 61.2941
    endloop
  endfacet
  facet normal -0.946569 -0 -0.322503
    outer loop
      vertex 222.619 178 61.9134
      vertex 222.83 175.6 61.2941
      vertex 222.619 175.6 61.9134
    endloop
  endfacet
  facet normal -0.751998 0 -0.659165
    outer loop
      vertex 221.967 175.6 63.0438
      vertex 221.536 178 63.5355
      vertex 221.967 178 63.0438
    endloop
  endfacet
  facet normal -0.751998 -0 -0.659165
    outer loop
      vertex 221.536 178 63.5355
      vertex 221.967 175.6 63.0438
      vertex 221.536 175.6 63.5355
    endloop
  endfacet
  facet normal -0.0654033 0 -0.997859
    outer loop
      vertex 218 175.6 65
      vertex 218.653 178 64.9572
      vertex 218.653 175.6 64.9572
    endloop
  endfacet
  facet normal -0.0654033 0 -0.997859
    outer loop
      vertex 218.653 178 64.9572
      vertex 218 175.6 65
      vertex 218 178 65
    endloop
  endfacet
  facet normal -0.55537 0 -0.831603
    outer loop
      vertex 220.5 175.6 64.3301
      vertex 221.044 178 63.9668
      vertex 221.044 175.6 63.9668
    endloop
  endfacet
  facet normal -0.55537 0 -0.831603
    outer loop
      vertex 221.044 178 63.9668
      vertex 220.5 175.6 64.3301
      vertex 220.5 178 64.3301
    endloop
  endfacet
  facet normal 0.980961 0 -0.194204
    outer loop
      vertex 213.17 175.6 61.2941
      vertex 213.043 178 60.6526
      vertex 213.17 178 61.2941
    endloop
  endfacet
  facet normal 0.980961 0 -0.194204
    outer loop
      vertex 213.043 178 60.6526
      vertex 213.17 175.6 61.2941
      vertex 213.043 175.6 60.6526
    endloop
  endfacet
  facet normal 0.946569 0 -0.322503
    outer loop
      vertex 213.381 175.6 61.9134
      vertex 213.17 178 61.2941
      vertex 213.381 178 61.9134
    endloop
  endfacet
  facet normal 0.946569 0 -0.322503
    outer loop
      vertex 213.17 178 61.2941
      vertex 213.381 175.6 61.9134
      vertex 213.17 175.6 61.2941
    endloop
  endfacet
  facet normal 0.897042 0 -0.441945
    outer loop
      vertex 213.67 175.6 62.5
      vertex 213.381 178 61.9134
      vertex 213.67 178 62.5
    endloop
  endfacet
  facet normal 0.897042 0 -0.441945
    outer loop
      vertex 213.381 178 61.9134
      vertex 213.67 175.6 62.5
      vertex 213.381 175.6 61.9134
    endloop
  endfacet
  facet normal -0.321546 0 0.946894
    outer loop
      vertex 219.294 178 55.1704
      vertex 219.913 175.6 55.3806
      vertex 219.913 178 55.3806
    endloop
  endfacet
  facet normal -0.321546 0 0.946894
    outer loop
      vertex 219.913 175.6 55.3806
      vertex 219.294 178 55.1704
      vertex 219.294 175.6 55.1704
    endloop
  endfacet
  facet normal -0.751998 0 0.659165
    outer loop
      vertex 221.536 175.6 56.4645
      vertex 221.967 178 56.9562
      vertex 221.536 178 56.4645
    endloop
  endfacet
  facet normal -0.751998 0 0.659165
    outer loop
      vertex 221.967 178 56.9562
      vertex 221.536 175.6 56.4645
      vertex 221.967 175.6 56.9562
    endloop
  endfacet
  facet normal -0.946569 0 0.322503
    outer loop
      vertex 222.619 175.6 58.0866
      vertex 222.83 178 58.7059
      vertex 222.619 178 58.0866
    endloop
  endfacet
  facet normal -0.946569 0 0.322503
    outer loop
      vertex 222.83 178 58.7059
      vertex 222.619 175.6 58.0866
      vertex 222.83 175.6 58.7059
    endloop
  endfacet
  facet normal -0.831721 0 0.555194
    outer loop
      vertex 221.967 175.6 56.9562
      vertex 222.33 178 57.5
      vertex 221.967 178 56.9562
    endloop
  endfacet
  facet normal -0.831721 0 0.555194
    outer loop
      vertex 222.33 178 57.5
      vertex 221.967 175.6 56.9562
      vertex 222.33 175.6 57.5
    endloop
  endfacet
  facet normal -0.897042 0 0.441945
    outer loop
      vertex 222.33 175.6 57.5
      vertex 222.619 178 58.0866
      vertex 222.33 178 57.5
    endloop
  endfacet
  facet normal -0.897042 0 0.441945
    outer loop
      vertex 222.619 178 58.0866
      vertex 222.33 175.6 57.5
      vertex 222.619 175.6 58.0866
    endloop
  endfacet
  facet normal 0.195233 0 0.980757
    outer loop
      vertex 216.706 178 55.1704
      vertex 217.347 175.6 55.0428
      vertex 217.347 178 55.0428
    endloop
  endfacet
  facet normal 0.195233 0 0.980757
    outer loop
      vertex 217.347 175.6 55.0428
      vertex 216.706 178 55.1704
      vertex 216.706 175.6 55.1704
    endloop
  endfacet
  facet normal 0.442072 0 0.89698
    outer loop
      vertex 215.5 178 55.6699
      vertex 216.087 175.6 55.3806
      vertex 216.087 178 55.3806
    endloop
  endfacet
  facet normal 0.442072 0 0.89698
    outer loop
      vertex 216.087 175.6 55.3806
      vertex 215.5 178 55.6699
      vertex 215.5 175.6 55.6699
    endloop
  endfacet
  facet normal 0.831721 -0 0.555194
    outer loop
      vertex 213.67 175.6 57.5
      vertex 214.033 178 56.9562
      vertex 213.67 178 57.5
    endloop
  endfacet
  facet normal 0.831721 0 0.555194
    outer loop
      vertex 214.033 178 56.9562
      vertex 213.67 175.6 57.5
      vertex 214.033 175.6 56.9562
    endloop
  endfacet
  facet normal -0.831721 0 -0.555194
    outer loop
      vertex 222.33 175.6 62.5
      vertex 221.967 178 63.0438
      vertex 222.33 178 62.5
    endloop
  endfacet
  facet normal -0.831721 -0 -0.555194
    outer loop
      vertex 221.967 178 63.0438
      vertex 222.33 175.6 62.5
      vertex 221.967 175.6 63.0438
    endloop
  endfacet
  facet normal -0.195233 0 -0.980757
    outer loop
      vertex 218.653 175.6 64.9572
      vertex 219.294 178 64.8296
      vertex 219.294 175.6 64.8296
    endloop
  endfacet
  facet normal -0.195233 0 -0.980757
    outer loop
      vertex 219.294 178 64.8296
      vertex 218.653 175.6 64.9572
      vertex 218.653 178 64.9572
    endloop
  endfacet
  facet normal -0.442072 0 -0.89698
    outer loop
      vertex 219.913 175.6 64.6194
      vertex 220.5 178 64.3301
      vertex 220.5 175.6 64.3301
    endloop
  endfacet
  facet normal -0.442072 0 -0.89698
    outer loop
      vertex 220.5 178 64.3301
      vertex 219.913 175.6 64.6194
      vertex 219.913 178 64.6194
    endloop
  endfacet
  facet normal 0.997836 0 -0.0657477
    outer loop
      vertex 213.043 175.6 60.6526
      vertex 213 178 60
      vertex 213.043 178 60.6526
    endloop
  endfacet
  facet normal 0.997836 0 -0.0657477
    outer loop
      vertex 213 178 60
      vertex 213.043 175.6 60.6526
      vertex 213 175.6 60
    endloop
  endfacet
  facet normal 0.997836 -0 0.0657477
    outer loop
      vertex 213 175.6 60
      vertex 213.043 178 59.3474
      vertex 213 178 60
    endloop
  endfacet
  facet normal 0.997836 0 0.0657477
    outer loop
      vertex 213.043 178 59.3474
      vertex 213 175.6 60
      vertex 213.043 175.6 59.3474
    endloop
  endfacet
  facet normal 0.55537 0 -0.831603
    outer loop
      vertex 214.956 175.6 63.9668
      vertex 215.5 178 64.3301
      vertex 215.5 175.6 64.3301
    endloop
  endfacet
  facet normal 0.55537 0 -0.831603
    outer loop
      vertex 215.5 178 64.3301
      vertex 214.956 175.6 63.9668
      vertex 214.956 178 63.9668
    endloop
  endfacet
  facet normal 0.321546 0 -0.946894
    outer loop
      vertex 216.087 175.6 64.6194
      vertex 216.706 178 64.8296
      vertex 216.706 175.6 64.8296
    endloop
  endfacet
  facet normal 0.321546 0 -0.946894
    outer loop
      vertex 216.706 178 64.8296
      vertex 216.087 175.6 64.6194
      vertex 216.087 178 64.6194
    endloop
  endfacet
  facet normal -0.980961 0 0.194204
    outer loop
      vertex 222.83 175.6 58.7059
      vertex 222.957 178 59.3474
      vertex 222.83 178 58.7059
    endloop
  endfacet
  facet normal -0.980961 0 0.194204
    outer loop
      vertex 222.957 178 59.3474
      vertex 222.83 175.6 58.7059
      vertex 222.957 175.6 59.3474
    endloop
  endfacet
  facet normal -0.997836 0 0.0657477
    outer loop
      vertex 222.957 175.6 59.3474
      vertex 223 178 60
      vertex 222.957 178 59.3474
    endloop
  endfacet
  facet normal -0.997836 0 0.0657477
    outer loop
      vertex 223 178 60
      vertex 222.957 175.6 59.3474
      vertex 223 175.6 60
    endloop
  endfacet
  facet normal -0.442072 0 0.89698
    outer loop
      vertex 219.913 178 55.3806
      vertex 220.5 175.6 55.6699
      vertex 220.5 178 55.6699
    endloop
  endfacet
  facet normal -0.442072 0 0.89698
    outer loop
      vertex 220.5 175.6 55.6699
      vertex 219.913 178 55.3806
      vertex 219.913 175.6 55.3806
    endloop
  endfacet
  facet normal -0.55537 0 0.831603
    outer loop
      vertex 220.5 178 55.6699
      vertex 221.044 175.6 56.0332
      vertex 221.044 178 56.0332
    endloop
  endfacet
  facet normal -0.55537 0 0.831603
    outer loop
      vertex 221.044 175.6 56.0332
      vertex 220.5 178 55.6699
      vertex 220.5 175.6 55.6699
    endloop
  endfacet
  facet normal -0.659197 0 0.75197
    outer loop
      vertex 221.044 178 56.0332
      vertex 221.536 175.6 56.4645
      vertex 221.536 178 56.4645
    endloop
  endfacet
  facet normal -0.659197 0 0.75197
    outer loop
      vertex 221.536 175.6 56.4645
      vertex 221.044 178 56.0332
      vertex 221.044 175.6 56.0332
    endloop
  endfacet
  facet normal 0.55537 0 0.831603
    outer loop
      vertex 214.956 178 56.0332
      vertex 215.5 175.6 55.6699
      vertex 215.5 178 55.6699
    endloop
  endfacet
  facet normal 0.55537 0 0.831603
    outer loop
      vertex 215.5 175.6 55.6699
      vertex 214.956 178 56.0332
      vertex 214.956 175.6 56.0332
    endloop
  endfacet
  facet normal 0.0654033 0 0.997859
    outer loop
      vertex 217.347 178 55.0428
      vertex 218 175.6 55
      vertex 218 178 55
    endloop
  endfacet
  facet normal 0.0654033 0 0.997859
    outer loop
      vertex 218 175.6 55
      vertex 217.347 178 55.0428
      vertex 217.347 175.6 55.0428
    endloop
  endfacet
  facet normal -0.0654033 0 0.997859
    outer loop
      vertex 218 178 55
      vertex 218.653 175.6 55.0428
      vertex 218.653 178 55.0428
    endloop
  endfacet
  facet normal -0.0654033 0 0.997859
    outer loop
      vertex 218.653 175.6 55.0428
      vertex 218 178 55
      vertex 218 175.6 55
    endloop
  endfacet
  facet normal 0.751998 -0 0.659165
    outer loop
      vertex 214.033 175.6 56.9562
      vertex 214.464 178 56.4645
      vertex 214.033 178 56.9562
    endloop
  endfacet
  facet normal 0.751998 0 0.659165
    outer loop
      vertex 214.464 178 56.4645
      vertex 214.033 175.6 56.9562
      vertex 214.464 175.6 56.4645
    endloop
  endfacet
  facet normal 0.946569 -0 0.322503
    outer loop
      vertex 213.17 175.6 58.7059
      vertex 213.381 178 58.0866
      vertex 213.17 178 58.7059
    endloop
  endfacet
  facet normal 0.946569 0 0.322503
    outer loop
      vertex 213.381 178 58.0866
      vertex 213.17 175.6 58.7059
      vertex 213.381 175.6 58.0866
    endloop
  endfacet
  facet normal 0.897042 -0 0.441945
    outer loop
      vertex 213.381 175.6 58.0866
      vertex 213.67 178 57.5
      vertex 213.381 178 58.0866
    endloop
  endfacet
  facet normal 0.897042 0 0.441945
    outer loop
      vertex 213.67 178 57.5
      vertex 213.381 175.6 58.0866
      vertex 213.67 175.6 57.5
    endloop
  endfacet
  facet normal 0 -0.0654033 0.997859
    outer loop
      vertex 115 168.653 63.0428
      vertex 118 168 63
      vertex 118 168.653 63.0428
    endloop
  endfacet
  facet normal 0 -0.0654033 0.997859
    outer loop
      vertex 118 168 63
      vertex 115 168.653 63.0428
      vertex 115 168 63
    endloop
  endfacet
  facet normal 0 -0.0654033 -0.997859
    outer loop
      vertex 115 168 73
      vertex 118 168.653 72.9572
      vertex 118 168 73
    endloop
  endfacet
  facet normal -0 -0.0654033 -0.997859
    outer loop
      vertex 118 168.653 72.9572
      vertex 115 168 73
      vertex 115 168.653 72.9572
    endloop
  endfacet
  facet normal 0 0.997836 0.0657477
    outer loop
      vertex 118 163.043 67.3474
      vertex 115 163 68
      vertex 118 163 68
    endloop
  endfacet
  facet normal 0 0.997836 0.0657477
    outer loop
      vertex 115 163 68
      vertex 118 163.043 67.3474
      vertex 115 163.043 67.3474
    endloop
  endfacet
  facet normal 0 -0.751998 -0.659165
    outer loop
      vertex 115 171.967 71.0438
      vertex 118 171.536 71.5355
      vertex 115 171.536 71.5355
    endloop
  endfacet
  facet normal 0 -0.751998 -0.659165
    outer loop
      vertex 118 171.536 71.5355
      vertex 115 171.967 71.0438
      vertex 118 171.967 71.0438
    endloop
  endfacet
  facet normal 0 -0.946569 -0.322503
    outer loop
      vertex 115 172.83 69.2941
      vertex 118 172.619 69.9134
      vertex 115 172.619 69.9134
    endloop
  endfacet
  facet normal 0 -0.946569 -0.322503
    outer loop
      vertex 118 172.619 69.9134
      vertex 115 172.83 69.2941
      vertex 118 172.83 69.2941
    endloop
  endfacet
  facet normal 0 -0.442072 0.89698
    outer loop
      vertex 115 170.5 63.6699
      vertex 118 169.913 63.3806
      vertex 118 170.5 63.6699
    endloop
  endfacet
  facet normal 0 -0.442072 0.89698
    outer loop
      vertex 118 169.913 63.3806
      vertex 115 170.5 63.6699
      vertex 115 169.913 63.3806
    endloop
  endfacet
  facet normal 0 -0.195233 0.980757
    outer loop
      vertex 115 169.294 63.1704
      vertex 118 168.653 63.0428
      vertex 118 169.294 63.1704
    endloop
  endfacet
  facet normal 0 -0.195233 0.980757
    outer loop
      vertex 118 168.653 63.0428
      vertex 115 169.294 63.1704
      vertex 115 168.653 63.0428
    endloop
  endfacet
  facet normal 0 -0.55537 0.831603
    outer loop
      vertex 115 171.044 64.0332
      vertex 118 170.5 63.6699
      vertex 118 171.044 64.0332
    endloop
  endfacet
  facet normal 0 -0.55537 0.831603
    outer loop
      vertex 118 170.5 63.6699
      vertex 115 171.044 64.0332
      vertex 115 170.5 63.6699
    endloop
  endfacet
  facet normal 0 -0.946569 0.322503
    outer loop
      vertex 115 172.619 66.0866
      vertex 118 172.83 66.7059
      vertex 115 172.83 66.7059
    endloop
  endfacet
  facet normal 0 -0.946569 0.322503
    outer loop
      vertex 118 172.83 66.7059
      vertex 115 172.619 66.0866
      vertex 118 172.619 66.0866
    endloop
  endfacet
  facet normal 0 -0.751998 0.659165
    outer loop
      vertex 115 171.536 64.4645
      vertex 118 171.967 64.9562
      vertex 115 171.967 64.9562
    endloop
  endfacet
  facet normal 0 -0.751998 0.659165
    outer loop
      vertex 118 171.967 64.9562
      vertex 115 171.536 64.4645
      vertex 118 171.536 64.4645
    endloop
  endfacet
  facet normal 0 -0.442072 -0.89698
    outer loop
      vertex 115 169.913 72.6194
      vertex 118 170.5 72.3301
      vertex 118 169.913 72.6194
    endloop
  endfacet
  facet normal -0 -0.442072 -0.89698
    outer loop
      vertex 118 170.5 72.3301
      vertex 115 169.913 72.6194
      vertex 115 170.5 72.3301
    endloop
  endfacet
  facet normal 0 -0.55537 -0.831603
    outer loop
      vertex 115 170.5 72.3301
      vertex 118 171.044 71.9668
      vertex 118 170.5 72.3301
    endloop
  endfacet
  facet normal -0 -0.55537 -0.831603
    outer loop
      vertex 118 171.044 71.9668
      vertex 115 170.5 72.3301
      vertex 115 171.044 71.9668
    endloop
  endfacet
  facet normal 0 -0.321546 -0.946894
    outer loop
      vertex 115 169.294 72.8296
      vertex 118 169.913 72.6194
      vertex 118 169.294 72.8296
    endloop
  endfacet
  facet normal -0 -0.321546 -0.946894
    outer loop
      vertex 118 169.913 72.6194
      vertex 115 169.294 72.8296
      vertex 115 169.913 72.6194
    endloop
  endfacet
  facet normal 0 -0.897042 -0.441945
    outer loop
      vertex 115 172.619 69.9134
      vertex 118 172.33 70.5
      vertex 115 172.33 70.5
    endloop
  endfacet
  facet normal 0 -0.897042 -0.441945
    outer loop
      vertex 118 172.33 70.5
      vertex 115 172.619 69.9134
      vertex 118 172.619 69.9134
    endloop
  endfacet
  facet normal 0 -0.980961 -0.194204
    outer loop
      vertex 115 172.957 68.6526
      vertex 118 172.83 69.2941
      vertex 115 172.83 69.2941
    endloop
  endfacet
  facet normal 0 -0.980961 -0.194204
    outer loop
      vertex 118 172.83 69.2941
      vertex 115 172.957 68.6526
      vertex 118 172.957 68.6526
    endloop
  endfacet
  facet normal 0 0.980961 0.194204
    outer loop
      vertex 118 163.17 66.7059
      vertex 115 163.043 67.3474
      vertex 118 163.043 67.3474
    endloop
  endfacet
  facet normal 0 0.980961 0.194204
    outer loop
      vertex 115 163.043 67.3474
      vertex 118 163.17 66.7059
      vertex 115 163.17 66.7059
    endloop
  endfacet
  facet normal 0 -0.321546 0.946894
    outer loop
      vertex 115 169.913 63.3806
      vertex 118 169.294 63.1704
      vertex 118 169.913 63.3806
    endloop
  endfacet
  facet normal 0 -0.321546 0.946894
    outer loop
      vertex 118 169.294 63.1704
      vertex 115 169.913 63.3806
      vertex 115 169.294 63.1704
    endloop
  endfacet
  facet normal 0 -0.659197 0.75197
    outer loop
      vertex 115 171.536 64.4645
      vertex 118 171.044 64.0332
      vertex 118 171.536 64.4645
    endloop
  endfacet
  facet normal 0 -0.659197 0.75197
    outer loop
      vertex 118 171.044 64.0332
      vertex 115 171.536 64.4645
      vertex 115 171.044 64.0332
    endloop
  endfacet
  facet normal 0 -0.980961 0.194204
    outer loop
      vertex 115 172.83 66.7059
      vertex 118 172.957 67.3474
      vertex 115 172.957 67.3474
    endloop
  endfacet
  facet normal 0 -0.980961 0.194204
    outer loop
      vertex 118 172.957 67.3474
      vertex 115 172.83 66.7059
      vertex 118 172.83 66.7059
    endloop
  endfacet
  facet normal 0 -0.831721 0.555194
    outer loop
      vertex 115 171.967 64.9562
      vertex 118 172.33 65.5
      vertex 115 172.33 65.5
    endloop
  endfacet
  facet normal 0 -0.831721 0.555194
    outer loop
      vertex 118 172.33 65.5
      vertex 115 171.967 64.9562
      vertex 118 171.967 64.9562
    endloop
  endfacet
  facet normal 0 -0.897042 0.441945
    outer loop
      vertex 115 172.33 65.5
      vertex 118 172.619 66.0866
      vertex 115 172.619 66.0866
    endloop
  endfacet
  facet normal 0 -0.897042 0.441945
    outer loop
      vertex 118 172.619 66.0866
      vertex 115 172.33 65.5
      vertex 118 172.33 65.5
    endloop
  endfacet
  facet normal 0 -0.195233 -0.980757
    outer loop
      vertex 115 168.653 72.9572
      vertex 118 169.294 72.8296
      vertex 118 168.653 72.9572
    endloop
  endfacet
  facet normal -0 -0.195233 -0.980757
    outer loop
      vertex 118 169.294 72.8296
      vertex 115 168.653 72.9572
      vertex 115 169.294 72.8296
    endloop
  endfacet
  facet normal 0 -0.831721 -0.555194
    outer loop
      vertex 115 172.33 70.5
      vertex 118 171.967 71.0438
      vertex 115 171.967 71.0438
    endloop
  endfacet
  facet normal 0 -0.831721 -0.555194
    outer loop
      vertex 118 171.967 71.0438
      vertex 115 172.33 70.5
      vertex 118 172.33 70.5
    endloop
  endfacet
  facet normal 0 -0.997836 -0.0657477
    outer loop
      vertex 115 173 68
      vertex 118 172.957 68.6526
      vertex 115 172.957 68.6526
    endloop
  endfacet
  facet normal 0 -0.997836 -0.0657477
    outer loop
      vertex 118 172.957 68.6526
      vertex 115 173 68
      vertex 118 173 68
    endloop
  endfacet
  facet normal -0 0.0654033 0.997859
    outer loop
      vertex 115 168 63
      vertex 118 167.347 63.0428
      vertex 118 168 63
    endloop
  endfacet
  facet normal 0 0.0654033 0.997859
    outer loop
      vertex 118 167.347 63.0428
      vertex 115 168 63
      vertex 115 167.347 63.0428
    endloop
  endfacet
  facet normal -0 0.195233 0.980757
    outer loop
      vertex 115 167.347 63.0428
      vertex 118 166.706 63.1704
      vertex 118 167.347 63.0428
    endloop
  endfacet
  facet normal 0 0.195233 0.980757
    outer loop
      vertex 118 166.706 63.1704
      vertex 115 167.347 63.0428
      vertex 115 166.706 63.1704
    endloop
  endfacet
  facet normal -0 0.659197 0.75197
    outer loop
      vertex 115 164.956 64.0332
      vertex 118 164.464 64.4645
      vertex 118 164.956 64.0332
    endloop
  endfacet
  facet normal 0 0.659197 0.75197
    outer loop
      vertex 118 164.464 64.4645
      vertex 115 164.956 64.0332
      vertex 115 164.464 64.4645
    endloop
  endfacet
  facet normal -0 0.321546 0.946894
    outer loop
      vertex 115 166.706 63.1704
      vertex 118 166.087 63.3806
      vertex 118 166.706 63.1704
    endloop
  endfacet
  facet normal 0 0.321546 0.946894
    outer loop
      vertex 118 166.087 63.3806
      vertex 115 166.706 63.1704
      vertex 115 166.087 63.3806
    endloop
  endfacet
  facet normal 0 0.946569 -0.322503
    outer loop
      vertex 118 163.17 69.2941
      vertex 115 163.381 69.9134
      vertex 118 163.381 69.9134
    endloop
  endfacet
  facet normal 0 0.946569 -0.322503
    outer loop
      vertex 115 163.381 69.9134
      vertex 118 163.17 69.2941
      vertex 115 163.17 69.2941
    endloop
  endfacet
  facet normal 0 0.897042 0.441945
    outer loop
      vertex 118 163.67 65.5
      vertex 115 163.381 66.0866
      vertex 118 163.381 66.0866
    endloop
  endfacet
  facet normal 0 0.897042 0.441945
    outer loop
      vertex 115 163.381 66.0866
      vertex 118 163.67 65.5
      vertex 115 163.67 65.5
    endloop
  endfacet
  facet normal 0 -0.997836 0.0657477
    outer loop
      vertex 115 172.957 67.3474
      vertex 118 173 68
      vertex 115 173 68
    endloop
  endfacet
  facet normal 0 -0.997836 0.0657477
    outer loop
      vertex 118 173 68
      vertex 115 172.957 67.3474
      vertex 118 172.957 67.3474
    endloop
  endfacet
  facet normal 0 -0.659197 -0.75197
    outer loop
      vertex 115 171.044 71.9668
      vertex 118 171.536 71.5355
      vertex 118 171.044 71.9668
    endloop
  endfacet
  facet normal -0 -0.659197 -0.75197
    outer loop
      vertex 118 171.536 71.5355
      vertex 115 171.044 71.9668
      vertex 115 171.536 71.5355
    endloop
  endfacet
  facet normal 0 0.831721 0.555194
    outer loop
      vertex 118 164.033 64.9562
      vertex 115 163.67 65.5
      vertex 118 163.67 65.5
    endloop
  endfacet
  facet normal 0 0.831721 0.555194
    outer loop
      vertex 115 163.67 65.5
      vertex 118 164.033 64.9562
      vertex 115 164.033 64.9562
    endloop
  endfacet
  facet normal -0 0.55537 0.831603
    outer loop
      vertex 115 165.5 63.6699
      vertex 118 164.956 64.0332
      vertex 118 165.5 63.6699
    endloop
  endfacet
  facet normal 0 0.55537 0.831603
    outer loop
      vertex 118 164.956 64.0332
      vertex 115 165.5 63.6699
      vertex 115 164.956 64.0332
    endloop
  endfacet
  facet normal 0 0.659197 -0.75197
    outer loop
      vertex 115 164.464 71.5355
      vertex 118 164.956 71.9668
      vertex 118 164.464 71.5355
    endloop
  endfacet
  facet normal 0 0.659197 -0.75197
    outer loop
      vertex 118 164.956 71.9668
      vertex 115 164.464 71.5355
      vertex 115 164.956 71.9668
    endloop
  endfacet
  facet normal 0 0.321546 -0.946894
    outer loop
      vertex 115 166.087 72.6194
      vertex 118 166.706 72.8296
      vertex 118 166.087 72.6194
    endloop
  endfacet
  facet normal 0 0.321546 -0.946894
    outer loop
      vertex 118 166.706 72.8296
      vertex 115 166.087 72.6194
      vertex 115 166.706 72.8296
    endloop
  endfacet
  facet normal 0 0.946569 0.322503
    outer loop
      vertex 118 163.381 66.0866
      vertex 115 163.17 66.7059
      vertex 118 163.17 66.7059
    endloop
  endfacet
  facet normal 0 0.946569 0.322503
    outer loop
      vertex 115 163.17 66.7059
      vertex 118 163.381 66.0866
      vertex 115 163.381 66.0866
    endloop
  endfacet
  facet normal 0 0.751998 0.659165
    outer loop
      vertex 118 164.464 64.4645
      vertex 115 164.033 64.9562
      vertex 118 164.033 64.9562
    endloop
  endfacet
  facet normal 0 0.751998 0.659165
    outer loop
      vertex 115 164.033 64.9562
      vertex 118 164.464 64.4645
      vertex 115 164.464 64.4645
    endloop
  endfacet
  facet normal -0 0.442072 0.89698
    outer loop
      vertex 115 166.087 63.3806
      vertex 118 165.5 63.6699
      vertex 118 166.087 63.3806
    endloop
  endfacet
  facet normal 0 0.442072 0.89698
    outer loop
      vertex 118 165.5 63.6699
      vertex 115 166.087 63.3806
      vertex 115 165.5 63.6699
    endloop
  endfacet
  facet normal 0 0.997836 -0.0657477
    outer loop
      vertex 118 163 68
      vertex 115 163.043 68.6526
      vertex 118 163.043 68.6526
    endloop
  endfacet
  facet normal 0 0.997836 -0.0657477
    outer loop
      vertex 115 163.043 68.6526
      vertex 118 163 68
      vertex 115 163 68
    endloop
  endfacet
  facet normal 0 0.980961 -0.194204
    outer loop
      vertex 118 163.043 68.6526
      vertex 115 163.17 69.2941
      vertex 118 163.17 69.2941
    endloop
  endfacet
  facet normal 0 0.980961 -0.194204
    outer loop
      vertex 115 163.17 69.2941
      vertex 118 163.043 68.6526
      vertex 115 163.043 68.6526
    endloop
  endfacet
  facet normal 0 0.55537 -0.831603
    outer loop
      vertex 115 164.956 71.9668
      vertex 118 165.5 72.3301
      vertex 118 164.956 71.9668
    endloop
  endfacet
  facet normal 0 0.55537 -0.831603
    outer loop
      vertex 118 165.5 72.3301
      vertex 115 164.956 71.9668
      vertex 115 165.5 72.3301
    endloop
  endfacet
  facet normal 0 0.442072 -0.89698
    outer loop
      vertex 115 165.5 72.3301
      vertex 118 166.087 72.6194
      vertex 118 165.5 72.3301
    endloop
  endfacet
  facet normal 0 0.442072 -0.89698
    outer loop
      vertex 118 166.087 72.6194
      vertex 115 165.5 72.3301
      vertex 115 166.087 72.6194
    endloop
  endfacet
  facet normal 0 0.195233 -0.980757
    outer loop
      vertex 115 166.706 72.8296
      vertex 118 167.347 72.9572
      vertex 118 166.706 72.8296
    endloop
  endfacet
  facet normal 0 0.195233 -0.980757
    outer loop
      vertex 118 167.347 72.9572
      vertex 115 166.706 72.8296
      vertex 115 167.347 72.9572
    endloop
  endfacet
  facet normal 0 0.0654033 -0.997859
    outer loop
      vertex 115 167.347 72.9572
      vertex 118 168 73
      vertex 118 167.347 72.9572
    endloop
  endfacet
  facet normal 0 0.0654033 -0.997859
    outer loop
      vertex 118 168 73
      vertex 115 167.347 72.9572
      vertex 115 168 73
    endloop
  endfacet
  facet normal 0 0.831721 -0.555194
    outer loop
      vertex 118 163.67 70.5
      vertex 115 164.033 71.0438
      vertex 118 164.033 71.0438
    endloop
  endfacet
  facet normal 0 0.831721 -0.555194
    outer loop
      vertex 115 164.033 71.0438
      vertex 118 163.67 70.5
      vertex 115 163.67 70.5
    endloop
  endfacet
  facet normal 0 0.897042 -0.441945
    outer loop
      vertex 118 163.381 69.9134
      vertex 115 163.67 70.5
      vertex 118 163.67 70.5
    endloop
  endfacet
  facet normal 0 0.897042 -0.441945
    outer loop
      vertex 115 163.67 70.5
      vertex 118 163.381 69.9134
      vertex 115 163.381 69.9134
    endloop
  endfacet
  facet normal 0 0.751998 -0.659165
    outer loop
      vertex 118 164.033 71.0438
      vertex 115 164.464 71.5355
      vertex 118 164.464 71.5355
    endloop
  endfacet
  facet normal 0 0.751998 -0.659165
    outer loop
      vertex 115 164.464 71.5355
      vertex 118 164.033 71.0438
      vertex 115 164.033 71.0438
    endloop
  endfacet
  facet normal 1 -0 0
    outer loop
      vertex 141.75 0 82.75
      vertex 141.75 2.39 53.25
      vertex 141.75 2.39 82.75
    endloop
  endfacet
  facet normal 1 0 0
    outer loop
      vertex 141.75 2.39 53.25
      vertex 141.75 0 82.75
      vertex 141.75 0 53.25
    endloop
  endfacet
  facet normal 0 0 -1
    outer loop
      vertex 141.75 0 82.75
      vertex 178.25 2.39 82.75
      vertex 178.25 0 82.75
    endloop
  endfacet
  facet normal -0 0 -1
    outer loop
      vertex 178.25 2.39 82.75
      vertex 141.75 0 82.75
      vertex 141.75 2.39 82.75
    endloop
  endfacet
  facet normal -1 0 0
    outer loop
      vertex 178.25 0 53.25
      vertex 178.25 2.39 82.75
      vertex 178.25 2.39 53.25
    endloop
  endfacet
  facet normal -1 -0 0
    outer loop
      vertex 178.25 2.39 82.75
      vertex 178.25 0 53.25
      vertex 178.25 0 82.75
    endloop
  endfacet
  facet normal -0 0 1
    outer loop
      vertex 141.75 2.39 53.25
      vertex 178.25 0 53.25
      vertex 178.25 2.39 53.25
    endloop
  endfacet
  facet normal 0 0 1
    outer loop
      vertex 178.25 0 53.25
      vertex 141.75 2.39 53.25
      vertex 141.75 0 53.25
    endloop
  endfacet
  facet normal 1 -0 0
    outer loop
      vertex 131 2.39 86
      vertex 131 2.4 50
      vertex 131 2.4 86
    endloop
  endfacet
  facet normal 1 0 0
    outer loop
      vertex 131 2.4 50
      vertex 131 2.39 86
      vertex 131 2.39 50
    endloop
  endfacet
  facet normal 0 0 -1
    outer loop
      vertex 131 2.39 86
      vertex 189 2.4 86
      vertex 189 2.39 86
    endloop
  endfacet
  facet normal -0 0 -1
    outer loop
      vertex 189 2.4 86
      vertex 131 2.39 86
      vertex 131 2.4 86
    endloop
  endfacet
  facet normal -1 0 0
    outer loop
      vertex 189 2.39 50
      vertex 189 2.4 86
      vertex 189 2.4 50
    endloop
  endfacet
  facet normal -1 -0 0
    outer loop
      vertex 189 2.4 86
      vertex 189 2.39 50
      vertex 189 2.39 86
    endloop
  endfacet
  facet normal -0 0 1
    outer loop
      vertex 131 2.4 50
      vertex 189 2.39 50
      vertex 189 2.4 50
    endloop
  endfacet
  facet normal 0 0 1
    outer loop
      vertex 189 2.39 50
      vertex 131 2.4 50
      vertex 131 2.39 50
    endloop
  endfacet
  facet normal 0 1 0
    outer loop
      vertex 189 2.39 86
      vertex 178.25 2.39 82.75
      vertex 131 2.39 86
    endloop
  endfacet
  facet normal 0 1 0
    outer loop
      vertex 189 2.39 86
      vertex 178.25 2.39 53.25
      vertex 178.25 2.39 82.75
    endloop
  endfacet
  facet normal 0 1 0
    outer loop
      vertex 178.25 2.39 53.25
      vertex 189 2.39 50
      vertex 141.75 2.39 53.25
    endloop
  endfacet
  facet normal 0 1 -0
    outer loop
      vertex 189 2.39 50
      vertex 178.25 2.39 53.25
      vertex 189 2.39 86
    endloop
  endfacet
  facet normal 0 1 -0
    outer loop
      vertex 141.75 2.39 82.75
      vertex 131 2.39 86
      vertex 178.25 2.39 82.75
    endloop
  endfacet
  facet normal 0 1 -0
    outer loop
      vertex 141.75 2.39 53.25
      vertex 131 2.39 86
      vertex 141.75 2.39 82.75
    endloop
  endfacet
  facet normal 0 1 0
    outer loop
      vertex 141.75 2.39 53.25
      vertex 131 2.39 50
      vertex 131 2.39 86
    endloop
  endfacet
  facet normal 0 1 0
    outer loop
      vertex 131 2.39 50
      vertex 141.75 2.39 53.25
      vertex 189 2.39 50
    endloop
  endfacet
  facet normal 0 -1 0
    outer loop
      vertex 134.5 3.91 54.35
      vertex 134.5 3.91 56.5
      vertex 134.108 3.91 56.4743
    endloop
  endfacet
  facet normal 0 -1 0
    outer loop
      vertex 134.389 3.91 54.3427
      vertex 134.108 3.91 56.4743
      vertex 133.724 3.91 56.3978
    endloop
  endfacet
  facet normal 0 -1 0
    outer loop
      vertex 134.5 3.91 56.5
      vertex 134.5 3.91 54.35
      vertex 134.892 3.91 56.4743
    endloop
  endfacet
  facet normal 0 -1 0
    outer loop
      vertex 134.28 3.91 54.321
      vertex 133.724 3.91 56.3978
      vertex 133.352 3.91 56.2716
    endloop
  endfacet
  facet normal 0 -1 0
    outer loop
      vertex 134.611 3.91 54.3427
      vertex 134.892 3.91 56.4743
      vertex 134.5 3.91 54.35
    endloop
  endfacet
  facet normal 0 -1 0
    outer loop
      vertex 134.175 3.91 54.2853
      vertex 133.352 3.91 56.2716
      vertex 133 3.91 56.0981
    endloop
  endfacet
  facet normal 0 -1 -0
    outer loop
      vertex 134.892 3.91 56.4743
      vertex 134.611 3.91 54.3427
      vertex 135.276 3.91 56.3978
    endloop
  endfacet
  facet normal 0 -1 0
    outer loop
      vertex 134.075 3.91 54.2361
      vertex 133 3.91 56.0981
      vertex 132.674 3.91 55.8801
    endloop
  endfacet
  facet normal 0 -1 0
    outer loop
      vertex 134.72 3.91 54.321
      vertex 135.276 3.91 56.3978
      vertex 134.611 3.91 54.3427
    endloop
  endfacet
  facet normal 0 -1 0
    outer loop
      vertex 133.983 3.91 54.1744
      vertex 132.674 3.91 55.8801
      vertex 132.379 3.91 55.6213
    endloop
  endfacet
  facet normal 0 -1 -0
    outer loop
      vertex 135.276 3.91 56.3978
      vertex 134.72 3.91 54.321
      vertex 135.648 3.91 56.2716
    endloop
  endfacet
  facet normal 0 -1 0
    outer loop
      vertex 133.899 3.91 54.101
      vertex 132.379 3.91 55.6213
      vertex 132.12 3.91 55.3263
    endloop
  endfacet
  facet normal 0 -1 0
    outer loop
      vertex 134.825 3.91 54.2853
      vertex 135.648 3.91 56.2716
      vertex 134.72 3.91 54.321
    endloop
  endfacet
  facet normal 0 -1 0
    outer loop
      vertex 133.826 3.91 54.0174
      vertex 132.12 3.91 55.3263
      vertex 131.902 3.91 55
    endloop
  endfacet
  facet normal 0 -1 -0
    outer loop
      vertex 135.648 3.91 56.2716
      vertex 134.825 3.91 54.2853
      vertex 136 3.91 56.0981
    endloop
  endfacet
  facet normal 0 -1 0
    outer loop
      vertex 133.764 3.91 53.925
      vertex 131.902 3.91 55
      vertex 131.728 3.91 54.648
    endloop
  endfacet
  facet normal 0 -1 0
    outer loop
      vertex 134.925 3.91 54.2361
      vertex 136 3.91 56.0981
      vertex 134.825 3.91 54.2853
    endloop
  endfacet
  facet normal 0 -1 -0
    outer loop
      vertex 136 3.91 56.0981
      vertex 134.925 3.91 54.2361
      vertex 136.326 3.91 55.8801
    endloop
  endfacet
  facet normal 0 -1 0
    outer loop
      vertex 134.108 3.91 56.4743
      vertex 134.389 3.91 54.3427
      vertex 134.5 3.91 54.35
    endloop
  endfacet
  facet normal 0 -1 0
    outer loop
      vertex 133.724 3.91 56.3978
      vertex 134.28 3.91 54.321
      vertex 134.389 3.91 54.3427
    endloop
  endfacet
  facet normal 0 -1 0
    outer loop
      vertex 133.352 3.91 56.2716
      vertex 134.175 3.91 54.2853
      vertex 134.28 3.91 54.321
    endloop
  endfacet
  facet normal 0 -1 0
    outer loop
      vertex 133.715 3.91 53.8253
      vertex 131.728 3.91 54.648
      vertex 131.602 3.91 54.2765
    endloop
  endfacet
  facet normal 0 -1 0
    outer loop
      vertex 133 3.91 56.0981
      vertex 134.075 3.91 54.2361
      vertex 134.175 3.91 54.2853
    endloop
  endfacet
  facet normal 0 -1 0
    outer loop
      vertex 132.674 3.91 55.8801
      vertex 133.983 3.91 54.1744
      vertex 134.075 3.91 54.2361
    endloop
  endfacet
  facet normal 0 -1 0
    outer loop
      vertex 132.379 3.91 55.6213
      vertex 133.899 3.91 54.101
      vertex 133.983 3.91 54.1744
    endloop
  endfacet
  facet normal 0 -1 0
    outer loop
      vertex 132.12 3.91 55.3263
      vertex 133.826 3.91 54.0174
      vertex 133.899 3.91 54.101
    endloop
  endfacet
  facet normal 0 -1 0
    outer loop
      vertex 131.902 3.91 55
      vertex 133.764 3.91 53.925
      vertex 133.826 3.91 54.0174
    endloop
  endfacet
  facet normal 0 -1 0
    outer loop
      vertex 133.679 3.91 53.72
      vertex 131.602 3.91 54.2765
      vertex 131.526 3.91 53.8916
    endloop
  endfacet
  facet normal 0 -1 0
    outer loop
      vertex 131.728 3.91 54.648
      vertex 133.715 3.91 53.8253
      vertex 133.764 3.91 53.925
    endloop
  endfacet
  facet normal 0 -1 0
    outer loop
      vertex 131.602 3.91 54.2765
      vertex 133.679 3.91 53.72
      vertex 133.715 3.91 53.8253
    endloop
  endfacet
  facet normal 0 -1 0
    outer loop
      vertex 131.526 3.91 53.8916
      vertex 133.657 3.91 53.6109
      vertex 133.679 3.91 53.72
    endloop
  endfacet
  facet normal 0 -1 0
    outer loop
      vertex 131.5 3.91 53.5
      vertex 133.657 3.91 53.6109
      vertex 131.526 3.91 53.8916
    endloop
  endfacet
  facet normal 0 -1 0
    outer loop
      vertex 131.5 3.91 53.5
      vertex 133.65 3.91 53.5
      vertex 133.657 3.91 53.6109
    endloop
  endfacet
  facet normal 0 -1 0
    outer loop
      vertex 131.5 3.91 53.5
      vertex 133.657 3.91 53.3891
      vertex 133.65 3.91 53.5
    endloop
  endfacet
  facet normal 0 -1 0
    outer loop
      vertex 131.526 3.91 53.1084
      vertex 133.657 3.91 53.3891
      vertex 131.5 3.91 53.5
    endloop
  endfacet
  facet normal 0 -1 -0
    outer loop
      vertex 133.657 3.91 53.3891
      vertex 131.526 3.91 53.1084
      vertex 133.679 3.91 53.28
    endloop
  endfacet
  facet normal 0 -1 0
    outer loop
      vertex 131.602 3.91 52.7235
      vertex 133.679 3.91 53.28
      vertex 131.526 3.91 53.1084
    endloop
  endfacet
  facet normal 0 -1 -0
    outer loop
      vertex 133.679 3.91 53.28
      vertex 131.602 3.91 52.7235
      vertex 133.715 3.91 53.1747
    endloop
  endfacet
  facet normal 0 -1 0
    outer loop
      vertex 131.728 3.91 52.352
      vertex 133.715 3.91 53.1747
      vertex 131.602 3.91 52.7235
    endloop
  endfacet
  facet normal 0 -1 -0
    outer loop
      vertex 133.715 3.91 53.1747
      vertex 131.728 3.91 52.352
      vertex 133.764 3.91 53.075
    endloop
  endfacet
  facet normal 0 -1 0
    outer loop
      vertex 131.902 3.91 52
      vertex 133.764 3.91 53.075
      vertex 131.728 3.91 52.352
    endloop
  endfacet
  facet normal 0 -1 -0
    outer loop
      vertex 133.764 3.91 53.075
      vertex 131.902 3.91 52
      vertex 133.826 3.91 52.9826
    endloop
  endfacet
  facet normal 0 -1 0
    outer loop
      vertex 132.12 3.91 51.6737
      vertex 133.826 3.91 52.9826
      vertex 131.902 3.91 52
    endloop
  endfacet
  facet normal 0 -1 -0
    outer loop
      vertex 133.826 3.91 52.9826
      vertex 132.12 3.91 51.6737
      vertex 133.899 3.91 52.899
    endloop
  endfacet
  facet normal 0 -1 0
    outer loop
      vertex 132.379 3.91 51.3787
      vertex 133.899 3.91 52.899
      vertex 132.12 3.91 51.6737
    endloop
  endfacet
  facet normal 0 -1 -0
    outer loop
      vertex 133.899 3.91 52.899
      vertex 132.379 3.91 51.3787
      vertex 133.983 3.91 52.8256
    endloop
  endfacet
  facet normal 0 -1 0
    outer loop
      vertex 132.674 3.91 51.1199
      vertex 133.983 3.91 52.8256
      vertex 132.379 3.91 51.3787
    endloop
  endfacet
  facet normal 0 -1 -0
    outer loop
      vertex 133.983 3.91 52.8256
      vertex 132.674 3.91 51.1199
      vertex 134.075 3.91 52.7639
    endloop
  endfacet
  facet normal 0 -1 0
    outer loop
      vertex 135.017 3.91 54.1744
      vertex 136.326 3.91 55.8801
      vertex 134.925 3.91 54.2361
    endloop
  endfacet
  facet normal 0 -1 -0
    outer loop
      vertex 136.326 3.91 55.8801
      vertex 135.017 3.91 54.1744
      vertex 136.621 3.91 55.6213
    endloop
  endfacet
  facet normal 0 -1 0
    outer loop
      vertex 135.101 3.91 54.101
      vertex 136.621 3.91 55.6213
      vertex 135.017 3.91 54.1744
    endloop
  endfacet
  facet normal 0 -1 -0
    outer loop
      vertex 136.621 3.91 55.6213
      vertex 135.101 3.91 54.101
      vertex 136.88 3.91 55.3263
    endloop
  endfacet
  facet normal 0 -1 0
    outer loop
      vertex 135.174 3.91 54.0174
      vertex 136.88 3.91 55.3263
      vertex 135.101 3.91 54.101
    endloop
  endfacet
  facet normal 0 -1 -0
    outer loop
      vertex 136.88 3.91 55.3263
      vertex 135.174 3.91 54.0174
      vertex 137.098 3.91 55
    endloop
  endfacet
  facet normal 0 -1 0
    outer loop
      vertex 135.236 3.91 53.925
      vertex 137.098 3.91 55
      vertex 135.174 3.91 54.0174
    endloop
  endfacet
  facet normal 0 -1 -0
    outer loop
      vertex 137.098 3.91 55
      vertex 135.236 3.91 53.925
      vertex 137.272 3.91 54.648
    endloop
  endfacet
  facet normal 0 -1 0
    outer loop
      vertex 135.285 3.91 53.8253
      vertex 137.272 3.91 54.648
      vertex 135.236 3.91 53.925
    endloop
  endfacet
  facet normal 0 -1 -0
    outer loop
      vertex 137.272 3.91 54.648
      vertex 135.285 3.91 53.8253
      vertex 137.398 3.91 54.2765
    endloop
  endfacet
  facet normal 0 -1 0
    outer loop
      vertex 135.321 3.91 53.72
      vertex 137.398 3.91 54.2765
      vertex 135.285 3.91 53.8253
    endloop
  endfacet
  facet normal 0 -1 -0
    outer loop
      vertex 137.398 3.91 54.2765
      vertex 135.321 3.91 53.72
      vertex 137.474 3.91 53.8916
    endloop
  endfacet
  facet normal 0 -1 0
    outer loop
      vertex 135.343 3.91 53.6109
      vertex 137.474 3.91 53.8916
      vertex 135.321 3.91 53.72
    endloop
  endfacet
  facet normal 0 -1 0
    outer loop
      vertex 135.35 3.91 53.5
      vertex 137.474 3.91 53.8916
      vertex 135.343 3.91 53.6109
    endloop
  endfacet
  facet normal 0 -1 0
    outer loop
      vertex 135.35 3.91 53.5
      vertex 137.5 3.91 53.5
      vertex 137.474 3.91 53.8916
    endloop
  endfacet
  facet normal 0 -1 0
    outer loop
      vertex 135.343 3.91 53.3891
      vertex 137.5 3.91 53.5
      vertex 135.35 3.91 53.5
    endloop
  endfacet
  facet normal 0 -1 0
    outer loop
      vertex 137.474 3.91 53.1084
      vertex 135.343 3.91 53.3891
      vertex 135.321 3.91 53.28
    endloop
  endfacet
  facet normal 0 -1 0
    outer loop
      vertex 137.398 3.91 52.7235
      vertex 135.321 3.91 53.28
      vertex 135.285 3.91 53.1747
    endloop
  endfacet
  facet normal 0 -1 0
    outer loop
      vertex 135.343 3.91 53.3891
      vertex 137.474 3.91 53.1084
      vertex 137.5 3.91 53.5
    endloop
  endfacet
  facet normal 0 -1 0
    outer loop
      vertex 137.272 3.91 52.352
      vertex 135.285 3.91 53.1747
      vertex 135.236 3.91 53.075
    endloop
  endfacet
  facet normal 0 -1 0
    outer loop
      vertex 137.098 3.91 52
      vertex 135.236 3.91 53.075
      vertex 135.174 3.91 52.9826
    endloop
  endfacet
  facet normal 0 -1 0
    outer loop
      vertex 136.88 3.91 51.6737
      vertex 135.174 3.91 52.9826
      vertex 135.101 3.91 52.899
    endloop
  endfacet
  facet normal 0 -1 0
    outer loop
      vertex 136.621 3.91 51.3787
      vertex 135.101 3.91 52.899
      vertex 135.017 3.91 52.8256
    endloop
  endfacet
  facet normal 0 -1 0
    outer loop
      vertex 136.326 3.91 51.1199
      vertex 135.017 3.91 52.8256
      vertex 134.925 3.91 52.7639
    endloop
  endfacet
  facet normal 0 -1 0
    outer loop
      vertex 135.321 3.91 53.28
      vertex 137.398 3.91 52.7235
      vertex 137.474 3.91 53.1084
    endloop
  endfacet
  facet normal 0 -1 0
    outer loop
      vertex 136 3.91 50.9019
      vertex 134.925 3.91 52.7639
      vertex 134.825 3.91 52.7147
    endloop
  endfacet
  facet normal 0 -1 0
    outer loop
      vertex 135.648 3.91 50.7284
      vertex 134.825 3.91 52.7147
      vertex 134.72 3.91 52.679
    endloop
  endfacet
  facet normal 0 -1 0
    outer loop
      vertex 135.276 3.91 50.6022
      vertex 134.72 3.91 52.679
      vertex 134.611 3.91 52.6573
    endloop
  endfacet
  facet normal 0 -1 0
    outer loop
      vertex 134.892 3.91 50.5257
      vertex 134.611 3.91 52.6573
      vertex 134.5 3.91 52.65
    endloop
  endfacet
  facet normal 0 -1 0
    outer loop
      vertex 133 3.91 50.9019
      vertex 134.075 3.91 52.7639
      vertex 132.674 3.91 51.1199
    endloop
  endfacet
  facet normal 0 -1 0
    outer loop
      vertex 135.285 3.91 53.1747
      vertex 137.272 3.91 52.352
      vertex 137.398 3.91 52.7235
    endloop
  endfacet
  facet normal 0 -1 -0
    outer loop
      vertex 134.075 3.91 52.7639
      vertex 133 3.91 50.9019
      vertex 134.175 3.91 52.7147
    endloop
  endfacet
  facet normal 0 -1 0
    outer loop
      vertex 135.236 3.91 53.075
      vertex 137.098 3.91 52
      vertex 137.272 3.91 52.352
    endloop
  endfacet
  facet normal 0 -1 0
    outer loop
      vertex 133.352 3.91 50.7284
      vertex 134.175 3.91 52.7147
      vertex 133 3.91 50.9019
    endloop
  endfacet
  facet normal 0 -1 0
    outer loop
      vertex 135.174 3.91 52.9826
      vertex 136.88 3.91 51.6737
      vertex 137.098 3.91 52
    endloop
  endfacet
  facet normal 0 -1 -0
    outer loop
      vertex 134.175 3.91 52.7147
      vertex 133.352 3.91 50.7284
      vertex 134.28 3.91 52.679
    endloop
  endfacet
  facet normal 0 -1 0
    outer loop
      vertex 135.101 3.91 52.899
      vertex 136.621 3.91 51.3787
      vertex 136.88 3.91 51.6737
    endloop
  endfacet
  facet normal 0 -1 0
    outer loop
      vertex 133.724 3.91 50.6022
      vertex 134.28 3.91 52.679
      vertex 133.352 3.91 50.7284
    endloop
  endfacet
  facet normal 0 -1 0
    outer loop
      vertex 135.017 3.91 52.8256
      vertex 136.326 3.91 51.1199
      vertex 136.621 3.91 51.3787
    endloop
  endfacet
  facet normal 0 -1 -0
    outer loop
      vertex 134.28 3.91 52.679
      vertex 133.724 3.91 50.6022
      vertex 134.389 3.91 52.6573
    endloop
  endfacet
  facet normal 0 -1 0
    outer loop
      vertex 134.925 3.91 52.7639
      vertex 136 3.91 50.9019
      vertex 136.326 3.91 51.1199
    endloop
  endfacet
  facet normal 0 -1 0
    outer loop
      vertex 134.108 3.91 50.5257
      vertex 134.389 3.91 52.6573
      vertex 133.724 3.91 50.6022
    endloop
  endfacet
  facet normal 0 -1 0
    outer loop
      vertex 134.825 3.91 52.7147
      vertex 135.648 3.91 50.7284
      vertex 136 3.91 50.9019
    endloop
  endfacet
  facet normal 0 -1 -0
    outer loop
      vertex 134.389 3.91 52.6573
      vertex 134.108 3.91 50.5257
      vertex 134.5 3.91 52.65
    endloop
  endfacet
  facet normal 0 -1 0
    outer loop
      vertex 134.72 3.91 52.679
      vertex 135.276 3.91 50.6022
      vertex 135.648 3.91 50.7284
    endloop
  endfacet
  facet normal 0 -1 0
    outer loop
      vertex 134.5 3.91 50.5
      vertex 134.5 3.91 52.65
      vertex 134.108 3.91 50.5257
    endloop
  endfacet
  facet normal 0 -1 0
    outer loop
      vertex 134.611 3.91 52.6573
      vertex 134.892 3.91 50.5257
      vertex 135.276 3.91 50.6022
    endloop
  endfacet
  facet normal 0 -1 0
    outer loop
      vertex 134.5 3.91 52.65
      vertex 134.5 3.91 50.5
      vertex 134.892 3.91 50.5257
    endloop
  endfacet
  facet normal 0 -1 0
    outer loop
      vertex 134.5 3.91 83.35
      vertex 134.5 3.91 85.5
      vertex 134.108 3.91 85.4743
    endloop
  endfacet
  facet normal 0 -1 0
    outer loop
      vertex 134.389 3.91 83.3427
      vertex 134.108 3.91 85.4743
      vertex 133.724 3.91 85.3978
    endloop
  endfacet
  facet normal 0 -1 0
    outer loop
      vertex 134.5 3.91 85.5
      vertex 134.5 3.91 83.35
      vertex 134.892 3.91 85.4743
    endloop
  endfacet
  facet normal 0 -1 0
    outer loop
      vertex 134.28 3.91 83.321
      vertex 133.724 3.91 85.3978
      vertex 133.352 3.91 85.2716
    endloop
  endfacet
  facet normal 0 -1 0
    outer loop
      vertex 134.611 3.91 83.3427
      vertex 134.892 3.91 85.4743
      vertex 134.5 3.91 83.35
    endloop
  endfacet
  facet normal 0 -1 0
    outer loop
      vertex 134.175 3.91 83.2853
      vertex 133.352 3.91 85.2716
      vertex 133 3.91 85.0981
    endloop
  endfacet
  facet normal 0 -1 -0
    outer loop
      vertex 134.892 3.91 85.4743
      vertex 134.611 3.91 83.3427
      vertex 135.276 3.91 85.3978
    endloop
  endfacet
  facet normal 0 -1 0
    outer loop
      vertex 134.075 3.91 83.2361
      vertex 133 3.91 85.0981
      vertex 132.674 3.91 84.8801
    endloop
  endfacet
  facet normal 0 -1 0
    outer loop
      vertex 134.72 3.91 83.321
      vertex 135.276 3.91 85.3978
      vertex 134.611 3.91 83.3427
    endloop
  endfacet
  facet normal 0 -1 0
    outer loop
      vertex 133.983 3.91 83.1743
      vertex 132.674 3.91 84.8801
      vertex 132.379 3.91 84.6213
    endloop
  endfacet
  facet normal 0 -1 -0
    outer loop
      vertex 135.276 3.91 85.3978
      vertex 134.72 3.91 83.321
      vertex 135.648 3.91 85.2716
    endloop
  endfacet
  facet normal 0 -1 0
    outer loop
      vertex 133.899 3.91 83.101
      vertex 132.379 3.91 84.6213
      vertex 132.12 3.91 84.3263
    endloop
  endfacet
  facet normal 0 -1 0
    outer loop
      vertex 134.825 3.91 83.2853
      vertex 135.648 3.91 85.2716
      vertex 134.72 3.91 83.321
    endloop
  endfacet
  facet normal 0 -1 0
    outer loop
      vertex 133.826 3.91 83.0174
      vertex 132.12 3.91 84.3263
      vertex 131.902 3.91 84
    endloop
  endfacet
  facet normal 0 -1 -0
    outer loop
      vertex 135.648 3.91 85.2716
      vertex 134.825 3.91 83.2853
      vertex 136 3.91 85.0981
    endloop
  endfacet
  facet normal 0 -1 0
    outer loop
      vertex 133.764 3.91 82.925
      vertex 131.902 3.91 84
      vertex 131.728 3.91 83.648
    endloop
  endfacet
  facet normal 0 -1 0
    outer loop
      vertex 134.925 3.91 83.2361
      vertex 136 3.91 85.0981
      vertex 134.825 3.91 83.2853
    endloop
  endfacet
  facet normal 0 -1 -0
    outer loop
      vertex 136 3.91 85.0981
      vertex 134.925 3.91 83.2361
      vertex 136.326 3.91 84.8801
    endloop
  endfacet
  facet normal 0 -1 0
    outer loop
      vertex 134.108 3.91 85.4743
      vertex 134.389 3.91 83.3427
      vertex 134.5 3.91 83.35
    endloop
  endfacet
  facet normal 0 -1 0
    outer loop
      vertex 133.724 3.91 85.3978
      vertex 134.28 3.91 83.321
      vertex 134.389 3.91 83.3427
    endloop
  endfacet
  facet normal 0 -1 0
    outer loop
      vertex 133.352 3.91 85.2716
      vertex 134.175 3.91 83.2853
      vertex 134.28 3.91 83.321
    endloop
  endfacet
  facet normal 0 -1 0
    outer loop
      vertex 133.715 3.91 82.8253
      vertex 131.728 3.91 83.648
      vertex 131.602 3.91 83.2765
    endloop
  endfacet
  facet normal 0 -1 0
    outer loop
      vertex 133 3.91 85.0981
      vertex 134.075 3.91 83.2361
      vertex 134.175 3.91 83.2853
    endloop
  endfacet
  facet normal 0 -1 0
    outer loop
      vertex 132.674 3.91 84.8801
      vertex 133.983 3.91 83.1743
      vertex 134.075 3.91 83.2361
    endloop
  endfacet
  facet normal 0 -1 0
    outer loop
      vertex 132.379 3.91 84.6213
      vertex 133.899 3.91 83.101
      vertex 133.983 3.91 83.1743
    endloop
  endfacet
  facet normal 0 -1 0
    outer loop
      vertex 132.12 3.91 84.3263
      vertex 133.826 3.91 83.0174
      vertex 133.899 3.91 83.101
    endloop
  endfacet
  facet normal 0 -1 0
    outer loop
      vertex 131.902 3.91 84
      vertex 133.764 3.91 82.925
      vertex 133.826 3.91 83.0174
    endloop
  endfacet
  facet normal 0 -1 0
    outer loop
      vertex 133.679 3.91 82.72
      vertex 131.602 3.91 83.2765
      vertex 131.526 3.91 82.8916
    endloop
  endfacet
  facet normal 0 -1 0
    outer loop
      vertex 131.728 3.91 83.648
      vertex 133.715 3.91 82.8253
      vertex 133.764 3.91 82.925
    endloop
  endfacet
  facet normal 0 -1 0
    outer loop
      vertex 131.602 3.91 83.2765
      vertex 133.679 3.91 82.72
      vertex 133.715 3.91 82.8253
    endloop
  endfacet
  facet normal 0 -1 0
    outer loop
      vertex 131.526 3.91 82.8916
      vertex 133.657 3.91 82.6109
      vertex 133.679 3.91 82.72
    endloop
  endfacet
  facet normal 0 -1 0
    outer loop
      vertex 131.5 3.91 82.5
      vertex 133.657 3.91 82.6109
      vertex 131.526 3.91 82.8916
    endloop
  endfacet
  facet normal 0 -1 0
    outer loop
      vertex 131.5 3.91 82.5
      vertex 133.65 3.91 82.5
      vertex 133.657 3.91 82.6109
    endloop
  endfacet
  facet normal 0 -1 0
    outer loop
      vertex 131.5 3.91 82.5
      vertex 133.657 3.91 82.3891
      vertex 133.65 3.91 82.5
    endloop
  endfacet
  facet normal 0 -1 0
    outer loop
      vertex 131.526 3.91 82.1084
      vertex 133.657 3.91 82.3891
      vertex 131.5 3.91 82.5
    endloop
  endfacet
  facet normal 0 -1 -0
    outer loop
      vertex 133.657 3.91 82.3891
      vertex 131.526 3.91 82.1084
      vertex 133.679 3.91 82.28
    endloop
  endfacet
  facet normal 0 -1 0
    outer loop
      vertex 131.602 3.91 81.7235
      vertex 133.679 3.91 82.28
      vertex 131.526 3.91 82.1084
    endloop
  endfacet
  facet normal 0 -1 -0
    outer loop
      vertex 133.679 3.91 82.28
      vertex 131.602 3.91 81.7235
      vertex 133.715 3.91 82.1747
    endloop
  endfacet
  facet normal 0 -1 0
    outer loop
      vertex 131.728 3.91 81.352
      vertex 133.715 3.91 82.1747
      vertex 131.602 3.91 81.7235
    endloop
  endfacet
  facet normal 0 -1 -0
    outer loop
      vertex 133.715 3.91 82.1747
      vertex 131.728 3.91 81.352
      vertex 133.764 3.91 82.075
    endloop
  endfacet
  facet normal 0 -1 0
    outer loop
      vertex 131.902 3.91 81
      vertex 133.764 3.91 82.075
      vertex 131.728 3.91 81.352
    endloop
  endfacet
  facet normal 0 -1 -0
    outer loop
      vertex 133.764 3.91 82.075
      vertex 131.902 3.91 81
      vertex 133.826 3.91 81.9826
    endloop
  endfacet
  facet normal 0 -1 0
    outer loop
      vertex 132.12 3.91 80.6737
      vertex 133.826 3.91 81.9826
      vertex 131.902 3.91 81
    endloop
  endfacet
  facet normal 0 -1 -0
    outer loop
      vertex 133.826 3.91 81.9826
      vertex 132.12 3.91 80.6737
      vertex 133.899 3.91 81.899
    endloop
  endfacet
  facet normal 0 -1 0
    outer loop
      vertex 132.379 3.91 80.3787
      vertex 133.899 3.91 81.899
      vertex 132.12 3.91 80.6737
    endloop
  endfacet
  facet normal 0 -1 -0
    outer loop
      vertex 133.899 3.91 81.899
      vertex 132.379 3.91 80.3787
      vertex 133.983 3.91 81.8257
    endloop
  endfacet
  facet normal 0 -1 0
    outer loop
      vertex 132.674 3.91 80.1199
      vertex 133.983 3.91 81.8257
      vertex 132.379 3.91 80.3787
    endloop
  endfacet
  facet normal 0 -1 -0
    outer loop
      vertex 133.983 3.91 81.8257
      vertex 132.674 3.91 80.1199
      vertex 134.075 3.91 81.7639
    endloop
  endfacet
  facet normal 0 -1 0
    outer loop
      vertex 135.017 3.91 83.1743
      vertex 136.326 3.91 84.8801
      vertex 134.925 3.91 83.2361
    endloop
  endfacet
  facet normal 0 -1 -0
    outer loop
      vertex 136.326 3.91 84.8801
      vertex 135.017 3.91 83.1743
      vertex 136.621 3.91 84.6213
    endloop
  endfacet
  facet normal 0 -1 0
    outer loop
      vertex 135.101 3.91 83.101
      vertex 136.621 3.91 84.6213
      vertex 135.017 3.91 83.1743
    endloop
  endfacet
  facet normal 0 -1 -0
    outer loop
      vertex 136.621 3.91 84.6213
      vertex 135.101 3.91 83.101
      vertex 136.88 3.91 84.3263
    endloop
  endfacet
  facet normal 0 -1 0
    outer loop
      vertex 135.174 3.91 83.0174
      vertex 136.88 3.91 84.3263
      vertex 135.101 3.91 83.101
    endloop
  endfacet
  facet normal 0 -1 -0
    outer loop
      vertex 136.88 3.91 84.3263
      vertex 135.174 3.91 83.0174
      vertex 137.098 3.91 84
    endloop
  endfacet
  facet normal 0 -1 0
    outer loop
      vertex 135.236 3.91 82.925
      vertex 137.098 3.91 84
      vertex 135.174 3.91 83.0174
    endloop
  endfacet
  facet normal 0 -1 -0
    outer loop
      vertex 137.098 3.91 84
      vertex 135.236 3.91 82.925
      vertex 137.272 3.91 83.648
    endloop
  endfacet
  facet normal 0 -1 0
    outer loop
      vertex 135.285 3.91 82.8253
      vertex 137.272 3.91 83.648
      vertex 135.236 3.91 82.925
    endloop
  endfacet
  facet normal 0 -1 -0
    outer loop
      vertex 137.272 3.91 83.648
      vertex 135.285 3.91 82.8253
      vertex 137.398 3.91 83.2765
    endloop
  endfacet
  facet normal 0 -1 0
    outer loop
      vertex 135.321 3.91 82.72
      vertex 137.398 3.91 83.2765
      vertex 135.285 3.91 82.8253
    endloop
  endfacet
  facet normal 0 -1 -0
    outer loop
      vertex 137.398 3.91 83.2765
      vertex 135.321 3.91 82.72
      vertex 137.474 3.91 82.8916
    endloop
  endfacet
  facet normal 0 -1 0
    outer loop
      vertex 135.343 3.91 82.6109
      vertex 137.474 3.91 82.8916
      vertex 135.321 3.91 82.72
    endloop
  endfacet
  facet normal 0 -1 0
    outer loop
      vertex 135.35 3.91 82.5
      vertex 137.474 3.91 82.8916
      vertex 135.343 3.91 82.6109
    endloop
  endfacet
  facet normal 0 -1 0
    outer loop
      vertex 135.35 3.91 82.5
      vertex 137.5 3.91 82.5
      vertex 137.474 3.91 82.8916
    endloop
  endfacet
  facet normal 0 -1 0
    outer loop
      vertex 135.343 3.91 82.3891
      vertex 137.5 3.91 82.5
      vertex 135.35 3.91 82.5
    endloop
  endfacet
  facet normal 0 -1 0
    outer loop
      vertex 137.474 3.91 82.1084
      vertex 135.343 3.91 82.3891
      vertex 135.321 3.91 82.28
    endloop
  endfacet
  facet normal 0 -1 0
    outer loop
      vertex 137.398 3.91 81.7235
      vertex 135.321 3.91 82.28
      vertex 135.285 3.91 82.1747
    endloop
  endfacet
  facet normal 0 -1 0
    outer loop
      vertex 135.343 3.91 82.3891
      vertex 137.474 3.91 82.1084
      vertex 137.5 3.91 82.5
    endloop
  endfacet
  facet normal 0 -1 0
    outer loop
      vertex 137.272 3.91 81.352
      vertex 135.285 3.91 82.1747
      vertex 135.236 3.91 82.075
    endloop
  endfacet
  facet normal 0 -1 0
    outer loop
      vertex 137.098 3.91 81
      vertex 135.236 3.91 82.075
      vertex 135.174 3.91 81.9826
    endloop
  endfacet
  facet normal 0 -1 0
    outer loop
      vertex 136.88 3.91 80.6737
      vertex 135.174 3.91 81.9826
      vertex 135.101 3.91 81.899
    endloop
  endfacet
  facet normal 0 -1 0
    outer loop
      vertex 136.621 3.91 80.3787
      vertex 135.101 3.91 81.899
      vertex 135.017 3.91 81.8257
    endloop
  endfacet
  facet normal 0 -1 0
    outer loop
      vertex 136.326 3.91 80.1199
      vertex 135.017 3.91 81.8257
      vertex 134.925 3.91 81.7639
    endloop
  endfacet
  facet normal 0 -1 0
    outer loop
      vertex 135.321 3.91 82.28
      vertex 137.398 3.91 81.7235
      vertex 137.474 3.91 82.1084
    endloop
  endfacet
  facet normal 0 -1 0
    outer loop
      vertex 136 3.91 79.9019
      vertex 134.925 3.91 81.7639
      vertex 134.825 3.91 81.7147
    endloop
  endfacet
  facet normal 0 -1 0
    outer loop
      vertex 135.648 3.91 79.7284
      vertex 134.825 3.91 81.7147
      vertex 134.72 3.91 81.679
    endloop
  endfacet
  facet normal 0 -1 0
    outer loop
      vertex 135.276 3.91 79.6022
      vertex 134.72 3.91 81.679
      vertex 134.611 3.91 81.6573
    endloop
  endfacet
  facet normal 0 -1 0
    outer loop
      vertex 134.892 3.91 79.5257
      vertex 134.611 3.91 81.6573
      vertex 134.5 3.91 81.65
    endloop
  endfacet
  facet normal 0 -1 0
    outer loop
      vertex 133 3.91 79.9019
      vertex 134.075 3.91 81.7639
      vertex 132.674 3.91 80.1199
    endloop
  endfacet
  facet normal 0 -1 0
    outer loop
      vertex 135.285 3.91 82.1747
      vertex 137.272 3.91 81.352
      vertex 137.398 3.91 81.7235
    endloop
  endfacet
  facet normal 0 -1 -0
    outer loop
      vertex 134.075 3.91 81.7639
      vertex 133 3.91 79.9019
      vertex 134.175 3.91 81.7147
    endloop
  endfacet
  facet normal 0 -1 0
    outer loop
      vertex 135.236 3.91 82.075
      vertex 137.098 3.91 81
      vertex 137.272 3.91 81.352
    endloop
  endfacet
  facet normal 0 -1 0
    outer loop
      vertex 133.352 3.91 79.7284
      vertex 134.175 3.91 81.7147
      vertex 133 3.91 79.9019
    endloop
  endfacet
  facet normal 0 -1 0
    outer loop
      vertex 135.174 3.91 81.9826
      vertex 136.88 3.91 80.6737
      vertex 137.098 3.91 81
    endloop
  endfacet
  facet normal 0 -1 -0
    outer loop
      vertex 134.175 3.91 81.7147
      vertex 133.352 3.91 79.7284
      vertex 134.28 3.91 81.679
    endloop
  endfacet
  facet normal 0 -1 0
    outer loop
      vertex 135.101 3.91 81.899
      vertex 136.621 3.91 80.3787
      vertex 136.88 3.91 80.6737
    endloop
  endfacet
  facet normal 0 -1 0
    outer loop
      vertex 133.724 3.91 79.6022
      vertex 134.28 3.91 81.679
      vertex 133.352 3.91 79.7284
    endloop
  endfacet
  facet normal 0 -1 0
    outer loop
      vertex 135.017 3.91 81.8257
      vertex 136.326 3.91 80.1199
      vertex 136.621 3.91 80.3787
    endloop
  endfacet
  facet normal 0 -1 -0
    outer loop
      vertex 134.28 3.91 81.679
      vertex 133.724 3.91 79.6022
      vertex 134.389 3.91 81.6573
    endloop
  endfacet
  facet normal 0 -1 0
    outer loop
      vertex 134.925 3.91 81.7639
      vertex 136 3.91 79.9019
      vertex 136.326 3.91 80.1199
    endloop
  endfacet
  facet normal 0 -1 0
    outer loop
      vertex 134.108 3.91 79.5257
      vertex 134.389 3.91 81.6573
      vertex 133.724 3.91 79.6022
    endloop
  endfacet
  facet normal 0 -1 0
    outer loop
      vertex 134.825 3.91 81.7147
      vertex 135.648 3.91 79.7284
      vertex 136 3.91 79.9019
    endloop
  endfacet
  facet normal 0 -1 -0
    outer loop
      vertex 134.389 3.91 81.6573
      vertex 134.108 3.91 79.5257
      vertex 134.5 3.91 81.65
    endloop
  endfacet
  facet normal 0 -1 0
    outer loop
      vertex 134.72 3.91 81.679
      vertex 135.276 3.91 79.6022
      vertex 135.648 3.91 79.7284
    endloop
  endfacet
  facet normal 0 -1 0
    outer loop
      vertex 134.5 3.91 79.5
      vertex 134.5 3.91 81.65
      vertex 134.108 3.91 79.5257
    endloop
  endfacet
  facet normal 0 -1 0
    outer loop
      vertex 134.611 3.91 81.6573
      vertex 134.892 3.91 79.5257
      vertex 135.276 3.91 79.6022
    endloop
  endfacet
  facet normal 0 -1 0
    outer loop
      vertex 134.5 3.91 81.65
      vertex 134.5 3.91 79.5
      vertex 134.892 3.91 79.5257
    endloop
  endfacet
  facet normal 0 -1 0
    outer loop
      vertex 185.5 3.91 54.35
      vertex 185.5 3.91 56.5
      vertex 185.108 3.91 56.4743
    endloop
  endfacet
  facet normal 0 -1 0
    outer loop
      vertex 185.389 3.91 54.3427
      vertex 185.108 3.91 56.4743
      vertex 184.724 3.91 56.3978
    endloop
  endfacet
  facet normal 0 -1 0
    outer loop
      vertex 185.5 3.91 56.5
      vertex 185.5 3.91 54.35
      vertex 185.892 3.91 56.4743
    endloop
  endfacet
  facet normal 0 -1 0
    outer loop
      vertex 185.28 3.91 54.321
      vertex 184.724 3.91 56.3978
      vertex 184.352 3.91 56.2716
    endloop
  endfacet
  facet normal 0 -1 0
    outer loop
      vertex 185.611 3.91 54.3427
      vertex 185.892 3.91 56.4743
      vertex 185.5 3.91 54.35
    endloop
  endfacet
  facet normal 0 -1 0
    outer loop
      vertex 185.175 3.91 54.2853
      vertex 184.352 3.91 56.2716
      vertex 184 3.91 56.0981
    endloop
  endfacet
  facet normal 0 -1 -0
    outer loop
      vertex 185.892 3.91 56.4743
      vertex 185.611 3.91 54.3427
      vertex 186.276 3.91 56.3978
    endloop
  endfacet
  facet normal 0 -1 0
    outer loop
      vertex 185.075 3.91 54.2361
      vertex 184 3.91 56.0981
      vertex 183.674 3.91 55.8801
    endloop
  endfacet
  facet normal 0 -1 0
    outer loop
      vertex 185.72 3.91 54.321
      vertex 186.276 3.91 56.3978
      vertex 185.611 3.91 54.3427
    endloop
  endfacet
  facet normal 0 -1 0
    outer loop
      vertex 184.983 3.91 54.1744
      vertex 183.674 3.91 55.8801
      vertex 183.379 3.91 55.6213
    endloop
  endfacet
  facet normal 0 -1 -0
    outer loop
      vertex 186.276 3.91 56.3978
      vertex 185.72 3.91 54.321
      vertex 186.648 3.91 56.2716
    endloop
  endfacet
  facet normal 0 -1 0
    outer loop
      vertex 184.899 3.91 54.101
      vertex 183.379 3.91 55.6213
      vertex 183.12 3.91 55.3263
    endloop
  endfacet
  facet normal 0 -1 0
    outer loop
      vertex 185.825 3.91 54.2853
      vertex 186.648 3.91 56.2716
      vertex 185.72 3.91 54.321
    endloop
  endfacet
  facet normal 0 -1 0
    outer loop
      vertex 184.826 3.91 54.0174
      vertex 183.12 3.91 55.3263
      vertex 182.902 3.91 55
    endloop
  endfacet
  facet normal 0 -1 -0
    outer loop
      vertex 186.648 3.91 56.2716
      vertex 185.825 3.91 54.2853
      vertex 187 3.91 56.0981
    endloop
  endfacet
  facet normal 0 -1 0
    outer loop
      vertex 184.764 3.91 53.925
      vertex 182.902 3.91 55
      vertex 182.728 3.91 54.648
    endloop
  endfacet
  facet normal 0 -1 0
    outer loop
      vertex 185.925 3.91 54.2361
      vertex 187 3.91 56.0981
      vertex 185.825 3.91 54.2853
    endloop
  endfacet
  facet normal 0 -1 -0
    outer loop
      vertex 187 3.91 56.0981
      vertex 185.925 3.91 54.2361
      vertex 187.326 3.91 55.8801
    endloop
  endfacet
  facet normal 0 -1 0
    outer loop
      vertex 185.108 3.91 56.4743
      vertex 185.389 3.91 54.3427
      vertex 185.5 3.91 54.35
    endloop
  endfacet
  facet normal 0 -1 0
    outer loop
      vertex 184.724 3.91 56.3978
      vertex 185.28 3.91 54.321
      vertex 185.389 3.91 54.3427
    endloop
  endfacet
  facet normal 0 -1 0
    outer loop
      vertex 184.352 3.91 56.2716
      vertex 185.175 3.91 54.2853
      vertex 185.28 3.91 54.321
    endloop
  endfacet
  facet normal 0 -1 0
    outer loop
      vertex 184.715 3.91 53.8253
      vertex 182.728 3.91 54.648
      vertex 182.602 3.91 54.2765
    endloop
  endfacet
  facet normal 0 -1 0
    outer loop
      vertex 184 3.91 56.0981
      vertex 185.075 3.91 54.2361
      vertex 185.175 3.91 54.2853
    endloop
  endfacet
  facet normal 0 -1 0
    outer loop
      vertex 183.674 3.91 55.8801
      vertex 184.983 3.91 54.1744
      vertex 185.075 3.91 54.2361
    endloop
  endfacet
  facet normal 0 -1 0
    outer loop
      vertex 183.379 3.91 55.6213
      vertex 184.899 3.91 54.101
      vertex 184.983 3.91 54.1744
    endloop
  endfacet
  facet normal 0 -1 0
    outer loop
      vertex 183.12 3.91 55.3263
      vertex 184.826 3.91 54.0174
      vertex 184.899 3.91 54.101
    endloop
  endfacet
  facet normal 0 -1 0
    outer loop
      vertex 182.902 3.91 55
      vertex 184.764 3.91 53.925
      vertex 184.826 3.91 54.0174
    endloop
  endfacet
  facet normal 0 -1 0
    outer loop
      vertex 184.679 3.91 53.72
      vertex 182.602 3.91 54.2765
      vertex 182.526 3.91 53.8916
    endloop
  endfacet
  facet normal 0 -1 0
    outer loop
      vertex 182.728 3.91 54.648
      vertex 184.715 3.91 53.8253
      vertex 184.764 3.91 53.925
    endloop
  endfacet
  facet normal 0 -1 0
    outer loop
      vertex 182.602 3.91 54.2765
      vertex 184.679 3.91 53.72
      vertex 184.715 3.91 53.8253
    endloop
  endfacet
  facet normal 0 -1 0
    outer loop
      vertex 182.526 3.91 53.8916
      vertex 184.657 3.91 53.6109
      vertex 184.679 3.91 53.72
    endloop
  endfacet
  facet normal 0 -1 0
    outer loop
      vertex 182.5 3.91 53.5
      vertex 184.657 3.91 53.6109
      vertex 182.526 3.91 53.8916
    endloop
  endfacet
  facet normal 0 -1 0
    outer loop
      vertex 182.5 3.91 53.5
      vertex 184.65 3.91 53.5
      vertex 184.657 3.91 53.6109
    endloop
  endfacet
  facet normal 0 -1 0
    outer loop
      vertex 182.5 3.91 53.5
      vertex 184.657 3.91 53.3891
      vertex 184.65 3.91 53.5
    endloop
  endfacet
  facet normal 0 -1 0
    outer loop
      vertex 182.526 3.91 53.1084
      vertex 184.657 3.91 53.3891
      vertex 182.5 3.91 53.5
    endloop
  endfacet
  facet normal 0 -1 -0
    outer loop
      vertex 184.657 3.91 53.3891
      vertex 182.526 3.91 53.1084
      vertex 184.679 3.91 53.28
    endloop
  endfacet
  facet normal 0 -1 0
    outer loop
      vertex 182.602 3.91 52.7235
      vertex 184.679 3.91 53.28
      vertex 182.526 3.91 53.1084
    endloop
  endfacet
  facet normal 0 -1 -0
    outer loop
      vertex 184.679 3.91 53.28
      vertex 182.602 3.91 52.7235
      vertex 184.715 3.91 53.1747
    endloop
  endfacet
  facet normal 0 -1 0
    outer loop
      vertex 182.728 3.91 52.352
      vertex 184.715 3.91 53.1747
      vertex 182.602 3.91 52.7235
    endloop
  endfacet
  facet normal 0 -1 -0
    outer loop
      vertex 184.715 3.91 53.1747
      vertex 182.728 3.91 52.352
      vertex 184.764 3.91 53.075
    endloop
  endfacet
  facet normal 0 -1 0
    outer loop
      vertex 182.902 3.91 52
      vertex 184.764 3.91 53.075
      vertex 182.728 3.91 52.352
    endloop
  endfacet
  facet normal 0 -1 -0
    outer loop
      vertex 184.764 3.91 53.075
      vertex 182.902 3.91 52
      vertex 184.826 3.91 52.9826
    endloop
  endfacet
  facet normal 0 -1 0
    outer loop
      vertex 183.12 3.91 51.6737
      vertex 184.826 3.91 52.9826
      vertex 182.902 3.91 52
    endloop
  endfacet
  facet normal 0 -1 -0
    outer loop
      vertex 184.826 3.91 52.9826
      vertex 183.12 3.91 51.6737
      vertex 184.899 3.91 52.899
    endloop
  endfacet
  facet normal 0 -1 0
    outer loop
      vertex 183.379 3.91 51.3787
      vertex 184.899 3.91 52.899
      vertex 183.12 3.91 51.6737
    endloop
  endfacet
  facet normal 0 -1 -0
    outer loop
      vertex 184.899 3.91 52.899
      vertex 183.379 3.91 51.3787
      vertex 184.983 3.91 52.8256
    endloop
  endfacet
  facet normal 0 -1 0
    outer loop
      vertex 183.674 3.91 51.1199
      vertex 184.983 3.91 52.8256
      vertex 183.379 3.91 51.3787
    endloop
  endfacet
  facet normal 0 -1 -0
    outer loop
      vertex 184.983 3.91 52.8256
      vertex 183.674 3.91 51.1199
      vertex 185.075 3.91 52.7639
    endloop
  endfacet
  facet normal 0 -1 0
    outer loop
      vertex 186.017 3.91 54.1744
      vertex 187.326 3.91 55.8801
      vertex 185.925 3.91 54.2361
    endloop
  endfacet
  facet normal 0 -1 -0
    outer loop
      vertex 187.326 3.91 55.8801
      vertex 186.017 3.91 54.1744
      vertex 187.621 3.91 55.6213
    endloop
  endfacet
  facet normal 0 -1 0
    outer loop
      vertex 186.101 3.91 54.101
      vertex 187.621 3.91 55.6213
      vertex 186.017 3.91 54.1744
    endloop
  endfacet
  facet normal 0 -1 -0
    outer loop
      vertex 187.621 3.91 55.6213
      vertex 186.101 3.91 54.101
      vertex 187.88 3.91 55.3263
    endloop
  endfacet
  facet normal 0 -1 0
    outer loop
      vertex 186.174 3.91 54.0174
      vertex 187.88 3.91 55.3263
      vertex 186.101 3.91 54.101
    endloop
  endfacet
  facet normal 0 -1 -0
    outer loop
      vertex 187.88 3.91 55.3263
      vertex 186.174 3.91 54.0174
      vertex 188.098 3.91 55
    endloop
  endfacet
  facet normal 0 -1 0
    outer loop
      vertex 186.236 3.91 53.925
      vertex 188.098 3.91 55
      vertex 186.174 3.91 54.0174
    endloop
  endfacet
  facet normal 0 -1 -0
    outer loop
      vertex 188.098 3.91 55
      vertex 186.236 3.91 53.925
      vertex 188.272 3.91 54.648
    endloop
  endfacet
  facet normal 0 -1 0
    outer loop
      vertex 186.285 3.91 53.8253
      vertex 188.272 3.91 54.648
      vertex 186.236 3.91 53.925
    endloop
  endfacet
  facet normal 0 -1 -0
    outer loop
      vertex 188.272 3.91 54.648
      vertex 186.285 3.91 53.8253
      vertex 188.398 3.91 54.2765
    endloop
  endfacet
  facet normal 0 -1 0
    outer loop
      vertex 186.321 3.91 53.72
      vertex 188.398 3.91 54.2765
      vertex 186.285 3.91 53.8253
    endloop
  endfacet
  facet normal 0 -1 -0
    outer loop
      vertex 188.398 3.91 54.2765
      vertex 186.321 3.91 53.72
      vertex 188.474 3.91 53.8916
    endloop
  endfacet
  facet normal 0 -1 0
    outer loop
      vertex 186.343 3.91 53.6109
      vertex 188.474 3.91 53.8916
      vertex 186.321 3.91 53.72
    endloop
  endfacet
  facet normal 0 -1 0
    outer loop
      vertex 186.35 3.91 53.5
      vertex 188.474 3.91 53.8916
      vertex 186.343 3.91 53.6109
    endloop
  endfacet
  facet normal 0 -1 0
    outer loop
      vertex 186.35 3.91 53.5
      vertex 188.5 3.91 53.5
      vertex 188.474 3.91 53.8916
    endloop
  endfacet
  facet normal 0 -1 0
    outer loop
      vertex 186.343 3.91 53.3891
      vertex 188.5 3.91 53.5
      vertex 186.35 3.91 53.5
    endloop
  endfacet
  facet normal 0 -1 0
    outer loop
      vertex 188.474 3.91 53.1084
      vertex 186.343 3.91 53.3891
      vertex 186.321 3.91 53.28
    endloop
  endfacet
  facet normal 0 -1 0
    outer loop
      vertex 188.398 3.91 52.7235
      vertex 186.321 3.91 53.28
      vertex 186.285 3.91 53.1747
    endloop
  endfacet
  facet normal 0 -1 0
    outer loop
      vertex 186.343 3.91 53.3891
      vertex 188.474 3.91 53.1084
      vertex 188.5 3.91 53.5
    endloop
  endfacet
  facet normal 0 -1 0
    outer loop
      vertex 188.272 3.91 52.352
      vertex 186.285 3.91 53.1747
      vertex 186.236 3.91 53.075
    endloop
  endfacet
  facet normal 0 -1 0
    outer loop
      vertex 188.098 3.91 52
      vertex 186.236 3.91 53.075
      vertex 186.174 3.91 52.9826
    endloop
  endfacet
  facet normal 0 -1 0
    outer loop
      vertex 187.88 3.91 51.6737
      vertex 186.174 3.91 52.9826
      vertex 186.101 3.91 52.899
    endloop
  endfacet
  facet normal 0 -1 0
    outer loop
      vertex 187.621 3.91 51.3787
      vertex 186.101 3.91 52.899
      vertex 186.017 3.91 52.8256
    endloop
  endfacet
  facet normal 0 -1 0
    outer loop
      vertex 187.326 3.91 51.1199
      vertex 186.017 3.91 52.8256
      vertex 185.925 3.91 52.7639
    endloop
  endfacet
  facet normal 0 -1 0
    outer loop
      vertex 186.321 3.91 53.28
      vertex 188.398 3.91 52.7235
      vertex 188.474 3.91 53.1084
    endloop
  endfacet
  facet normal 0 -1 0
    outer loop
      vertex 187 3.91 50.9019
      vertex 185.925 3.91 52.7639
      vertex 185.825 3.91 52.7147
    endloop
  endfacet
  facet normal 0 -1 0
    outer loop
      vertex 186.648 3.91 50.7284
      vertex 185.825 3.91 52.7147
      vertex 185.72 3.91 52.679
    endloop
  endfacet
  facet normal 0 -1 0
    outer loop
      vertex 186.276 3.91 50.6022
      vertex 185.72 3.91 52.679
      vertex 185.611 3.91 52.6573
    endloop
  endfacet
  facet normal 0 -1 0
    outer loop
      vertex 185.892 3.91 50.5257
      vertex 185.611 3.91 52.6573
      vertex 185.5 3.91 52.65
    endloop
  endfacet
  facet normal 0 -1 0
    outer loop
      vertex 184 3.91 50.9019
      vertex 185.075 3.91 52.7639
      vertex 183.674 3.91 51.1199
    endloop
  endfacet
  facet normal 0 -1 0
    outer loop
      vertex 186.285 3.91 53.1747
      vertex 188.272 3.91 52.352
      vertex 188.398 3.91 52.7235
    endloop
  endfacet
  facet normal 0 -1 -0
    outer loop
      vertex 185.075 3.91 52.7639
      vertex 184 3.91 50.9019
      vertex 185.175 3.91 52.7147
    endloop
  endfacet
  facet normal 0 -1 0
    outer loop
      vertex 186.236 3.91 53.075
      vertex 188.098 3.91 52
      vertex 188.272 3.91 52.352
    endloop
  endfacet
  facet normal 0 -1 0
    outer loop
      vertex 184.352 3.91 50.7284
      vertex 185.175 3.91 52.7147
      vertex 184 3.91 50.9019
    endloop
  endfacet
  facet normal 0 -1 0
    outer loop
      vertex 186.174 3.91 52.9826
      vertex 187.88 3.91 51.6737
      vertex 188.098 3.91 52
    endloop
  endfacet
  facet normal 0 -1 -0
    outer loop
      vertex 185.175 3.91 52.7147
      vertex 184.352 3.91 50.7284
      vertex 185.28 3.91 52.679
    endloop
  endfacet
  facet normal 0 -1 0
    outer loop
      vertex 186.101 3.91 52.899
      vertex 187.621 3.91 51.3787
      vertex 187.88 3.91 51.6737
    endloop
  endfacet
  facet normal 0 -1 0
    outer loop
      vertex 184.724 3.91 50.6022
      vertex 185.28 3.91 52.679
      vertex 184.352 3.91 50.7284
    endloop
  endfacet
  facet normal 0 -1 0
    outer loop
      vertex 186.017 3.91 52.8256
      vertex 187.326 3.91 51.1199
      vertex 187.621 3.91 51.3787
    endloop
  endfacet
  facet normal 0 -1 -0
    outer loop
      vertex 185.28 3.91 52.679
      vertex 184.724 3.91 50.6022
      vertex 185.389 3.91 52.6573
    endloop
  endfacet
  facet normal 0 -1 0
    outer loop
      vertex 185.925 3.91 52.7639
      vertex 187 3.91 50.9019
      vertex 187.326 3.91 51.1199
    endloop
  endfacet
  facet normal 0 -1 0
    outer loop
      vertex 185.108 3.91 50.5257
      vertex 185.389 3.91 52.6573
      vertex 184.724 3.91 50.6022
    endloop
  endfacet
  facet normal 0 -1 0
    outer loop
      vertex 185.825 3.91 52.7147
      vertex 186.648 3.91 50.7284
      vertex 187 3.91 50.9019
    endloop
  endfacet
  facet normal 0 -1 -0
    outer loop
      vertex 185.389 3.91 52.6573
      vertex 185.108 3.91 50.5257
      vertex 185.5 3.91 52.65
    endloop
  endfacet
  facet normal 0 -1 0
    outer loop
      vertex 185.72 3.91 52.679
      vertex 186.276 3.91 50.6022
      vertex 186.648 3.91 50.7284
    endloop
  endfacet
  facet normal 0 -1 0
    outer loop
      vertex 185.5 3.91 50.5
      vertex 185.5 3.91 52.65
      vertex 185.108 3.91 50.5257
    endloop
  endfacet
  facet normal 0 -1 0
    outer loop
      vertex 185.611 3.91 52.6573
      vertex 185.892 3.91 50.5257
      vertex 186.276 3.91 50.6022
    endloop
  endfacet
  facet normal 0 -1 0
    outer loop
      vertex 185.5 3.91 52.65
      vertex 185.5 3.91 50.5
      vertex 185.892 3.91 50.5257
    endloop
  endfacet
  facet normal 0 -1 0
    outer loop
      vertex 185.5 3.91 83.35
      vertex 185.5 3.91 85.5
      vertex 185.108 3.91 85.4743
    endloop
  endfacet
  facet normal 0 -1 0
    outer loop
      vertex 185.389 3.91 83.3427
      vertex 185.108 3.91 85.4743
      vertex 184.724 3.91 85.3978
    endloop
  endfacet
  facet normal 0 -1 0
    outer loop
      vertex 185.5 3.91 85.5
      vertex 185.5 3.91 83.35
      vertex 185.892 3.91 85.4743
    endloop
  endfacet
  facet normal 0 -1 0
    outer loop
      vertex 185.28 3.91 83.321
      vertex 184.724 3.91 85.3978
      vertex 184.352 3.91 85.2716
    endloop
  endfacet
  facet normal 0 -1 0
    outer loop
      vertex 185.611 3.91 83.3427
      vertex 185.892 3.91 85.4743
      vertex 185.5 3.91 83.35
    endloop
  endfacet
  facet normal 0 -1 0
    outer loop
      vertex 185.175 3.91 83.2853
      vertex 184.352 3.91 85.2716
      vertex 184 3.91 85.0981
    endloop
  endfacet
  facet normal 0 -1 -0
    outer loop
      vertex 185.892 3.91 85.4743
      vertex 185.611 3.91 83.3427
      vertex 186.276 3.91 85.3978
    endloop
  endfacet
  facet normal 0 -1 0
    outer loop
      vertex 185.075 3.91 83.2361
      vertex 184 3.91 85.0981
      vertex 183.674 3.91 84.8801
    endloop
  endfacet
  facet normal 0 -1 0
    outer loop
      vertex 185.72 3.91 83.321
      vertex 186.276 3.91 85.3978
      vertex 185.611 3.91 83.3427
    endloop
  endfacet
  facet normal 0 -1 0
    outer loop
      vertex 184.983 3.91 83.1743
      vertex 183.674 3.91 84.8801
      vertex 183.379 3.91 84.6213
    endloop
  endfacet
  facet normal 0 -1 -0
    outer loop
      vertex 186.276 3.91 85.3978
      vertex 185.72 3.91 83.321
      vertex 186.648 3.91 85.2716
    endloop
  endfacet
  facet normal 0 -1 0
    outer loop
      vertex 184.899 3.91 83.101
      vertex 183.379 3.91 84.6213
      vertex 183.12 3.91 84.3263
    endloop
  endfacet
  facet normal 0 -1 0
    outer loop
      vertex 185.825 3.91 83.2853
      vertex 186.648 3.91 85.2716
      vertex 185.72 3.91 83.321
    endloop
  endfacet
  facet normal 0 -1 0
    outer loop
      vertex 184.826 3.91 83.0174
      vertex 183.12 3.91 84.3263
      vertex 182.902 3.91 84
    endloop
  endfacet
  facet normal 0 -1 -0
    outer loop
      vertex 186.648 3.91 85.2716
      vertex 185.825 3.91 83.2853
      vertex 187 3.91 85.0981
    endloop
  endfacet
  facet normal 0 -1 0
    outer loop
      vertex 184.764 3.91 82.925
      vertex 182.902 3.91 84
      vertex 182.728 3.91 83.648
    endloop
  endfacet
  facet normal 0 -1 0
    outer loop
      vertex 185.925 3.91 83.2361
      vertex 187 3.91 85.0981
      vertex 185.825 3.91 83.2853
    endloop
  endfacet
  facet normal 0 -1 -0
    outer loop
      vertex 187 3.91 85.0981
      vertex 185.925 3.91 83.2361
      vertex 187.326 3.91 84.8801
    endloop
  endfacet
  facet normal 0 -1 0
    outer loop
      vertex 185.108 3.91 85.4743
      vertex 185.389 3.91 83.3427
      vertex 185.5 3.91 83.35
    endloop
  endfacet
  facet normal 0 -1 0
    outer loop
      vertex 184.724 3.91 85.3978
      vertex 185.28 3.91 83.321
      vertex 185.389 3.91 83.3427
    endloop
  endfacet
  facet normal 0 -1 0
    outer loop
      vertex 184.352 3.91 85.2716
      vertex 185.175 3.91 83.2853
      vertex 185.28 3.91 83.321
    endloop
  endfacet
  facet normal 0 -1 0
    outer loop
      vertex 184.715 3.91 82.8253
      vertex 182.728 3.91 83.648
      vertex 182.602 3.91 83.2765
    endloop
  endfacet
  facet normal 0 -1 0
    outer loop
      vertex 184 3.91 85.0981
      vertex 185.075 3.91 83.2361
      vertex 185.175 3.91 83.2853
    endloop
  endfacet
  facet normal 0 -1 0
    outer loop
      vertex 183.674 3.91 84.8801
      vertex 184.983 3.91 83.1743
      vertex 185.075 3.91 83.2361
    endloop
  endfacet
  facet normal 0 -1 0
    outer loop
      vertex 183.379 3.91 84.6213
      vertex 184.899 3.91 83.101
      vertex 184.983 3.91 83.1743
    endloop
  endfacet
  facet normal 0 -1 0
    outer loop
      vertex 183.12 3.91 84.3263
      vertex 184.826 3.91 83.0174
      vertex 184.899 3.91 83.101
    endloop
  endfacet
  facet normal 0 -1 0
    outer loop
      vertex 182.902 3.91 84
      vertex 184.764 3.91 82.925
      vertex 184.826 3.91 83.0174
    endloop
  endfacet
  facet normal 0 -1 0
    outer loop
      vertex 184.679 3.91 82.72
      vertex 182.602 3.91 83.2765
      vertex 182.526 3.91 82.8916
    endloop
  endfacet
  facet normal 0 -1 0
    outer loop
      vertex 182.728 3.91 83.648
      vertex 184.715 3.91 82.8253
      vertex 184.764 3.91 82.925
    endloop
  endfacet
  facet normal 0 -1 0
    outer loop
      vertex 182.602 3.91 83.2765
      vertex 184.679 3.91 82.72
      vertex 184.715 3.91 82.8253
    endloop
  endfacet
  facet normal 0 -1 0
    outer loop
      vertex 182.526 3.91 82.8916
      vertex 184.657 3.91 82.6109
      vertex 184.679 3.91 82.72
    endloop
  endfacet
  facet normal 0 -1 0
    outer loop
      vertex 182.5 3.91 82.5
      vertex 184.657 3.91 82.6109
      vertex 182.526 3.91 82.8916
    endloop
  endfacet
  facet normal 0 -1 0
    outer loop
      vertex 182.5 3.91 82.5
      vertex 184.65 3.91 82.5
      vertex 184.657 3.91 82.6109
    endloop
  endfacet
  facet normal 0 -1 0
    outer loop
      vertex 182.5 3.91 82.5
      vertex 184.657 3.91 82.3891
      vertex 184.65 3.91 82.5
    endloop
  endfacet
  facet normal 0 -1 0
    outer loop
      vertex 182.526 3.91 82.1084
      vertex 184.657 3.91 82.3891
      vertex 182.5 3.91 82.5
    endloop
  endfacet
  facet normal 0 -1 -0
    outer loop
      vertex 184.657 3.91 82.3891
      vertex 182.526 3.91 82.1084
      vertex 184.679 3.91 82.28
    endloop
  endfacet
  facet normal 0 -1 0
    outer loop
      vertex 182.602 3.91 81.7235
      vertex 184.679 3.91 82.28
      vertex 182.526 3.91 82.1084
    endloop
  endfacet
  facet normal 0 -1 -0
    outer loop
      vertex 184.679 3.91 82.28
      vertex 182.602 3.91 81.7235
      vertex 184.715 3.91 82.1747
    endloop
  endfacet
  facet normal 0 -1 0
    outer loop
      vertex 182.728 3.91 81.352
      vertex 184.715 3.91 82.1747
      vertex 182.602 3.91 81.7235
    endloop
  endfacet
  facet normal 0 -1 -0
    outer loop
      vertex 184.715 3.91 82.1747
      vertex 182.728 3.91 81.352
      vertex 184.764 3.91 82.075
    endloop
  endfacet
  facet normal 0 -1 0
    outer loop
      vertex 182.902 3.91 81
      vertex 184.764 3.91 82.075
      vertex 182.728 3.91 81.352
    endloop
  endfacet
  facet normal 0 -1 -0
    outer loop
      vertex 184.764 3.91 82.075
      vertex 182.902 3.91 81
      vertex 184.826 3.91 81.9826
    endloop
  endfacet
  facet normal 0 -1 0
    outer loop
      vertex 183.12 3.91 80.6737
      vertex 184.826 3.91 81.9826
      vertex 182.902 3.91 81
    endloop
  endfacet
  facet normal 0 -1 -0
    outer loop
      vertex 184.826 3.91 81.9826
      vertex 183.12 3.91 80.6737
      vertex 184.899 3.91 81.899
    endloop
  endfacet
  facet normal 0 -1 0
    outer loop
      vertex 183.379 3.91 80.3787
      vertex 184.899 3.91 81.899
      vertex 183.12 3.91 80.6737
    endloop
  endfacet
  facet normal 0 -1 -0
    outer loop
      vertex 184.899 3.91 81.899
      vertex 183.379 3.91 80.3787
      vertex 184.983 3.91 81.8257
    endloop
  endfacet
  facet normal 0 -1 0
    outer loop
      vertex 183.674 3.91 80.1199
      vertex 184.983 3.91 81.8257
      vertex 183.379 3.91 80.3787
    endloop
  endfacet
  facet normal 0 -1 -0
    outer loop
      vertex 184.983 3.91 81.8257
      vertex 183.674 3.91 80.1199
      vertex 185.075 3.91 81.7639
    endloop
  endfacet
  facet normal 0 -1 0
    outer loop
      vertex 186.017 3.91 83.1743
      vertex 187.326 3.91 84.8801
      vertex 185.925 3.91 83.2361
    endloop
  endfacet
  facet normal 0 -1 -0
    outer loop
      vertex 187.326 3.91 84.8801
      vertex 186.017 3.91 83.1743
      vertex 187.621 3.91 84.6213
    endloop
  endfacet
  facet normal 0 -1 0
    outer loop
      vertex 186.101 3.91 83.101
      vertex 187.621 3.91 84.6213
      vertex 186.017 3.91 83.1743
    endloop
  endfacet
  facet normal 0 -1 -0
    outer loop
      vertex 187.621 3.91 84.6213
      vertex 186.101 3.91 83.101
      vertex 187.88 3.91 84.3263
    endloop
  endfacet
  facet normal 0 -1 0
    outer loop
      vertex 186.174 3.91 83.0174
      vertex 187.88 3.91 84.3263
      vertex 186.101 3.91 83.101
    endloop
  endfacet
  facet normal 0 -1 -0
    outer loop
      vertex 187.88 3.91 84.3263
      vertex 186.174 3.91 83.0174
      vertex 188.098 3.91 84
    endloop
  endfacet
  facet normal 0 -1 0
    outer loop
      vertex 186.236 3.91 82.925
      vertex 188.098 3.91 84
      vertex 186.174 3.91 83.0174
    endloop
  endfacet
  facet normal 0 -1 -0
    outer loop
      vertex 188.098 3.91 84
      vertex 186.236 3.91 82.925
      vertex 188.272 3.91 83.648
    endloop
  endfacet
  facet normal 0 -1 0
    outer loop
      vertex 186.285 3.91 82.8253
      vertex 188.272 3.91 83.648
      vertex 186.236 3.91 82.925
    endloop
  endfacet
  facet normal 0 -1 -0
    outer loop
      vertex 188.272 3.91 83.648
      vertex 186.285 3.91 82.8253
      vertex 188.398 3.91 83.2765
    endloop
  endfacet
  facet normal 0 -1 0
    outer loop
      vertex 186.321 3.91 82.72
      vertex 188.398 3.91 83.2765
      vertex 186.285 3.91 82.8253
    endloop
  endfacet
  facet normal 0 -1 -0
    outer loop
      vertex 188.398 3.91 83.2765
      vertex 186.321 3.91 82.72
      vertex 188.474 3.91 82.8916
    endloop
  endfacet
  facet normal 0 -1 0
    outer loop
      vertex 186.343 3.91 82.6109
      vertex 188.474 3.91 82.8916
      vertex 186.321 3.91 82.72
    endloop
  endfacet
  facet normal 0 -1 0
    outer loop
      vertex 186.35 3.91 82.5
      vertex 188.474 3.91 82.8916
      vertex 186.343 3.91 82.6109
    endloop
  endfacet
  facet normal 0 -1 0
    outer loop
      vertex 186.35 3.91 82.5
      vertex 188.5 3.91 82.5
      vertex 188.474 3.91 82.8916
    endloop
  endfacet
  facet normal 0 -1 0
    outer loop
      vertex 186.343 3.91 82.3891
      vertex 188.5 3.91 82.5
      vertex 186.35 3.91 82.5
    endloop
  endfacet
  facet normal 0 -1 0
    outer loop
      vertex 188.474 3.91 82.1084
      vertex 186.343 3.91 82.3891
      vertex 186.321 3.91 82.28
    endloop
  endfacet
  facet normal 0 -1 0
    outer loop
      vertex 188.398 3.91 81.7235
      vertex 186.321 3.91 82.28
      vertex 186.285 3.91 82.1747
    endloop
  endfacet
  facet normal 0 -1 0
    outer loop
      vertex 186.343 3.91 82.3891
      vertex 188.474 3.91 82.1084
      vertex 188.5 3.91 82.5
    endloop
  endfacet
  facet normal 0 -1 0
    outer loop
      vertex 188.272 3.91 81.352
      vertex 186.285 3.91 82.1747
      vertex 186.236 3.91 82.075
    endloop
  endfacet
  facet normal 0 -1 0
    outer loop
      vertex 188.098 3.91 81
      vertex 186.236 3.91 82.075
      vertex 186.174 3.91 81.9826
    endloop
  endfacet
  facet normal 0 -1 0
    outer loop
      vertex 187.88 3.91 80.6737
      vertex 186.174 3.91 81.9826
      vertex 186.101 3.91 81.899
    endloop
  endfacet
  facet normal 0 -1 0
    outer loop
      vertex 187.621 3.91 80.3787
      vertex 186.101 3.91 81.899
      vertex 186.017 3.91 81.8257
    endloop
  endfacet
  facet normal 0 -1 0
    outer loop
      vertex 187.326 3.91 80.1199
      vertex 186.017 3.91 81.8257
      vertex 185.925 3.91 81.7639
    endloop
  endfacet
  facet normal 0 -1 0
    outer loop
      vertex 186.321 3.91 82.28
      vertex 188.398 3.91 81.7235
      vertex 188.474 3.91 82.1084
    endloop
  endfacet
  facet normal 0 -1 0
    outer loop
      vertex 187 3.91 79.9019
      vertex 185.925 3.91 81.7639
      vertex 185.825 3.91 81.7147
    endloop
  endfacet
  facet normal 0 -1 0
    outer loop
      vertex 186.648 3.91 79.7284
      vertex 185.825 3.91 81.7147
      vertex 185.72 3.91 81.679
    endloop
  endfacet
  facet normal 0 -1 0
    outer loop
      vertex 186.276 3.91 79.6022
      vertex 185.72 3.91 81.679
      vertex 185.611 3.91 81.6573
    endloop
  endfacet
  facet normal 0 -1 0
    outer loop
      vertex 185.892 3.91 79.5257
      vertex 185.611 3.91 81.6573
      vertex 185.5 3.91 81.65
    endloop
  endfacet
  facet normal 0 -1 0
    outer loop
      vertex 184 3.91 79.9019
      vertex 185.075 3.91 81.7639
      vertex 183.674 3.91 80.1199
    endloop
  endfacet
  facet normal 0 -1 0
    outer loop
      vertex 186.285 3.91 82.1747
      vertex 188.272 3.91 81.352
      vertex 188.398 3.91 81.7235
    endloop
  endfacet
  facet normal 0 -1 -0
    outer loop
      vertex 185.075 3.91 81.7639
      vertex 184 3.91 79.9019
      vertex 185.175 3.91 81.7147
    endloop
  endfacet
  facet normal 0 -1 0
    outer loop
      vertex 186.236 3.91 82.075
      vertex 188.098 3.91 81
      vertex 188.272 3.91 81.352
    endloop
  endfacet
  facet normal 0 -1 0
    outer loop
      vertex 184.352 3.91 79.7284
      vertex 185.175 3.91 81.7147
      vertex 184 3.91 79.9019
    endloop
  endfacet
  facet normal 0 -1 0
    outer loop
      vertex 186.174 3.91 81.9826
      vertex 187.88 3.91 80.6737
      vertex 188.098 3.91 81
    endloop
  endfacet
  facet normal 0 -1 -0
    outer loop
      vertex 185.175 3.91 81.7147
      vertex 184.352 3.91 79.7284
      vertex 185.28 3.91 81.679
    endloop
  endfacet
  facet normal 0 -1 0
    outer loop
      vertex 186.101 3.91 81.899
      vertex 187.621 3.91 80.3787
      vertex 187.88 3.91 80.6737
    endloop
  endfacet
  facet normal 0 -1 0
    outer loop
      vertex 184.724 3.91 79.6022
      vertex 185.28 3.91 81.679
      vertex 184.352 3.91 79.7284
    endloop
  endfacet
  facet normal 0 -1 0
    outer loop
      vertex 186.017 3.91 81.8257
      vertex 187.326 3.91 80.1199
      vertex 187.621 3.91 80.3787
    endloop
  endfacet
  facet normal 0 -1 -0
    outer loop
      vertex 185.28 3.91 81.679
      vertex 184.724 3.91 79.6022
      vertex 185.389 3.91 81.6573
    endloop
  endfacet
  facet normal 0 -1 0
    outer loop
      vertex 185.925 3.91 81.7639
      vertex 187 3.91 79.9019
      vertex 187.326 3.91 80.1199
    endloop
  endfacet
  facet normal 0 -1 0
    outer loop
      vertex 185.108 3.91 79.5257
      vertex 185.389 3.91 81.6573
      vertex 184.724 3.91 79.6022
    endloop
  endfacet
  facet normal 0 -1 0
    outer loop
      vertex 185.825 3.91 81.7147
      vertex 186.648 3.91 79.7284
      vertex 187 3.91 79.9019
    endloop
  endfacet
  facet normal 0 -1 -0
    outer loop
      vertex 185.389 3.91 81.6573
      vertex 185.108 3.91 79.5257
      vertex 185.5 3.91 81.65
    endloop
  endfacet
  facet normal 0 -1 0
    outer loop
      vertex 185.72 3.91 81.679
      vertex 186.276 3.91 79.6022
      vertex 186.648 3.91 79.7284
    endloop
  endfacet
  facet normal 0 -1 0
    outer loop
      vertex 185.5 3.91 79.5
      vertex 185.5 3.91 81.65
      vertex 185.108 3.91 79.5257
    endloop
  endfacet
  facet normal 0 -1 0
    outer loop
      vertex 185.611 3.91 81.6573
      vertex 185.892 3.91 79.5257
      vertex 186.276 3.91 79.6022
    endloop
  endfacet
  facet normal 0 -1 0
    outer loop
      vertex 185.5 3.91 81.65
      vertex 185.5 3.91 79.5
      vertex 185.892 3.91 79.5257
    endloop
  endfacet
  facet normal 1 -0 0
    outer loop
      vertex 200 1.21 76
      vertex 200 2.4 60
      vertex 200 2.4 76
    endloop
  endfacet
  facet normal 1 0 0
    outer loop
      vertex 200 2.4 60
      vertex 200 1.21 76
      vertex 200 1.21 60
    endloop
  endfacet
  facet normal 0 0 -1
    outer loop
      vertex 200 1.21 76
      vertex 220 2.4 76
      vertex 220 1.21 76
    endloop
  endfacet
  facet normal -0 0 -1
    outer loop
      vertex 220 2.4 76
      vertex 200 1.21 76
      vertex 200 2.4 76
    endloop
  endfacet
  facet normal -1 0 0
    outer loop
      vertex 220 1.21 60
      vertex 220 2.4 76
      vertex 220 2.4 60
    endloop
  endfacet
  facet normal -1 -0 0
    outer loop
      vertex 220 2.4 76
      vertex 220 1.21 60
      vertex 220 1.21 76
    endloop
  endfacet
  facet normal -0 0 1
    outer loop
      vertex 200 2.4 60
      vertex 220 1.21 60
      vertex 220 2.4 60
    endloop
  endfacet
  facet normal 0 0 1
    outer loop
      vertex 220 1.21 60
      vertex 200 2.4 60
      vertex 200 1.21 60
    endloop
  endfacet
  facet normal 0 1 -0
    outer loop
      vertex 220 1.21 60
      vertex 200 1.21 76
      vertex 220 1.21 76
    endloop
  endfacet
  facet normal 0 1 0
    outer loop
      vertex 200 1.21 76
      vertex 220 1.21 60
      vertex 200 1.21 60
    endloop
  endfacet
  facet normal -0.997864 0 0.0653289
    outer loop
      vertex 220.906 0 66.5642
      vertex 221 0.599999 68
      vertex 220.906 0.599999 66.5642
    endloop
  endfacet
  facet normal -0.997864 0 0.0653289
    outer loop
      vertex 221 0.599999 68
      vertex 220.906 0 66.5642
      vertex 221 0 68
    endloop
  endfacet
  facet normal 0.997864 0 -0.0653289
    outer loop
      vertex 199.094 0 69.4358
      vertex 199 0.599999 68
      vertex 199.094 0.599999 69.4358
    endloop
  endfacet
  facet normal 0.997864 0 -0.0653289
    outer loop
      vertex 199 0.599999 68
      vertex 199.094 0 69.4358
      vertex 199 0 68
    endloop
  endfacet
  facet normal 0.065389 0 0.99786
    outer loop
      vertex 208.564 0.599999 57.0941
      vertex 210 0 57
      vertex 210 0.599999 57
    endloop
  endfacet
  facet normal 0.065389 0 0.99786
    outer loop
      vertex 210 0 57
      vertex 208.564 0.599999 57.0941
      vertex 208.564 0 57.0941
    endloop
  endfacet
  facet normal -0.065389 0 -0.99786
    outer loop
      vertex 210 0 79
      vertex 211.436 0.599999 78.9059
      vertex 211.436 0 78.9059
    endloop
  endfacet
  facet normal -0.065389 0 -0.99786
    outer loop
      vertex 211.436 0.599999 78.9059
      vertex 210 0 79
      vertex 210 0.599999 79
    endloop
  endfacet
  facet normal -0.659272 0 0.751905
    outer loop
      vertex 216.696 0.599999 59.2731
      vertex 217.778 0 60.2218
      vertex 217.778 0.599999 60.2218
    endloop
  endfacet
  facet normal -0.659272 0 0.751905
    outer loop
      vertex 217.778 0 60.2218
      vertex 216.696 0.599999 59.2731
      vertex 216.696 0 59.2731
    endloop
  endfacet
  facet normal 0.751741 -0 0.659458
    outer loop
      vertex 201.273 0 61.3036
      vertex 202.222 0.599999 60.2218
      vertex 201.273 0.599999 61.3036
    endloop
  endfacet
  facet normal 0.751741 0 0.659458
    outer loop
      vertex 202.222 0.599999 60.2218
      vertex 201.273 0 61.3036
      vertex 202.222 0 60.2218
    endloop
  endfacet
  facet normal 0.442424 0 0.896806
    outer loop
      vertex 204.5 0.599999 58.4737
      vertex 205.79 0 57.8373
      vertex 205.79 0.599999 57.8373
    endloop
  endfacet
  facet normal 0.442424 0 0.896806
    outer loop
      vertex 205.79 0 57.8373
      vertex 204.5 0.599999 58.4737
      vertex 204.5 0 58.4737
    endloop
  endfacet
  facet normal -0.896708 0 0.442622
    outer loop
      vertex 219.526 0 62.5
      vertex 220.163 0.599999 63.7905
      vertex 219.526 0.599999 62.5
    endloop
  endfacet
  facet normal -0.896708 0 0.442622
    outer loop
      vertex 220.163 0.599999 63.7905
      vertex 219.526 0 62.5
      vertex 220.163 0 63.7905
    endloop
  endfacet
  facet normal -0.980746 0 0.195287
    outer loop
      vertex 220.625 0 65.153
      vertex 220.906 0.599999 66.5642
      vertex 220.625 0.599999 65.153
    endloop
  endfacet
  facet normal -0.980746 0 0.195287
    outer loop
      vertex 220.906 0.599999 66.5642
      vertex 220.625 0 65.153
      vertex 220.906 0 66.5642
    endloop
  endfacet
  facet normal -0.32133 0 0.946967
    outer loop
      vertex 212.847 0.599999 57.3748
      vertex 214.21 0 57.8373
      vertex 214.21 0.599999 57.8373
    endloop
  endfacet
  facet normal -0.32133 0 0.946967
    outer loop
      vertex 214.21 0 57.8373
      vertex 212.847 0.599999 57.3748
      vertex 212.847 0 57.3748
    endloop
  endfacet
  facet normal -0.195113 0 0.980781
    outer loop
      vertex 211.436 0.599999 57.0941
      vertex 212.847 0 57.3748
      vertex 212.847 0.599999 57.3748
    endloop
  endfacet
  facet normal -0.195113 0 0.980781
    outer loop
      vertex 212.847 0 57.3748
      vertex 211.436 0.599999 57.0941
      vertex 211.436 0 57.0941
    endloop
  endfacet
  facet normal -0.555694 0 0.831387
    outer loop
      vertex 215.5 0.599999 58.4737
      vertex 216.696 0 59.2731
      vertex 216.696 0.599999 59.2731
    endloop
  endfacet
  facet normal -0.555694 0 0.831387
    outer loop
      vertex 216.696 0 59.2731
      vertex 215.5 0.599999 58.4737
      vertex 215.5 0 58.4737
    endloop
  endfacet
  facet normal 0.947037 -0 0.321124
    outer loop
      vertex 199.375 0 65.153
      vertex 199.837 0.599999 63.7905
      vertex 199.375 0.599999 65.153
    endloop
  endfacet
  facet normal 0.947037 0 0.321124
    outer loop
      vertex 199.837 0.599999 63.7905
      vertex 199.375 0 65.153
      vertex 199.837 0 63.7905
    endloop
  endfacet
  facet normal 0.896708 -0 0.442622
    outer loop
      vertex 199.837 0 63.7905
      vertex 200.474 0.599999 62.5
      vertex 199.837 0.599999 63.7905
    endloop
  endfacet
  facet normal 0.896708 0 0.442622
    outer loop
      vertex 200.474 0.599999 62.5
      vertex 199.837 0 63.7905
      vertex 200.474 0 62.5
    endloop
  endfacet
  facet normal 0.980746 -0 0.195287
    outer loop
      vertex 199.094 0 66.5642
      vertex 199.375 0.599999 65.153
      vertex 199.094 0.599999 66.5642
    endloop
  endfacet
  facet normal 0.980746 0 0.195287
    outer loop
      vertex 199.375 0.599999 65.153
      vertex 199.094 0 66.5642
      vertex 199.375 0 65.153
    endloop
  endfacet
  facet normal 0.659272 0 0.751905
    outer loop
      vertex 202.222 0.599999 60.2218
      vertex 203.304 0 59.2731
      vertex 203.304 0.599999 59.2731
    endloop
  endfacet
  facet normal 0.659272 0 0.751905
    outer loop
      vertex 203.304 0 59.2731
      vertex 202.222 0.599999 60.2218
      vertex 202.222 0 60.2218
    endloop
  endfacet
  facet normal 0.195113 0 0.980781
    outer loop
      vertex 207.153 0.599999 57.3748
      vertex 208.564 0 57.0941
      vertex 208.564 0.599999 57.0941
    endloop
  endfacet
  facet normal 0.195113 0 0.980781
    outer loop
      vertex 208.564 0 57.0941
      vertex 207.153 0.599999 57.3748
      vertex 207.153 0 57.3748
    endloop
  endfacet
  facet normal -0.947037 0 0.321124
    outer loop
      vertex 220.163 0 63.7905
      vertex 220.625 0.599999 65.153
      vertex 220.163 0.599999 63.7905
    endloop
  endfacet
  facet normal -0.947037 0 0.321124
    outer loop
      vertex 220.625 0.599999 65.153
      vertex 220.163 0 63.7905
      vertex 220.625 0 65.153
    endloop
  endfacet
  facet normal -0.751741 0 0.659458
    outer loop
      vertex 217.778 0 60.2218
      vertex 218.727 0.599999 61.3036
      vertex 217.778 0.599999 60.2218
    endloop
  endfacet
  facet normal -0.751741 0 0.659458
    outer loop
      vertex 218.727 0.599999 61.3036
      vertex 217.778 0 60.2218
      vertex 218.727 0 61.3036
    endloop
  endfacet
  facet normal -0.831601 0 0.555374
    outer loop
      vertex 218.727 0 61.3036
      vertex 219.526 0.599999 62.5
      vertex 218.727 0.599999 61.3036
    endloop
  endfacet
  facet normal -0.831601 0 0.555374
    outer loop
      vertex 219.526 0.599999 62.5
      vertex 218.727 0 61.3036
      vertex 219.526 0 62.5
    endloop
  endfacet
  facet normal -0.065389 0 0.99786
    outer loop
      vertex 210 0.599999 57
      vertex 211.436 0 57.0941
      vertex 211.436 0.599999 57.0941
    endloop
  endfacet
  facet normal -0.065389 0 0.99786
    outer loop
      vertex 211.436 0 57.0941
      vertex 210 0.599999 57
      vertex 210 0 57
    endloop
  endfacet
  facet normal 0.831601 -0 0.555374
    outer loop
      vertex 200.474 0 62.5
      vertex 201.273 0.599999 61.3036
      vertex 200.474 0.599999 62.5
    endloop
  endfacet
  facet normal 0.831601 0 0.555374
    outer loop
      vertex 201.273 0.599999 61.3036
      vertex 200.474 0 62.5
      vertex 201.273 0 61.3036
    endloop
  endfacet
  facet normal 0.997864 -0 0.0653289
    outer loop
      vertex 199 0 68
      vertex 199.094 0.599999 66.5642
      vertex 199 0.599999 68
    endloop
  endfacet
  facet normal 0.997864 0 0.0653289
    outer loop
      vertex 199.094 0.599999 66.5642
      vertex 199 0 68
      vertex 199.094 0 66.5642
    endloop
  endfacet
  facet normal 0 -1 0
    outer loop
      vertex 208.564 0.599999 78.9059
      vertex 211.436 0.599999 78.9059
      vertex 210 0.599999 79
    endloop
  endfacet
  facet normal 0 -1 0
    outer loop
      vertex 207.153 0.599999 78.6252
      vertex 211.436 0.599999 78.9059
      vertex 208.564 0.599999 78.9059
    endloop
  endfacet
  facet normal 0 -1 0
    outer loop
      vertex 207.153 0.599999 78.6252
      vertex 212.847 0.599999 78.6252
      vertex 211.436 0.599999 78.9059
    endloop
  endfacet
  facet normal 0 -1 0
    outer loop
      vertex 205.79 0.599999 78.1627
      vertex 212.847 0.599999 78.6252
      vertex 207.153 0.599999 78.6252
    endloop
  endfacet
  facet normal 0 -1 0
    outer loop
      vertex 205.79 0.599999 78.1627
      vertex 214.21 0.599999 78.1627
      vertex 212.847 0.599999 78.6252
    endloop
  endfacet
  facet normal 0 -1 0
    outer loop
      vertex 204.5 0.599999 77.5263
      vertex 214.21 0.599999 78.1627
      vertex 205.79 0.599999 78.1627
    endloop
  endfacet
  facet normal 0 -1 0
    outer loop
      vertex 204.5 0.599999 77.5263
      vertex 215.5 0.599999 77.5263
      vertex 214.21 0.599999 78.1627
    endloop
  endfacet
  facet normal 0 -1 0
    outer loop
      vertex 203.304 0.599999 76.7269
      vertex 215.5 0.599999 77.5263
      vertex 204.5 0.599999 77.5263
    endloop
  endfacet
  facet normal 0 -1 0
    outer loop
      vertex 203.304 0.599999 76.7269
      vertex 216.696 0.599999 76.7269
      vertex 215.5 0.599999 77.5263
    endloop
  endfacet
  facet normal 0 -1 0
    outer loop
      vertex 202.222 0.599999 75.7782
      vertex 216.696 0.599999 76.7269
      vertex 203.304 0.599999 76.7269
    endloop
  endfacet
  facet normal 0 -1 0
    outer loop
      vertex 202.222 0.599999 75.7782
      vertex 217.778 0.599999 75.7782
      vertex 216.696 0.599999 76.7269
    endloop
  endfacet
  facet normal 0 -1 0
    outer loop
      vertex 201.273 0.599999 74.6964
      vertex 217.778 0.599999 75.7782
      vertex 202.222 0.599999 75.7782
    endloop
  endfacet
  facet normal 0 -1 0
    outer loop
      vertex 201.273 0.599999 74.6964
      vertex 218.727 0.599999 74.6964
      vertex 217.778 0.599999 75.7782
    endloop
  endfacet
  facet normal 0 -1 0
    outer loop
      vertex 200.474 0.599999 73.5
      vertex 218.727 0.599999 74.6964
      vertex 201.273 0.599999 74.6964
    endloop
  endfacet
  facet normal 0 -1 0
    outer loop
      vertex 200.474 0.599999 73.5
      vertex 219.526 0.599999 73.5
      vertex 218.727 0.599999 74.6964
    endloop
  endfacet
  facet normal 0 -1 0
    outer loop
      vertex 199.837 0.599999 72.2095
      vertex 219.526 0.599999 73.5
      vertex 200.474 0.599999 73.5
    endloop
  endfacet
  facet normal 0 -1 0
    outer loop
      vertex 199.837 0.599999 72.2095
      vertex 220.163 0.599999 72.2095
      vertex 219.526 0.599999 73.5
    endloop
  endfacet
  facet normal 0 -1 0
    outer loop
      vertex 199.375 0.599999 70.847
      vertex 220.163 0.599999 72.2095
      vertex 199.837 0.599999 72.2095
    endloop
  endfacet
  facet normal 0 -1 0
    outer loop
      vertex 199.375 0.599999 70.847
      vertex 220.625 0.599999 70.847
      vertex 220.163 0.599999 72.2095
    endloop
  endfacet
  facet normal 0 -1 0
    outer loop
      vertex 199.094 0.599999 69.4358
      vertex 220.625 0.599999 70.847
      vertex 199.375 0.599999 70.847
    endloop
  endfacet
  facet normal 0 -1 0
    outer loop
      vertex 199.094 0.599999 69.4358
      vertex 220.906 0.599999 69.4358
      vertex 220.625 0.599999 70.847
    endloop
  endfacet
  facet normal 0 -1 0
    outer loop
      vertex 199 0.599999 68
      vertex 220.906 0.599999 69.4358
      vertex 199.094 0.599999 69.4358
    endloop
  endfacet
  facet normal 0 -1 0
    outer loop
      vertex 199 0.599999 68
      vertex 221 0.599999 68
      vertex 220.906 0.599999 69.4358
    endloop
  endfacet
  facet normal 0 -1 0
    outer loop
      vertex 199.094 0.599999 66.5642
      vertex 221 0.599999 68
      vertex 199 0.599999 68
    endloop
  endfacet
  facet normal 0 -1 0
    outer loop
      vertex 199.094 0.599999 66.5642
      vertex 220.906 0.599999 66.5642
      vertex 221 0.599999 68
    endloop
  endfacet
  facet normal 0 -1 0
    outer loop
      vertex 199.375 0.599999 65.153
      vertex 220.906 0.599999 66.5642
      vertex 199.094 0.599999 66.5642
    endloop
  endfacet
  facet normal 0 -1 0
    outer loop
      vertex 199.375 0.599999 65.153
      vertex 220.625 0.599999 65.153
      vertex 220.906 0.599999 66.5642
    endloop
  endfacet
  facet normal 0 -1 0
    outer loop
      vertex 199.837 0.599999 63.7905
      vertex 220.625 0.599999 65.153
      vertex 199.375 0.599999 65.153
    endloop
  endfacet
  facet normal 0 -1 0
    outer loop
      vertex 199.837 0.599999 63.7905
      vertex 220.163 0.599999 63.7905
      vertex 220.625 0.599999 65.153
    endloop
  endfacet
  facet normal 0 -1 0
    outer loop
      vertex 200.474 0.599999 62.5
      vertex 220.163 0.599999 63.7905
      vertex 199.837 0.599999 63.7905
    endloop
  endfacet
  facet normal 0 -1 0
    outer loop
      vertex 200.474 0.599999 62.5
      vertex 219.526 0.599999 62.5
      vertex 220.163 0.599999 63.7905
    endloop
  endfacet
  facet normal 0 -1 0
    outer loop
      vertex 201.273 0.599999 61.3036
      vertex 219.526 0.599999 62.5
      vertex 200.474 0.599999 62.5
    endloop
  endfacet
  facet normal 0 -1 0
    outer loop
      vertex 201.273 0.599999 61.3036
      vertex 218.727 0.599999 61.3036
      vertex 219.526 0.599999 62.5
    endloop
  endfacet
  facet normal 0 -1 0
    outer loop
      vertex 202.222 0.599999 60.2218
      vertex 218.727 0.599999 61.3036
      vertex 201.273 0.599999 61.3036
    endloop
  endfacet
  facet normal 0 -1 0
    outer loop
      vertex 202.222 0.599999 60.2218
      vertex 217.778 0.599999 60.2218
      vertex 218.727 0.599999 61.3036
    endloop
  endfacet
  facet normal 0 -1 0
    outer loop
      vertex 203.304 0.599999 59.2731
      vertex 217.778 0.599999 60.2218
      vertex 202.222 0.599999 60.2218
    endloop
  endfacet
  facet normal 0 -1 0
    outer loop
      vertex 203.304 0.599999 59.2731
      vertex 216.696 0.599999 59.2731
      vertex 217.778 0.599999 60.2218
    endloop
  endfacet
  facet normal 0 -1 0
    outer loop
      vertex 204.5 0.599999 58.4737
      vertex 216.696 0.599999 59.2731
      vertex 203.304 0.599999 59.2731
    endloop
  endfacet
  facet normal 0 -1 0
    outer loop
      vertex 204.5 0.599999 58.4737
      vertex 215.5 0.599999 58.4737
      vertex 216.696 0.599999 59.2731
    endloop
  endfacet
  facet normal 0 -1 0
    outer loop
      vertex 205.79 0.599999 57.8373
      vertex 215.5 0.599999 58.4737
      vertex 204.5 0.599999 58.4737
    endloop
  endfacet
  facet normal 0 -1 0
    outer loop
      vertex 205.79 0.599999 57.8373
      vertex 214.21 0.599999 57.8373
      vertex 215.5 0.599999 58.4737
    endloop
  endfacet
  facet normal 0 -1 0
    outer loop
      vertex 207.153 0.599999 57.3748
      vertex 214.21 0.599999 57.8373
      vertex 205.79 0.599999 57.8373
    endloop
  endfacet
  facet normal 0 -1 0
    outer loop
      vertex 207.153 0.599999 57.3748
      vertex 212.847 0.599999 57.3748
      vertex 214.21 0.599999 57.8373
    endloop
  endfacet
  facet normal 0 -1 0
    outer loop
      vertex 208.564 0.599999 57.0941
      vertex 212.847 0.599999 57.3748
      vertex 207.153 0.599999 57.3748
    endloop
  endfacet
  facet normal 0 -1 0
    outer loop
      vertex 208.564 0.599999 57.0941
      vertex 211.436 0.599999 57.0941
      vertex 212.847 0.599999 57.3748
    endloop
  endfacet
  facet normal -0 -1 0
    outer loop
      vertex 211.436 0.599999 57.0941
      vertex 208.564 0.599999 57.0941
      vertex 210 0.599999 57
    endloop
  endfacet
  facet normal 0.555694 0 0.831387
    outer loop
      vertex 203.304 0.599999 59.2731
      vertex 204.5 0 58.4737
      vertex 204.5 0.599999 58.4737
    endloop
  endfacet
  facet normal 0.555694 0 0.831387
    outer loop
      vertex 204.5 0 58.4737
      vertex 203.304 0.599999 59.2731
      vertex 203.304 0 59.2731
    endloop
  endfacet
  facet normal 0.32133 0 0.946967
    outer loop
      vertex 205.79 0.599999 57.8373
      vertex 207.153 0 57.3748
      vertex 207.153 0.599999 57.3748
    endloop
  endfacet
  facet normal 0.32133 0 0.946967
    outer loop
      vertex 207.153 0 57.3748
      vertex 205.79 0.599999 57.8373
      vertex 205.79 0 57.8373
    endloop
  endfacet
  facet normal -0.751741 0 -0.659458
    outer loop
      vertex 218.727 0 74.6964
      vertex 217.778 0.599999 75.7782
      vertex 218.727 0.599999 74.6964
    endloop
  endfacet
  facet normal -0.751741 -0 -0.659458
    outer loop
      vertex 217.778 0.599999 75.7782
      vertex 218.727 0 74.6964
      vertex 217.778 0 75.7782
    endloop
  endfacet
  facet normal -0.980746 0 -0.195287
    outer loop
      vertex 220.906 0 69.4358
      vertex 220.625 0.599999 70.847
      vertex 220.906 0.599999 69.4358
    endloop
  endfacet
  facet normal -0.980746 -0 -0.195287
    outer loop
      vertex 220.625 0.599999 70.847
      vertex 220.906 0 69.4358
      vertex 220.625 0 70.847
    endloop
  endfacet
  facet normal -0.442424 0 -0.896806
    outer loop
      vertex 214.21 0 78.1627
      vertex 215.5 0.599999 77.5263
      vertex 215.5 0 77.5263
    endloop
  endfacet
  facet normal -0.442424 0 -0.896806
    outer loop
      vertex 215.5 0.599999 77.5263
      vertex 214.21 0 78.1627
      vertex 214.21 0.599999 78.1627
    endloop
  endfacet
  facet normal -0.442424 0 0.896806
    outer loop
      vertex 214.21 0.599999 57.8373
      vertex 215.5 0 58.4737
      vertex 215.5 0.599999 58.4737
    endloop
  endfacet
  facet normal -0.442424 0 0.896806
    outer loop
      vertex 215.5 0 58.4737
      vertex 214.21 0.599999 57.8373
      vertex 214.21 0 57.8373
    endloop
  endfacet
  facet normal -0.555694 0 -0.831387
    outer loop
      vertex 215.5 0 77.5263
      vertex 216.696 0.599999 76.7269
      vertex 216.696 0 76.7269
    endloop
  endfacet
  facet normal -0.555694 0 -0.831387
    outer loop
      vertex 216.696 0.599999 76.7269
      vertex 215.5 0 77.5263
      vertex 215.5 0.599999 77.5263
    endloop
  endfacet
  facet normal -0.947037 0 -0.321124
    outer loop
      vertex 220.625 0 70.847
      vertex 220.163 0.599999 72.2095
      vertex 220.625 0.599999 70.847
    endloop
  endfacet
  facet normal -0.947037 -0 -0.321124
    outer loop
      vertex 220.163 0.599999 72.2095
      vertex 220.625 0 70.847
      vertex 220.163 0 72.2095
    endloop
  endfacet
  facet normal -0.896708 0 -0.442622
    outer loop
      vertex 220.163 0 72.2095
      vertex 219.526 0.599999 73.5
      vertex 220.163 0.599999 72.2095
    endloop
  endfacet
  facet normal -0.896708 -0 -0.442622
    outer loop
      vertex 219.526 0.599999 73.5
      vertex 220.163 0 72.2095
      vertex 219.526 0 73.5
    endloop
  endfacet
  facet normal -0.831601 0 -0.555374
    outer loop
      vertex 219.526 0 73.5
      vertex 218.727 0.599999 74.6964
      vertex 219.526 0.599999 73.5
    endloop
  endfacet
  facet normal -0.831601 -0 -0.555374
    outer loop
      vertex 218.727 0.599999 74.6964
      vertex 219.526 0 73.5
      vertex 218.727 0 74.6964
    endloop
  endfacet
  facet normal -0.997864 0 -0.0653289
    outer loop
      vertex 221 0 68
      vertex 220.906 0.599999 69.4358
      vertex 221 0.599999 68
    endloop
  endfacet
  facet normal -0.997864 -0 -0.0653289
    outer loop
      vertex 220.906 0.599999 69.4358
      vertex 221 0 68
      vertex 220.906 0 69.4358
    endloop
  endfacet
  facet normal 0.32133 0 -0.946967
    outer loop
      vertex 205.79 0 78.1627
      vertex 207.153 0.599999 78.6252
      vertex 207.153 0 78.6252
    endloop
  endfacet
  facet normal 0.32133 0 -0.946967
    outer loop
      vertex 207.153 0.599999 78.6252
      vertex 205.79 0 78.1627
      vertex 205.79 0.599999 78.1627
    endloop
  endfacet
  facet normal 0.659272 0 -0.751905
    outer loop
      vertex 202.222 0 75.7782
      vertex 203.304 0.599999 76.7269
      vertex 203.304 0 76.7269
    endloop
  endfacet
  facet normal 0.659272 0 -0.751905
    outer loop
      vertex 203.304 0.599999 76.7269
      vertex 202.222 0 75.7782
      vertex 202.222 0.599999 75.7782
    endloop
  endfacet
  facet normal 0.831601 0 -0.555374
    outer loop
      vertex 201.273 0 74.6964
      vertex 200.474 0.599999 73.5
      vertex 201.273 0.599999 74.6964
    endloop
  endfacet
  facet normal 0.831601 0 -0.555374
    outer loop
      vertex 200.474 0.599999 73.5
      vertex 201.273 0 74.6964
      vertex 200.474 0 73.5
    endloop
  endfacet
  facet normal 0.980746 0 -0.195287
    outer loop
      vertex 199.375 0 70.847
      vertex 199.094 0.599999 69.4358
      vertex 199.375 0.599999 70.847
    endloop
  endfacet
  facet normal 0.980746 0 -0.195287
    outer loop
      vertex 199.094 0.599999 69.4358
      vertex 199.375 0 70.847
      vertex 199.094 0 69.4358
    endloop
  endfacet
  facet normal 0.947037 0 -0.321124
    outer loop
      vertex 199.837 0 72.2095
      vertex 199.375 0.599999 70.847
      vertex 199.837 0.599999 72.2095
    endloop
  endfacet
  facet normal 0.947037 0 -0.321124
    outer loop
      vertex 199.375 0.599999 70.847
      vertex 199.837 0 72.2095
      vertex 199.375 0 70.847
    endloop
  endfacet
  facet normal 0.896708 0 -0.442622
    outer loop
      vertex 200.474 0 73.5
      vertex 199.837 0.599999 72.2095
      vertex 200.474 0.599999 73.5
    endloop
  endfacet
  facet normal 0.896708 0 -0.442622
    outer loop
      vertex 199.837 0.599999 72.2095
      vertex 200.474 0 73.5
      vertex 199.837 0 72.2095
    endloop
  endfacet
  facet normal -0.32133 0 -0.946967
    outer loop
      vertex 212.847 0 78.6252
      vertex 214.21 0.599999 78.1627
      vertex 214.21 0 78.1627
    endloop
  endfacet
  facet normal -0.32133 0 -0.946967
    outer loop
      vertex 214.21 0.599999 78.1627
      vertex 212.847 0 78.6252
      vertex 212.847 0.599999 78.6252
    endloop
  endfacet
  facet normal -0.195113 0 -0.980781
    outer loop
      vertex 211.436 0 78.9059
      vertex 212.847 0.599999 78.6252
      vertex 212.847 0 78.6252
    endloop
  endfacet
  facet normal -0.195113 0 -0.980781
    outer loop
      vertex 212.847 0.599999 78.6252
      vertex 211.436 0 78.9059
      vertex 211.436 0.599999 78.9059
    endloop
  endfacet
  facet normal -0.659272 0 -0.751905
    outer loop
      vertex 216.696 0 76.7269
      vertex 217.778 0.599999 75.7782
      vertex 217.778 0 75.7782
    endloop
  endfacet
  facet normal -0.659272 0 -0.751905
    outer loop
      vertex 217.778 0.599999 75.7782
      vertex 216.696 0 76.7269
      vertex 216.696 0.599999 76.7269
    endloop
  endfacet
  facet normal 0.065389 0 -0.99786
    outer loop
      vertex 208.564 0 78.9059
      vertex 210 0.599999 79
      vertex 210 0 79
    endloop
  endfacet
  facet normal 0.065389 0 -0.99786
    outer loop
      vertex 210 0.599999 79
      vertex 208.564 0 78.9059
      vertex 208.564 0.599999 78.9059
    endloop
  endfacet
  facet normal 0.195113 0 -0.980781
    outer loop
      vertex 207.153 0 78.6252
      vertex 208.564 0.599999 78.9059
      vertex 208.564 0 78.9059
    endloop
  endfacet
  facet normal 0.195113 0 -0.980781
    outer loop
      vertex 208.564 0.599999 78.9059
      vertex 207.153 0 78.6252
      vertex 207.153 0.599999 78.6252
    endloop
  endfacet
  facet normal 0.751741 0 -0.659458
    outer loop
      vertex 202.222 0 75.7782
      vertex 201.273 0.599999 74.6964
      vertex 202.222 0.599999 75.7782
    endloop
  endfacet
  facet normal 0.751741 0 -0.659458
    outer loop
      vertex 201.273 0.599999 74.6964
      vertex 202.222 0 75.7782
      vertex 201.273 0 74.6964
    endloop
  endfacet
  facet normal 0.555694 0 -0.831387
    outer loop
      vertex 203.304 0 76.7269
      vertex 204.5 0.599999 77.5263
      vertex 204.5 0 77.5263
    endloop
  endfacet
  facet normal 0.555694 0 -0.831387
    outer loop
      vertex 204.5 0.599999 77.5263
      vertex 203.304 0 76.7269
      vertex 203.304 0.599999 76.7269
    endloop
  endfacet
  facet normal 0.442424 0 -0.896806
    outer loop
      vertex 204.5 0 77.5263
      vertex 205.79 0.599999 78.1627
      vertex 205.79 0 78.1627
    endloop
  endfacet
  facet normal 0.442424 0 -0.896806
    outer loop
      vertex 205.79 0.599999 78.1627
      vertex 204.5 0 77.5263
      vertex 204.5 0.599999 77.5263
    endloop
  endfacet
  facet normal 1 -0 0
    outer loop
      vertex 160.5 175.6 30.5
      vertex 160.5 178 19.5
      vertex 160.5 178 30.5
    endloop
  endfacet
  facet normal 1 0 0
    outer loop
      vertex 160.5 178 19.5
      vertex 160.5 175.6 30.5
      vertex 160.5 175.6 19.5
    endloop
  endfacet
  facet normal 0 0 -1
    outer loop
      vertex 160.5 175.6 30.5
      vertex 175.5 178 30.5
      vertex 175.5 175.6 30.5
    endloop
  endfacet
  facet normal -0 0 -1
    outer loop
      vertex 175.5 178 30.5
      vertex 160.5 175.6 30.5
      vertex 160.5 178 30.5
    endloop
  endfacet
  facet normal -1 0 0
    outer loop
      vertex 175.5 175.6 19.5
      vertex 175.5 178 30.5
      vertex 175.5 178 19.5
    endloop
  endfacet
  facet normal -1 -0 0
    outer loop
      vertex 175.5 178 30.5
      vertex 175.5 175.6 19.5
      vertex 175.5 175.6 30.5
    endloop
  endfacet
  facet normal -0 0 1
    outer loop
      vertex 160.5 178 19.5
      vertex 175.5 175.6 19.5
      vertex 175.5 178 19.5
    endloop
  endfacet
  facet normal 0 0 1
    outer loop
      vertex 175.5 175.6 19.5
      vertex 160.5 178 19.5
      vertex 160.5 175.6 19.5
    endloop
  endfacet
  facet normal -0.997869 0 -0.0652567
    outer loop
      vertex 214.1 175.6 25
      vertex 214.065 178 25.5352
      vertex 214.1 178 25
    endloop
  endfacet
  facet normal -0.997869 -0 -0.0652567
    outer loop
      vertex 214.065 178 25.5352
      vertex 214.1 175.6 25
      vertex 214.065 175.6 25.5352
    endloop
  endfacet
  facet normal -0.980652 0 -0.195758
    outer loop
      vertex 214.065 175.6 25.5352
      vertex 213.96 178 26.0612
      vertex 214.065 178 25.5352
    endloop
  endfacet
  facet normal -0.980652 -0 -0.195758
    outer loop
      vertex 213.96 178 26.0612
      vertex 214.065 175.6 25.5352
      vertex 213.96 175.6 26.0612
    endloop
  endfacet
  facet normal 0.0654667 0 -0.997855
    outer loop
      vertex 209.465 175.6 29.0649
      vertex 210 178 29.1
      vertex 210 175.6 29.1
    endloop
  endfacet
  facet normal 0.0654667 0 -0.997855
    outer loop
      vertex 210 178 29.1
      vertex 209.465 175.6 29.0649
      vertex 209.465 178 29.0649
    endloop
  endfacet
  facet normal -0.659534 0 -0.751675
    outer loop
      vertex 212.496 175.6 28.2527
      vertex 212.899 178 27.8991
      vertex 212.899 175.6 27.8991
    endloop
  endfacet
  facet normal -0.659534 0 -0.751675
    outer loop
      vertex 212.899 178 27.8991
      vertex 212.496 175.6 28.2527
      vertex 212.496 178 28.2527
    endloop
  endfacet
  facet normal -0.831419 0 0.555646
    outer loop
      vertex 213.253 175.6 22.5041
      vertex 213.551 178 22.95
      vertex 213.253 178 22.5041
    endloop
  endfacet
  facet normal -0.831419 0 0.555646
    outer loop
      vertex 213.551 178 22.95
      vertex 213.253 175.6 22.5041
      vertex 213.551 175.6 22.95
    endloop
  endfacet
  facet normal -0.897023 0 -0.441984
    outer loop
      vertex 213.788 175.6 26.569
      vertex 213.551 178 27.05
      vertex 213.788 178 26.569
    endloop
  endfacet
  facet normal -0.897023 -0 -0.441984
    outer loop
      vertex 213.551 178 27.05
      vertex 213.788 175.6 26.569
      vertex 213.551 175.6 27.05
    endloop
  endfacet
  facet normal -0.55556 0 -0.831476
    outer loop
      vertex 212.05 175.6 28.5507
      vertex 212.496 178 28.2527
      vertex 212.496 175.6 28.2527
    endloop
  endfacet
  facet normal -0.55556 0 -0.831476
    outer loop
      vertex 212.496 178 28.2527
      vertex 212.05 175.6 28.5507
      vertex 212.05 178 28.5507
    endloop
  endfacet
  facet normal 0.947143 0 -0.320812
    outer loop
      vertex 206.212 175.6 26.569
      vertex 206.04 178 26.0612
      vertex 206.212 178 26.569
    endloop
  endfacet
  facet normal 0.947143 0 -0.320812
    outer loop
      vertex 206.04 178 26.0612
      vertex 206.212 175.6 26.569
      vertex 206.04 175.6 26.0612
    endloop
  endfacet
  facet normal 0.831419 0 -0.555646
    outer loop
      vertex 206.747 175.6 27.4959
      vertex 206.449 178 27.05
      vertex 206.747 178 27.4959
    endloop
  endfacet
  facet normal 0.831419 0 -0.555646
    outer loop
      vertex 206.449 178 27.05
      vertex 206.747 175.6 27.4959
      vertex 206.449 175.6 27.05
    endloop
  endfacet
  facet normal 0.19504 0 -0.980795
    outer loop
      vertex 208.939 175.6 28.9603
      vertex 209.465 178 29.0649
      vertex 209.465 175.6 29.0649
    endloop
  endfacet
  facet normal 0.19504 0 -0.980795
    outer loop
      vertex 209.465 178 29.0649
      vertex 208.939 175.6 28.9603
      vertex 208.939 178 28.9603
    endloop
  endfacet
  facet normal -0.897023 0 0.441984
    outer loop
      vertex 213.551 175.6 22.95
      vertex 213.788 178 23.431
      vertex 213.551 178 22.95
    endloop
  endfacet
  facet normal -0.897023 0 0.441984
    outer loop
      vertex 213.788 178 23.431
      vertex 213.551 175.6 22.95
      vertex 213.788 175.6 23.431
    endloop
  endfacet
  facet normal 0.831419 -0 0.555646
    outer loop
      vertex 206.449 175.6 22.95
      vertex 206.747 178 22.5041
      vertex 206.449 178 22.95
    endloop
  endfacet
  facet normal 0.831419 0 0.555646
    outer loop
      vertex 206.747 178 22.5041
      vertex 206.449 175.6 22.95
      vertex 206.747 175.6 22.5041
    endloop
  endfacet
  facet normal -0.19504 0 0.980795
    outer loop
      vertex 210.535 178 20.9351
      vertex 211.061 175.6 21.0397
      vertex 211.061 178 21.0397
    endloop
  endfacet
  facet normal -0.19504 0 0.980795
    outer loop
      vertex 211.061 175.6 21.0397
      vertex 210.535 178 20.9351
      vertex 210.535 175.6 20.9351
    endloop
  endfacet
  facet normal -0.751467 0 -0.65977
    outer loop
      vertex 213.253 175.6 27.4959
      vertex 212.899 178 27.8991
      vertex 213.253 178 27.4959
    endloop
  endfacet
  facet normal -0.751467 -0 -0.65977
    outer loop
      vertex 212.899 178 27.8991
      vertex 213.253 175.6 27.4959
      vertex 212.899 175.6 27.8991
    endloop
  endfacet
  facet normal -0.831419 0 -0.555646
    outer loop
      vertex 213.551 175.6 27.05
      vertex 213.253 178 27.4959
      vertex 213.551 178 27.05
    endloop
  endfacet
  facet normal -0.831419 -0 -0.555646
    outer loop
      vertex 213.253 178 27.4959
      vertex 213.551 175.6 27.05
      vertex 213.253 175.6 27.4959
    endloop
  endfacet
  facet normal -0.19504 0 -0.980795
    outer loop
      vertex 210.535 175.6 29.0649
      vertex 211.061 178 28.9603
      vertex 211.061 175.6 28.9603
    endloop
  endfacet
  facet normal -0.19504 0 -0.980795
    outer loop
      vertex 211.061 178 28.9603
      vertex 210.535 175.6 29.0649
      vertex 210.535 178 29.0649
    endloop
  endfacet
  facet normal -0.0654667 0 -0.997855
    outer loop
      vertex 210 175.6 29.1
      vertex 210.535 178 29.0649
      vertex 210.535 175.6 29.0649
    endloop
  endfacet
  facet normal -0.0654667 0 -0.997855
    outer loop
      vertex 210.535 178 29.0649
      vertex 210 175.6 29.1
      vertex 210 178 29.1
    endloop
  endfacet
  facet normal 0.980652 0 -0.195758
    outer loop
      vertex 206.04 175.6 26.0612
      vertex 205.935 178 25.5352
      vertex 206.04 178 26.0612
    endloop
  endfacet
  facet normal 0.980652 0 -0.195758
    outer loop
      vertex 205.935 178 25.5352
      vertex 206.04 175.6 26.0612
      vertex 205.935 175.6 25.5352
    endloop
  endfacet
  facet normal 0.997869 0 -0.0652567
    outer loop
      vertex 205.935 175.6 25.5352
      vertex 205.9 178 25
      vertex 205.935 178 25.5352
    endloop
  endfacet
  facet normal 0.997869 0 -0.0652567
    outer loop
      vertex 205.9 178 25
      vertex 205.935 175.6 25.5352
      vertex 205.9 175.6 25
    endloop
  endfacet
  facet normal 0.997869 -0 0.0652567
    outer loop
      vertex 205.9 175.6 25
      vertex 205.935 178 24.4648
      vertex 205.9 178 25
    endloop
  endfacet
  facet normal 0.997869 0 0.0652567
    outer loop
      vertex 205.935 178 24.4648
      vertex 205.9 175.6 25
      vertex 205.935 175.6 24.4648
    endloop
  endfacet
  facet normal 0.55556 0 -0.831476
    outer loop
      vertex 207.504 175.6 28.2527
      vertex 207.95 178 28.5507
      vertex 207.95 175.6 28.5507
    endloop
  endfacet
  facet normal 0.55556 0 -0.831476
    outer loop
      vertex 207.95 178 28.5507
      vertex 207.504 175.6 28.2527
      vertex 207.504 178 28.2527
    endloop
  endfacet
  facet normal 0.659534 0 -0.751675
    outer loop
      vertex 207.101 175.6 27.8991
      vertex 207.504 178 28.2527
      vertex 207.504 175.6 28.2527
    endloop
  endfacet
  facet normal 0.659534 0 -0.751675
    outer loop
      vertex 207.504 178 28.2527
      vertex 207.101 175.6 27.8991
      vertex 207.101 178 27.8991
    endloop
  endfacet
  facet normal 0.751467 0 -0.65977
    outer loop
      vertex 207.101 175.6 27.8991
      vertex 206.747 178 27.4959
      vertex 207.101 178 27.8991
    endloop
  endfacet
  facet normal 0.751467 0 -0.65977
    outer loop
      vertex 206.747 178 27.4959
      vertex 207.101 175.6 27.8991
      vertex 206.747 175.6 27.4959
    endloop
  endfacet
  facet normal -0.555431 0 0.831562
    outer loop
      vertex 212.05 178 21.4493
      vertex 212.496 175.6 21.7472
      vertex 212.496 178 21.7472
    endloop
  endfacet
  facet normal -0.555431 0 0.831562
    outer loop
      vertex 212.496 175.6 21.7472
      vertex 212.05 178 21.4493
      vertex 212.05 175.6 21.4493
    endloop
  endfacet
  facet normal 0.659639 0 0.751582
    outer loop
      vertex 207.101 178 22.1009
      vertex 207.504 175.6 21.7472
      vertex 207.504 178 21.7472
    endloop
  endfacet
  facet normal 0.659639 0 0.751582
    outer loop
      vertex 207.504 175.6 21.7472
      vertex 207.101 178 22.1009
      vertex 207.101 175.6 22.1009
    endloop
  endfacet
  facet normal 0.980652 -0 0.195758
    outer loop
      vertex 205.935 175.6 24.4648
      vertex 206.04 178 23.9388
      vertex 205.935 178 24.4648
    endloop
  endfacet
  facet normal 0.980652 0 0.195758
    outer loop
      vertex 206.04 178 23.9388
      vertex 205.935 175.6 24.4648
      vertex 206.04 175.6 23.9388
    endloop
  endfacet
  facet normal -0.0654667 0 0.997855
    outer loop
      vertex 210 178 20.9
      vertex 210.535 175.6 20.9351
      vertex 210.535 178 20.9351
    endloop
  endfacet
  facet normal -0.0654667 0 0.997855
    outer loop
      vertex 210.535 175.6 20.9351
      vertex 210 178 20.9
      vertex 210 175.6 20.9
    endloop
  endfacet
  facet normal -0.947143 0 -0.320812
    outer loop
      vertex 213.96 175.6 26.0612
      vertex 213.788 178 26.569
      vertex 213.96 178 26.0612
    endloop
  endfacet
  facet normal -0.947143 -0 -0.320812
    outer loop
      vertex 213.788 178 26.569
      vertex 213.96 175.6 26.0612
      vertex 213.788 175.6 26.569
    endloop
  endfacet
  facet normal -0.442284 0 -0.896875
    outer loop
      vertex 211.569 175.6 28.7879
      vertex 212.05 178 28.5507
      vertex 212.05 175.6 28.5507
    endloop
  endfacet
  facet normal -0.442284 0 -0.896875
    outer loop
      vertex 212.05 178 28.5507
      vertex 211.569 175.6 28.7879
      vertex 211.569 178 28.7879
    endloop
  endfacet
  facet normal -0.321368 0 -0.946954
    outer loop
      vertex 211.061 175.6 28.9603
      vertex 211.569 178 28.7879
      vertex 211.569 175.6 28.7879
    endloop
  endfacet
  facet normal -0.321368 0 -0.946954
    outer loop
      vertex 211.569 178 28.7879
      vertex 211.061 175.6 28.9603
      vertex 211.061 178 28.9603
    endloop
  endfacet
  facet normal 0.897023 0 -0.441984
    outer loop
      vertex 206.449 175.6 27.05
      vertex 206.212 178 26.569
      vertex 206.449 178 27.05
    endloop
  endfacet
  facet normal 0.897023 0 -0.441984
    outer loop
      vertex 206.212 178 26.569
      vertex 206.449 175.6 27.05
      vertex 206.212 175.6 26.569
    endloop
  endfacet
  facet normal 0.321368 0 -0.946954
    outer loop
      vertex 208.431 175.6 28.7879
      vertex 208.939 178 28.9603
      vertex 208.939 175.6 28.9603
    endloop
  endfacet
  facet normal 0.321368 0 -0.946954
    outer loop
      vertex 208.939 178 28.9603
      vertex 208.431 175.6 28.7879
      vertex 208.431 178 28.7879
    endloop
  endfacet
  facet normal 0.442284 0 -0.896875
    outer loop
      vertex 207.95 175.6 28.5507
      vertex 208.431 178 28.7879
      vertex 208.431 175.6 28.7879
    endloop
  endfacet
  facet normal 0.442284 0 -0.896875
    outer loop
      vertex 208.431 178 28.7879
      vertex 207.95 175.6 28.5507
      vertex 207.95 178 28.5507
    endloop
  endfacet
  facet normal -0.751467 0 0.65977
    outer loop
      vertex 212.899 175.6 22.1009
      vertex 213.253 178 22.5041
      vertex 212.899 178 22.1009
    endloop
  endfacet
  facet normal -0.751467 0 0.65977
    outer loop
      vertex 213.253 178 22.5041
      vertex 212.899 175.6 22.1009
      vertex 213.253 175.6 22.5041
    endloop
  endfacet
  facet normal -0.659639 0 0.751582
    outer loop
      vertex 212.496 178 21.7472
      vertex 212.899 175.6 22.1009
      vertex 212.899 178 22.1009
    endloop
  endfacet
  facet normal -0.659639 0 0.751582
    outer loop
      vertex 212.899 175.6 22.1009
      vertex 212.496 178 21.7472
      vertex 212.496 175.6 21.7472
    endloop
  endfacet
  facet normal -0.980652 0 0.195758
    outer loop
      vertex 213.96 175.6 23.9388
      vertex 214.065 178 24.4648
      vertex 213.96 178 23.9388
    endloop
  endfacet
  facet normal -0.980652 0 0.195758
    outer loop
      vertex 214.065 178 24.4648
      vertex 213.96 175.6 23.9388
      vertex 214.065 175.6 24.4648
    endloop
  endfacet
  facet normal -0.997869 0 0.0652567
    outer loop
      vertex 214.065 175.6 24.4648
      vertex 214.1 178 25
      vertex 214.065 178 24.4648
    endloop
  endfacet
  facet normal -0.997869 0 0.0652567
    outer loop
      vertex 214.1 178 25
      vertex 214.065 175.6 24.4648
      vertex 214.1 175.6 25
    endloop
  endfacet
  facet normal 0.321368 0 0.946954
    outer loop
      vertex 208.431 178 21.2121
      vertex 208.939 175.6 21.0397
      vertex 208.939 178 21.0397
    endloop
  endfacet
  facet normal 0.321368 0 0.946954
    outer loop
      vertex 208.939 175.6 21.0397
      vertex 208.431 178 21.2121
      vertex 208.431 175.6 21.2121
    endloop
  endfacet
  facet normal 0.751467 -0 0.65977
    outer loop
      vertex 206.747 175.6 22.5041
      vertex 207.101 178 22.1009
      vertex 206.747 178 22.5041
    endloop
  endfacet
  facet normal 0.751467 0 0.65977
    outer loop
      vertex 207.101 178 22.1009
      vertex 206.747 175.6 22.5041
      vertex 207.101 175.6 22.1009
    endloop
  endfacet
  facet normal 0.947143 -0 0.320812
    outer loop
      vertex 206.04 175.6 23.9388
      vertex 206.212 178 23.431
      vertex 206.04 178 23.9388
    endloop
  endfacet
  facet normal 0.947143 0 0.320812
    outer loop
      vertex 206.212 178 23.431
      vertex 206.04 175.6 23.9388
      vertex 206.212 175.6 23.431
    endloop
  endfacet
  facet normal 0.897023 -0 0.441984
    outer loop
      vertex 206.212 175.6 23.431
      vertex 206.449 178 22.95
      vertex 206.212 178 23.431
    endloop
  endfacet
  facet normal 0.897023 0 0.441984
    outer loop
      vertex 206.449 178 22.95
      vertex 206.212 175.6 23.431
      vertex 206.449 175.6 22.95
    endloop
  endfacet
  facet normal -0.321368 0 0.946954
    outer loop
      vertex 211.061 178 21.0397
      vertex 211.569 175.6 21.2121
      vertex 211.569 178 21.2121
    endloop
  endfacet
  facet normal -0.321368 0 0.946954
    outer loop
      vertex 211.569 175.6 21.2121
      vertex 211.061 178 21.0397
      vertex 211.061 175.6 21.0397
    endloop
  endfacet
  facet normal -0.442284 0 0.896875
    outer loop
      vertex 211.569 178 21.2121
      vertex 212.05 175.6 21.4493
      vertex 212.05 178 21.4493
    endloop
  endfacet
  facet normal -0.442284 0 0.896875
    outer loop
      vertex 212.05 175.6 21.4493
      vertex 211.569 178 21.2121
      vertex 211.569 175.6 21.2121
    endloop
  endfacet
  facet normal -0.947143 0 0.320812
    outer loop
      vertex 213.788 175.6 23.431
      vertex 213.96 178 23.9388
      vertex 213.788 178 23.431
    endloop
  endfacet
  facet normal -0.947143 0 0.320812
    outer loop
      vertex 213.96 178 23.9388
      vertex 213.788 175.6 23.431
      vertex 213.96 175.6 23.9388
    endloop
  endfacet
  facet normal 0.555431 0 0.831562
    outer loop
      vertex 207.504 178 21.7472
      vertex 207.95 175.6 21.4493
      vertex 207.95 178 21.4493
    endloop
  endfacet
  facet normal 0.555431 0 0.831562
    outer loop
      vertex 207.95 175.6 21.4493
      vertex 207.504 178 21.7472
      vertex 207.504 175.6 21.7472
    endloop
  endfacet
  facet normal 0.442284 0 0.896875
    outer loop
      vertex 207.95 178 21.4493
      vertex 208.431 175.6 21.2121
      vertex 208.431 178 21.2121
    endloop
  endfacet
  facet normal 0.442284 0 0.896875
    outer loop
      vertex 208.431 175.6 21.2121
      vertex 207.95 178 21.4493
      vertex 207.95 175.6 21.4493
    endloop
  endfacet
  facet normal 0.19504 0 0.980795
    outer loop
      vertex 208.939 178 21.0397
      vertex 209.465 175.6 20.9351
      vertex 209.465 178 20.9351
    endloop
  endfacet
  facet normal 0.19504 0 0.980795
    outer loop
      vertex 209.465 175.6 20.9351
      vertex 208.939 178 21.0397
      vertex 208.939 175.6 21.0397
    endloop
  endfacet
  facet normal 0.0654667 0 0.997855
    outer loop
      vertex 209.465 178 20.9351
      vertex 210 175.6 20.9
      vertex 210 178 20.9
    endloop
  endfacet
  facet normal 0.0654667 0 0.997855
    outer loop
      vertex 210 175.6 20.9
      vertex 209.465 178 20.9351
      vertex 209.465 175.6 20.9351
    endloop
  endfacet
endsolid OpenSCAD_Model
