solid OpenSCAD_Model
  facet normal -1 0 0
    outer loop
      vertex 0 0 0
      vertex 0 178 18
      vertex 0 178 0
    endloop
  endfacet
  facet normal -1 -0 0
    outer loop
      vertex 0 178 18
      vertex 0 0 0
      vertex 0 0 18
    endloop
  endfacet
  facet normal -0 0 1
    outer loop
      vertex 0 178 18
      vertex 5 0 18
      vertex 5 178 18
    endloop
  endfacet
  facet normal 0 0 1
    outer loop
      vertex 5 0 18
      vertex 0 178 18
      vertex 0 0 18
    endloop
  endfacet
  facet normal 1 -0 0
    outer loop
      vertex 5 0 18
      vertex 5 178 4
      vertex 5 178 18
    endloop
  endfacet
  facet normal 1 0 0
    outer loop
      vertex 5 178 4
      vertex 5 0 18
      vertex 5 0 4
    endloop
  endfacet
  facet normal 0 -1 0
    outer loop
      vertex 0 0 18
      vertex 5 0 4
      vertex 5 0 18
    endloop
  endfacet
  facet normal 0 -1 -0
    outer loop
      vertex 5 0 4
      vertex 0 0 0
      vertex 113 0 4
    endloop
  endfacet
  facet normal 0 -1 0
    outer loop
      vertex 0 0 0
      vertex 5 0 4
      vertex 0 0 18
    endloop
  endfacet
  facet normal 0 -1 0
    outer loop
      vertex 113 0 4
      vertex 118 0 18
      vertex 113 0 18
    endloop
  endfacet
  facet normal 0 -1 0
    outer loop
      vertex 113 0 4
      vertex 118 0 0
      vertex 118 0 18
    endloop
  endfacet
  facet normal 0 -1 0
    outer loop
      vertex 118 0 0
      vertex 113 0 4
      vertex 0 0 0
    endloop
  endfacet
  facet normal 0 1 0
    outer loop
      vertex 118 178 18
      vertex 113 178 4
      vertex 113 178 18
    endloop
  endfacet
  facet normal 0 1 0
    outer loop
      vertex 113 178 4
      vertex 118 178 0
      vertex 5 178 4
    endloop
  endfacet
  facet normal 0 1 -0
    outer loop
      vertex 118 178 0
      vertex 113 178 4
      vertex 118 178 18
    endloop
  endfacet
  facet normal 0 1 -0
    outer loop
      vertex 5 178 4
      vertex 0 178 18
      vertex 5 178 18
    endloop
  endfacet
  facet normal 0 1 0
    outer loop
      vertex 5 178 4
      vertex 0 178 0
      vertex 0 178 18
    endloop
  endfacet
  facet normal 0 1 0
    outer loop
      vertex 0 178 0
      vertex 5 178 4
      vertex 118 178 0
    endloop
  endfacet
  facet normal -1 0 0
    outer loop
      vertex 113 0 4
      vertex 113 178 18
      vertex 113 178 4
    endloop
  endfacet
  facet normal -1 -0 0
    outer loop
      vertex 113 178 18
      vertex 113 0 4
      vertex 113 0 18
    endloop
  endfacet
  facet normal -0 0 1
    outer loop
      vertex 113 178 18
      vertex 118 0 18
      vertex 118 178 18
    endloop
  endfacet
  facet normal 0 0 1
    outer loop
      vertex 118 0 18
      vertex 113 178 18
      vertex 113 0 18
    endloop
  endfacet
  facet normal 1 -0 0
    outer loop
      vertex 118 0 18
      vertex 118 178 0
      vertex 118 178 18
    endloop
  endfacet
  facet normal 1 0 0
    outer loop
      vertex 118 178 0
      vertex 118 0 18
      vertex 118 0 0
    endloop
  endfacet
  facet normal 0 0 1
    outer loop
      vertex 79.13 79.7527 4
      vertex 65.0976 87.4743 4
      vertex 78.7333 79.3003 4
    endloop
  endfacet
  facet normal -0 0 1
    outer loop
      vertex 64.7158 86.7 4
      vertex 78.7333 79.3003 4
      vertex 65.0976 87.4743 4
    endloop
  endfacet
  facet normal 0 0 1
    outer loop
      vertex 78.7333 79.3003 4
      vertex 64.7158 86.7 4
      vertex 78.399 78.8 4
    endloop
  endfacet
  facet normal 0 0 1
    outer loop
      vertex 78.399 78.8 4
      vertex 64.7158 86.7 4
      vertex 66.8 76.51 4
    endloop
  endfacet
  facet normal -0 0 1
    outer loop
      vertex 64.2361 85.9822 4
      vertex 66.8 76.51 4
      vertex 64.7158 86.7 4
    endloop
  endfacet
  facet normal 0 0 1
    outer loop
      vertex 66.8 76.51 4
      vertex 64.2361 85.9822 4
      vertex 64.9699 77.4125 4
    endloop
  endfacet
  facet normal -0 0 1
    outer loop
      vertex 63.6669 85.3331 4
      vertex 64.9699 77.4125 4
      vertex 64.2361 85.9822 4
    endloop
  endfacet
  facet normal -0 0 1
    outer loop
      vertex 63.0178 84.7639 4
      vertex 64.9699 77.4125 4
      vertex 63.6669 85.3331 4
    endloop
  endfacet
  facet normal 0 0 1
    outer loop
      vertex 64.9699 77.4125 4
      vertex 63.0178 84.7639 4
      vertex 63.0376 78.0684 4
    endloop
  endfacet
  facet normal -0 0 1
    outer loop
      vertex 62.3 84.2842 4
      vertex 63.0376 78.0684 4
      vertex 63.0178 84.7639 4
    endloop
  endfacet
  facet normal -0 0 1
    outer loop
      vertex 61.5257 83.9024 4
      vertex 63.0376 78.0684 4
      vertex 62.3 84.2842 4
    endloop
  endfacet
  facet normal 0 0 1
    outer loop
      vertex 61.5257 83.9024 4
      vertex 61.0362 78.4665 4
      vertex 63.0376 78.0684 4
    endloop
  endfacet
  facet normal -0 0 1
    outer loop
      vertex 60.7082 83.6249 4
      vertex 61.0362 78.4665 4
      vertex 61.5257 83.9024 4
    endloop
  endfacet
  facet normal -0 0 1
    outer loop
      vertex 59.8615 83.4565 4
      vertex 61.0362 78.4665 4
      vertex 60.7082 83.6249 4
    endloop
  endfacet
  facet normal 0 0 1
    outer loop
      vertex 59 78.6 4
      vertex 59.8615 83.4565 4
      vertex 59 83.4 4
    endloop
  endfacet
  facet normal 0 0 1
    outer loop
      vertex 59.8615 83.4565 4
      vertex 59 78.6 4
      vertex 61.0362 78.4665 4
    endloop
  endfacet
  facet normal 0 0 1
    outer loop
      vertex 58.1385 83.4565 4
      vertex 59 78.6 4
      vertex 59 83.4 4
    endloop
  endfacet
  facet normal 0 0 1
    outer loop
      vertex 56.9638 78.4665 4
      vertex 58.1385 83.4565 4
      vertex 57.2918 83.6249 4
    endloop
  endfacet
  facet normal 0 0 1
    outer loop
      vertex 58.1385 83.4565 4
      vertex 56.9638 78.4665 4
      vertex 59 78.6 4
    endloop
  endfacet
  facet normal 0 0 1
    outer loop
      vertex 56.4743 83.9024 4
      vertex 56.9638 78.4665 4
      vertex 57.2918 83.6249 4
    endloop
  endfacet
  facet normal 0 0 1
    outer loop
      vertex 54.9624 78.0684 4
      vertex 56.4743 83.9024 4
      vertex 55.7 84.2842 4
    endloop
  endfacet
  facet normal 0 0 1
    outer loop
      vertex 54.9624 78.0684 4
      vertex 55.7 84.2842 4
      vertex 54.9822 84.7639 4
    endloop
  endfacet
  facet normal 0 0 1
    outer loop
      vertex 56.4743 83.9024 4
      vertex 54.9624 78.0684 4
      vertex 56.9638 78.4665 4
    endloop
  endfacet
  facet normal 0 0 1
    outer loop
      vertex 53.0301 77.4125 4
      vertex 54.9822 84.7639 4
      vertex 54.3331 85.3331 4
    endloop
  endfacet
  facet normal 0 0 1
    outer loop
      vertex 53.0301 77.4125 4
      vertex 54.3331 85.3331 4
      vertex 53.7639 85.9822 4
    endloop
  endfacet
  facet normal 0 0 1
    outer loop
      vertex 51.2 76.51 4
      vertex 53.7639 85.9822 4
      vertex 53.2842 86.7 4
    endloop
  endfacet
  facet normal 0 0 1
    outer loop
      vertex 54.9822 84.7639 4
      vertex 53.0301 77.4125 4
      vertex 54.9624 78.0684 4
    endloop
  endfacet
  facet normal 0 0 1
    outer loop
      vertex 49.5033 75.3763 4
      vertex 53.2842 86.7 4
      vertex 52.9024 87.4743 4
    endloop
  endfacet
  facet normal 0 0 1
    outer loop
      vertex 49.5033 75.3763 4
      vertex 52.9024 87.4743 4
      vertex 52.6249 88.2918 4
    endloop
  endfacet
  facet normal 0 0 1
    outer loop
      vertex 47.9691 74.0309 4
      vertex 52.6249 88.2918 4
      vertex 52.4565 89.1385 4
    endloop
  endfacet
  facet normal 0 0 1
    outer loop
      vertex 46.6237 72.4967 4
      vertex 52.4565 89.1385 4
      vertex 52.4 90 4
    endloop
  endfacet
  facet normal 0 0 1
    outer loop
      vertex 53.7639 85.9822 4
      vertex 51.2 76.51 4
      vertex 53.0301 77.4125 4
    endloop
  endfacet
  facet normal 0 0 1
    outer loop
      vertex 113 0 4
      vertex 85.9519 49.9699 4
      vertex 85.9827 49.5 4
    endloop
  endfacet
  facet normal 0 0 1
    outer loop
      vertex 86.3664 74.2 4
      vertex 85.86 50.4317 4
      vertex 85.9519 49.9699 4
    endloop
  endfacet
  facet normal 0 0 1
    outer loop
      vertex 86.3664 74.2 4
      vertex 85.7086 50.8777 4
      vertex 85.86 50.4317 4
    endloop
  endfacet
  facet normal 0 0 1
    outer loop
      vertex 85.2388 51.6915 4
      vertex 86.0321 73.6997 4
      vertex 85.6354 73.2473 4
    endloop
  endfacet
  facet normal 0 0 1
    outer loop
      vertex 86.3664 74.2 4
      vertex 85.5004 51.3 4
      vertex 85.7086 50.8777 4
    endloop
  endfacet
  facet normal 0 0 1
    outer loop
      vertex 86.0321 73.6997 4
      vertex 85.2388 51.6915 4
      vertex 85.5004 51.3 4
    endloop
  endfacet
  facet normal 0 0 1
    outer loop
      vertex 84.9283 52.0456 4
      vertex 85.6354 73.2473 4
      vertex 85.183 72.8506 4
    endloop
  endfacet
  facet normal 0 0 1
    outer loop
      vertex 85.6354 73.2473 4
      vertex 84.9283 52.0456 4
      vertex 85.2388 51.6915 4
    endloop
  endfacet
  facet normal 0 0 1
    outer loop
      vertex 84.5742 52.3561 4
      vertex 85.183 72.8506 4
      vertex 84.6827 72.5163 4
    endloop
  endfacet
  facet normal 0 0 1
    outer loop
      vertex 85.183 72.8506 4
      vertex 84.5742 52.3561 4
      vertex 84.9283 52.0456 4
    endloop
  endfacet
  facet normal 0 0 1
    outer loop
      vertex 84.6827 72.5163 4
      vertex 84.1827 52.6177 4
      vertex 84.5742 52.3561 4
    endloop
  endfacet
  facet normal -0 0 1
    outer loop
      vertex 84.143 72.2502 4
      vertex 84.1827 52.6177 4
      vertex 84.6827 72.5163 4
    endloop
  endfacet
  facet normal 0 0 1
    outer loop
      vertex 84.143 72.2502 4
      vertex 83.7603 52.826 4
      vertex 84.1827 52.6177 4
    endloop
  endfacet
  facet normal -0 0 1
    outer loop
      vertex 83.5732 72.0567 4
      vertex 83.7603 52.826 4
      vertex 84.143 72.2502 4
    endloop
  endfacet
  facet normal 0 0 1
    outer loop
      vertex 83.5732 72.0567 4
      vertex 83.3144 52.9773 4
      vertex 83.7603 52.826 4
    endloop
  endfacet
  facet normal -0 0 1
    outer loop
      vertex 82.9831 71.9394 4
      vertex 83.3144 52.9773 4
      vertex 83.5732 72.0567 4
    endloop
  endfacet
  facet normal 0 0 1
    outer loop
      vertex 82.9831 71.9394 4
      vertex 82.8526 53.0692 4
      vertex 83.3144 52.9773 4
    endloop
  endfacet
  facet normal 0 0 1
    outer loop
      vertex 74.6 63 4
      vertex 82.9831 71.9394 4
      vertex 82.3827 71.9 4
    endloop
  endfacet
  facet normal 0 0 1
    outer loop
      vertex 82.9831 71.9394 4
      vertex 74.6 63 4
      vertex 82.8526 53.0692 4
    endloop
  endfacet
  facet normal 0 0 1
    outer loop
      vertex 82.8526 53.0692 4
      vertex 74.6 63 4
      vertex 82.3827 53.1 4
    endloop
  endfacet
  facet normal 0 0 1
    outer loop
      vertex 74.6 63 4
      vertex 82.3827 71.9 4
      vertex 81.7823 71.9394 4
    endloop
  endfacet
  facet normal -0 0 1
    outer loop
      vertex 74.4665 60.9638 4
      vertex 82.3827 53.1 4
      vertex 74.6 63 4
    endloop
  endfacet
  facet normal 0 0 1
    outer loop
      vertex 74.6 63 4
      vertex 81.7823 71.9394 4
      vertex 81.1921 72.0567 4
    endloop
  endfacet
  facet normal 0 0 1
    outer loop
      vertex 82.3827 53.1 4
      vertex 74.4665 60.9638 4
      vertex 81.9128 53.0692 4
    endloop
  endfacet
  facet normal 0 0 1
    outer loop
      vertex 74.6 63 4
      vertex 81.1921 72.0567 4
      vertex 80.6223 72.2502 4
    endloop
  endfacet
  facet normal 0 0 1
    outer loop
      vertex 81.9128 53.0692 4
      vertex 74.4665 60.9638 4
      vertex 81.4509 52.9773 4
    endloop
  endfacet
  facet normal -0 0 1
    outer loop
      vertex 74.0684 58.9624 4
      vertex 81.4509 52.9773 4
      vertex 74.4665 60.9638 4
    endloop
  endfacet
  facet normal 0 0 1
    outer loop
      vertex 74.6 63 4
      vertex 80.6223 72.2502 4
      vertex 80.0827 72.5163 4
    endloop
  endfacet
  facet normal 0 0 1
    outer loop
      vertex 81.4509 52.9773 4
      vertex 74.0684 58.9624 4
      vertex 81.005 52.826 4
    endloop
  endfacet
  facet normal 0 0 1
    outer loop
      vertex 74.6 63 4
      vertex 80.0827 72.5163 4
      vertex 79.5824 72.8506 4
    endloop
  endfacet
  facet normal 0 0 1
    outer loop
      vertex 81.005 52.826 4
      vertex 74.0684 58.9624 4
      vertex 80.5827 52.6177 4
    endloop
  endfacet
  facet normal -0 0 1
    outer loop
      vertex 73.4125 57.0301 4
      vertex 80.5827 52.6177 4
      vertex 74.0684 58.9624 4
    endloop
  endfacet
  facet normal 0 0 1
    outer loop
      vertex 74.6 63 4
      vertex 79.5824 72.8506 4
      vertex 79.13 73.2473 4
    endloop
  endfacet
  facet normal 0 0 1
    outer loop
      vertex 80.5827 52.6177 4
      vertex 73.4125 57.0301 4
      vertex 80.1911 52.3561 4
    endloop
  endfacet
  facet normal 0 0 1
    outer loop
      vertex 80.1911 52.3561 4
      vertex 73.4125 57.0301 4
      vertex 79.8371 52.0456 4
    endloop
  endfacet
  facet normal 0 0 1
    outer loop
      vertex 79.8371 52.0456 4
      vertex 73.4125 57.0301 4
      vertex 79.5266 51.6915 4
    endloop
  endfacet
  facet normal -0 0 1
    outer loop
      vertex 72.51 55.2 4
      vertex 79.5266 51.6915 4
      vertex 73.4125 57.0301 4
    endloop
  endfacet
  facet normal 0 0 1
    outer loop
      vertex 74.6 63 4
      vertex 79.13 73.2473 4
      vertex 78.7333 73.6997 4
    endloop
  endfacet
  facet normal 0 0 1
    outer loop
      vertex 113 178 4
      vertex 86.9827 76.5 4
      vertex 113 0 4
    endloop
  endfacet
  facet normal 0 0 1
    outer loop
      vertex 113 178 4
      vertex 86.9433 77.1004 4
      vertex 86.9827 76.5 4
    endloop
  endfacet
  facet normal 0 0 1
    outer loop
      vertex 113 178 4
      vertex 86.8259 77.6906 4
      vertex 86.9433 77.1004 4
    endloop
  endfacet
  facet normal 0 0 1
    outer loop
      vertex 113 178 4
      vertex 86.6325 78.2603 4
      vertex 86.8259 77.6906 4
    endloop
  endfacet
  facet normal 0 0 1
    outer loop
      vertex 113 178 4
      vertex 86.3664 78.8 4
      vertex 86.6325 78.2603 4
    endloop
  endfacet
  facet normal 0 0 1
    outer loop
      vertex 113 178 4
      vertex 86.0321 79.3003 4
      vertex 86.3664 78.8 4
    endloop
  endfacet
  facet normal 0 0 1
    outer loop
      vertex 113 178 4
      vertex 85.6354 79.7527 4
      vertex 86.0321 79.3003 4
    endloop
  endfacet
  facet normal 0 0 1
    outer loop
      vertex 113 178 4
      vertex 85.183 80.1494 4
      vertex 85.6354 79.7527 4
    endloop
  endfacet
  facet normal 0 0 1
    outer loop
      vertex 113 178 4
      vertex 84.6827 80.4837 4
      vertex 85.183 80.1494 4
    endloop
  endfacet
  facet normal 0 0 1
    outer loop
      vertex 113 178 4
      vertex 84.143 80.7498 4
      vertex 84.6827 80.4837 4
    endloop
  endfacet
  facet normal -0 0 1
    outer loop
      vertex 63.6669 94.6669 4
      vertex 84.143 80.7498 4
      vertex 113 178 4
    endloop
  endfacet
  facet normal -0 -0 1
    outer loop
      vertex 64.2361 94.0178 4
      vertex 84.143 80.7498 4
      vertex 63.6669 94.6669 4
    endloop
  endfacet
  facet normal 0 0 1
    outer loop
      vertex 84.143 80.7498 4
      vertex 64.2361 94.0178 4
      vertex 83.5732 80.9433 4
    endloop
  endfacet
  facet normal -0 -0 1
    outer loop
      vertex 64.7158 93.3 4
      vertex 82.9831 81.0606 4
      vertex 64.2361 94.0178 4
    endloop
  endfacet
  facet normal 0 0 1
    outer loop
      vertex 82.9831 81.0606 4
      vertex 64.7158 93.3 4
      vertex 82.3827 81.1 4
    endloop
  endfacet
  facet normal -0 -0 1
    outer loop
      vertex 65.0976 92.5257 4
      vertex 82.3827 81.1 4
      vertex 64.7158 93.3 4
    endloop
  endfacet
  facet normal 0 0 1
    outer loop
      vertex 82.3827 81.1 4
      vertex 65.0976 92.5257 4
      vertex 81.7823 81.0606 4
    endloop
  endfacet
  facet normal -0 -0 1
    outer loop
      vertex 65.3751 91.7082 4
      vertex 81.7823 81.0606 4
      vertex 65.0976 92.5257 4
    endloop
  endfacet
  facet normal 0 0 1
    outer loop
      vertex 81.7823 81.0606 4
      vertex 65.3751 91.7082 4
      vertex 81.1921 80.9433 4
    endloop
  endfacet
  facet normal -0 -0 1
    outer loop
      vertex 65.5435 90.8615 4
      vertex 81.1921 80.9433 4
      vertex 65.3751 91.7082 4
    endloop
  endfacet
  facet normal -0 -0 1
    outer loop
      vertex 65.6 90 4
      vertex 80.6223 80.7498 4
      vertex 65.5435 90.8615 4
    endloop
  endfacet
  facet normal 0 0 1
    outer loop
      vertex 80.6223 80.7498 4
      vertex 65.6 90 4
      vertex 80.0827 80.4837 4
    endloop
  endfacet
  facet normal 0 0 1
    outer loop
      vertex 70.0309 74.0309 4
      vertex 77.7827 76.5 4
      vertex 77.822 77.1004 4
    endloop
  endfacet
  facet normal 0 0 1
    outer loop
      vertex 70.0309 74.0309 4
      vertex 77.822 77.1004 4
      vertex 77.9394 77.6906 4
    endloop
  endfacet
  facet normal 0 0 1
    outer loop
      vertex 77.7827 76.5 4
      vertex 74.4665 65.0362 4
      vertex 74.6 63 4
    endloop
  endfacet
  facet normal 0 0 1
    outer loop
      vertex 77.7827 76.5 4
      vertex 74.0684 67.0376 4
      vertex 74.4665 65.0362 4
    endloop
  endfacet
  facet normal 0 0 1
    outer loop
      vertex 68.4967 75.3763 4
      vertex 77.9394 77.6906 4
      vertex 78.1328 78.2603 4
    endloop
  endfacet
  facet normal -0 0 1
    outer loop
      vertex 65.5435 89.1385 4
      vertex 80.0827 80.4837 4
      vertex 65.6 90 4
    endloop
  endfacet
  facet normal 0 0 1
    outer loop
      vertex 77.7827 76.5 4
      vertex 73.4125 68.9699 4
      vertex 74.0684 67.0376 4
    endloop
  endfacet
  facet normal 0 0 1
    outer loop
      vertex 77.7827 76.5 4
      vertex 72.51 70.8 4
      vertex 73.4125 68.9699 4
    endloop
  endfacet
  facet normal -0 0 1
    outer loop
      vertex 65.0976 87.4743 4
      vertex 79.13 79.7527 4
      vertex 65.3751 88.2918 4
    endloop
  endfacet
  facet normal 0 0 1
    outer loop
      vertex 77.7827 76.5 4
      vertex 71.3763 72.4967 4
      vertex 72.51 70.8 4
    endloop
  endfacet
  facet normal 0 -0 1
    outer loop
      vertex 68.4967 75.3763 4
      vertex 78.399 78.8 4
      vertex 66.8 76.51 4
    endloop
  endfacet
  facet normal 0 0 1
    outer loop
      vertex 77.7827 76.5 4
      vertex 70.0309 74.0309 4
      vertex 71.3763 72.4967 4
    endloop
  endfacet
  facet normal 0 0 1
    outer loop
      vertex 78.399 78.8 4
      vertex 68.4967 75.3763 4
      vertex 78.1328 78.2603 4
    endloop
  endfacet
  facet normal 0 0 1
    outer loop
      vertex 77.9394 77.6906 4
      vertex 68.4967 75.3763 4
      vertex 70.0309 74.0309 4
    endloop
  endfacet
  facet normal 0 0 1
    outer loop
      vertex 79.5824 80.1494 4
      vertex 65.3751 88.2918 4
      vertex 79.13 79.7527 4
    endloop
  endfacet
  facet normal -0 0 1
    outer loop
      vertex 65.3751 88.2918 4
      vertex 79.5824 80.1494 4
      vertex 65.5435 89.1385 4
    endloop
  endfacet
  facet normal 0 0 1
    outer loop
      vertex 80.0827 80.4837 4
      vertex 65.5435 89.1385 4
      vertex 79.5824 80.1494 4
    endloop
  endfacet
  facet normal 0 0 1
    outer loop
      vertex 81.1921 80.9433 4
      vertex 65.5435 90.8615 4
      vertex 80.6223 80.7498 4
    endloop
  endfacet
  facet normal 0 0 1
    outer loop
      vertex 83.5732 80.9433 4
      vertex 64.2361 94.0178 4
      vertex 82.9831 81.0606 4
    endloop
  endfacet
  facet normal 0 0 1
    outer loop
      vertex 113 178 4
      vertex 63.0178 95.2361 4
      vertex 63.6669 94.6669 4
    endloop
  endfacet
  facet normal 0 0 1
    outer loop
      vertex 113 178 4
      vertex 62.3 95.7158 4
      vertex 63.0178 95.2361 4
    endloop
  endfacet
  facet normal 0 0 1
    outer loop
      vertex 113 178 4
      vertex 61.5257 96.0976 4
      vertex 62.3 95.7158 4
    endloop
  endfacet
  facet normal 0 0 1
    outer loop
      vertex 113 178 4
      vertex 60.7082 96.3751 4
      vertex 61.5257 96.0976 4
    endloop
  endfacet
  facet normal 0 0 1
    outer loop
      vertex 113 178 4
      vertex 59.8615 96.5435 4
      vertex 60.7082 96.3751 4
    endloop
  endfacet
  facet normal 0 0 1
    outer loop
      vertex 113 178 4
      vertex 59 96.6 4
      vertex 59.8615 96.5435 4
    endloop
  endfacet
  facet normal -0 0 1
    outer loop
      vertex 5 178 4
      vertex 59 96.6 4
      vertex 113 178 4
    endloop
  endfacet
  facet normal 0 0 1
    outer loop
      vertex 59 96.6 4
      vertex 5 178 4
      vertex 58.1385 96.5435 4
    endloop
  endfacet
  facet normal 0 0 1
    outer loop
      vertex 58.1385 96.5435 4
      vertex 5 178 4
      vertex 57.2918 96.3751 4
    endloop
  endfacet
  facet normal 0 0 1
    outer loop
      vertex 57.2918 96.3751 4
      vertex 5 178 4
      vertex 56.4743 96.0976 4
    endloop
  endfacet
  facet normal 0 0 1
    outer loop
      vertex 56.4743 96.0976 4
      vertex 5 178 4
      vertex 55.7 95.7158 4
    endloop
  endfacet
  facet normal 0 0 1
    outer loop
      vertex 55.7 95.7158 4
      vertex 5 178 4
      vertex 54.9822 95.2361 4
    endloop
  endfacet
  facet normal 0 0 1
    outer loop
      vertex 54.9822 95.2361 4
      vertex 5 178 4
      vertex 54.3331 94.6669 4
    endloop
  endfacet
  facet normal 0 0 1
    outer loop
      vertex 46.6237 72.4967 4
      vertex 52.4 90 4
      vertex 52.4565 90.8615 4
    endloop
  endfacet
  facet normal 0 0 1
    outer loop
      vertex 53.2842 86.7 4
      vertex 49.5033 75.3763 4
      vertex 51.2 76.51 4
    endloop
  endfacet
  facet normal 0 0 1
    outer loop
      vertex 52.6249 88.2918 4
      vertex 47.9691 74.0309 4
      vertex 49.5033 75.3763 4
    endloop
  endfacet
  facet normal 0 0 1
    outer loop
      vertex 31.6575 53.4598 4
      vertex 52.4565 90.8615 4
      vertex 52.6249 91.7082 4
    endloop
  endfacet
  facet normal 0 0 1
    outer loop
      vertex 52.4565 89.1385 4
      vertex 46.6237 72.4967 4
      vertex 47.9691 74.0309 4
    endloop
  endfacet
  facet normal 0 0 1
    outer loop
      vertex 52.4565 90.8615 4
      vertex 45.49 70.8 4
      vertex 46.6237 72.4967 4
    endloop
  endfacet
  facet normal 0 0 1
    outer loop
      vertex 5 178 4
      vertex 52.6249 91.7082 4
      vertex 52.9024 92.5257 4
    endloop
  endfacet
  facet normal 0 0 1
    outer loop
      vertex 52.4565 90.8615 4
      vertex 31.6575 53.4598 4
      vertex 45.49 70.8 4
    endloop
  endfacet
  facet normal 0 0 1
    outer loop
      vertex 34.8864 55.0521 4
      vertex 43.4 63 4
      vertex 43.5335 65.0362 4
    endloop
  endfacet
  facet normal 0 0 1
    outer loop
      vertex 43.4 63 4
      vertex 41.1694 50.2309 4
      vertex 41.2173 49.5 4
    endloop
  endfacet
  facet normal 0 0 1
    outer loop
      vertex 43.4 63 4
      vertex 41.0265 50.9494 4
      vertex 41.1694 50.2309 4
    endloop
  endfacet
  facet normal 0 0 1
    outer loop
      vertex 43.4 63 4
      vertex 40.791 51.643 4
      vertex 41.0265 50.9494 4
    endloop
  endfacet
  facet normal 0 0 1
    outer loop
      vertex 34.1679 54.9092 4
      vertex 43.5335 65.0362 4
      vertex 43.9316 67.0376 4
    endloop
  endfacet
  facet normal 0 0 1
    outer loop
      vertex 43.4 63 4
      vertex 40.4671 52.3 4
      vertex 40.791 51.643 4
    endloop
  endfacet
  facet normal 0 0 1
    outer loop
      vertex 43.4 63 4
      vertex 40.0601 52.9091 4
      vertex 40.4671 52.3 4
    endloop
  endfacet
  facet normal 0 0 1
    outer loop
      vertex 43.4 63 4
      vertex 39.5771 53.4598 4
      vertex 40.0601 52.9091 4
    endloop
  endfacet
  facet normal 0 0 1
    outer loop
      vertex 43.4 63 4
      vertex 39.0264 53.9428 4
      vertex 39.5771 53.4598 4
    endloop
  endfacet
  facet normal 0 0 1
    outer loop
      vertex 32.8173 54.3497 4
      vertex 43.9316 67.0376 4
      vertex 44.5875 68.9699 4
    endloop
  endfacet
  facet normal 0 0 1
    outer loop
      vertex 45.49 70.8 4
      vertex 32.2083 53.9428 4
      vertex 44.5875 68.9699 4
    endloop
  endfacet
  facet normal 0 0 1
    outer loop
      vertex 43.4 63 4
      vertex 38.4173 54.3497 4
      vertex 39.0264 53.9428 4
    endloop
  endfacet
  facet normal 0 0 1
    outer loop
      vertex 43.4 63 4
      vertex 37.7603 54.6737 4
      vertex 38.4173 54.3497 4
    endloop
  endfacet
  facet normal 0 0 1
    outer loop
      vertex 43.4 63 4
      vertex 37.0667 54.9092 4
      vertex 37.7603 54.6737 4
    endloop
  endfacet
  facet normal 0 0 1
    outer loop
      vertex 43.4 63 4
      vertex 36.3483 55.0521 4
      vertex 37.0667 54.9092 4
    endloop
  endfacet
  facet normal 0 0 1
    outer loop
      vertex 43.4 63 4
      vertex 35.6173 55.1 4
      vertex 36.3483 55.0521 4
    endloop
  endfacet
  facet normal 0 0 1
    outer loop
      vertex 43.4 63 4
      vertex 34.8864 55.0521 4
      vertex 35.6173 55.1 4
    endloop
  endfacet
  facet normal 0 0 1
    outer loop
      vertex 43.5335 65.0362 4
      vertex 34.1679 54.9092 4
      vertex 34.8864 55.0521 4
    endloop
  endfacet
  facet normal 0 0 1
    outer loop
      vertex 5 178 4
      vertex 52.9024 92.5257 4
      vertex 53.2842 93.3 4
    endloop
  endfacet
  facet normal 0 0 1
    outer loop
      vertex 43.9316 67.0376 4
      vertex 33.4743 54.6737 4
      vertex 34.1679 54.9092 4
    endloop
  endfacet
  facet normal 0 0 1
    outer loop
      vertex 43.9316 67.0376 4
      vertex 32.8173 54.3497 4
      vertex 33.4743 54.6737 4
    endloop
  endfacet
  facet normal 0 0 1
    outer loop
      vertex 44.5875 68.9699 4
      vertex 32.2083 53.9428 4
      vertex 32.8173 54.3497 4
    endloop
  endfacet
  facet normal 0 0 1
    outer loop
      vertex 45.49 70.8 4
      vertex 31.6575 53.4598 4
      vertex 32.2083 53.9428 4
    endloop
  endfacet
  facet normal 0 0 1
    outer loop
      vertex 52.6249 91.7082 4
      vertex 5 178 4
      vertex 31.6575 53.4598 4
    endloop
  endfacet
  facet normal 0 0 1
    outer loop
      vertex 31.6575 53.4598 4
      vertex 5 178 4
      vertex 31.1745 52.9091 4
    endloop
  endfacet
  facet normal 0 0 1
    outer loop
      vertex 30.2081 50.9494 4
      vertex 5 0 4
      vertex 30.0652 50.2309 4
    endloop
  endfacet
  facet normal 0 0 1
    outer loop
      vertex 5 0 4
      vertex 30.2081 50.9494 4
      vertex 5 178 4
    endloop
  endfacet
  facet normal 0 0 1
    outer loop
      vertex 30.4436 51.643 4
      vertex 5 178 4
      vertex 30.2081 50.9494 4
    endloop
  endfacet
  facet normal 0 0 1
    outer loop
      vertex 30.7676 52.3 4
      vertex 5 178 4
      vertex 30.4436 51.643 4
    endloop
  endfacet
  facet normal 0 0 1
    outer loop
      vertex 31.1745 52.9091 4
      vertex 5 178 4
      vertex 30.7676 52.3 4
    endloop
  endfacet
  facet normal 0 0 1
    outer loop
      vertex 53.7639 94.0178 4
      vertex 5 178 4
      vertex 53.2842 93.3 4
    endloop
  endfacet
  facet normal 0 0 1
    outer loop
      vertex 54.3331 94.6669 4
      vertex 5 178 4
      vertex 53.7639 94.0178 4
    endloop
  endfacet
  facet normal -0 0 1
    outer loop
      vertex 86.9433 75.8996 4
      vertex 113 0 4
      vertex 86.9827 76.5 4
    endloop
  endfacet
  facet normal -0 0 1
    outer loop
      vertex 86.8259 75.3094 4
      vertex 113 0 4
      vertex 86.9433 75.8996 4
    endloop
  endfacet
  facet normal 0 0 1
    outer loop
      vertex 85.9519 49.9699 4
      vertex 86.8259 75.3094 4
      vertex 86.6325 74.7397 4
    endloop
  endfacet
  facet normal 0 0 1
    outer loop
      vertex 85.9519 49.9699 4
      vertex 86.6325 74.7397 4
      vertex 86.3664 74.2 4
    endloop
  endfacet
  facet normal 0 0 1
    outer loop
      vertex 85.5004 51.3 4
      vertex 86.3664 74.2 4
      vertex 86.0321 73.6997 4
    endloop
  endfacet
  facet normal -0 0 1
    outer loop
      vertex 85.9519 49.9699 4
      vertex 113 0 4
      vertex 86.8259 75.3094 4
    endloop
  endfacet
  facet normal -0 0 1
    outer loop
      vertex 85.9519 49.0301 4
      vertex 113 0 4
      vertex 85.9827 49.5 4
    endloop
  endfacet
  facet normal -0 0 1
    outer loop
      vertex 85.86 48.5683 4
      vertex 113 0 4
      vertex 85.9519 49.0301 4
    endloop
  endfacet
  facet normal -0 0 1
    outer loop
      vertex 85.7086 48.1223 4
      vertex 113 0 4
      vertex 85.86 48.5683 4
    endloop
  endfacet
  facet normal -0 0 1
    outer loop
      vertex 85.5004 47.7 4
      vertex 113 0 4
      vertex 85.7086 48.1223 4
    endloop
  endfacet
  facet normal -0 0 1
    outer loop
      vertex 85.2388 47.3085 4
      vertex 113 0 4
      vertex 85.5004 47.7 4
    endloop
  endfacet
  facet normal -0 0 1
    outer loop
      vertex 84.9283 46.9544 4
      vertex 113 0 4
      vertex 85.2388 47.3085 4
    endloop
  endfacet
  facet normal -0 0 1
    outer loop
      vertex 84.5742 46.6439 4
      vertex 113 0 4
      vertex 84.9283 46.9544 4
    endloop
  endfacet
  facet normal -0 0 1
    outer loop
      vertex 84.1827 46.3823 4
      vertex 113 0 4
      vertex 84.5742 46.6439 4
    endloop
  endfacet
  facet normal -0 0 1
    outer loop
      vertex 83.7603 46.174 4
      vertex 113 0 4
      vertex 84.1827 46.3823 4
    endloop
  endfacet
  facet normal -0 0 1
    outer loop
      vertex 83.3144 46.0227 4
      vertex 113 0 4
      vertex 83.7603 46.174 4
    endloop
  endfacet
  facet normal -0 0 1
    outer loop
      vertex 82.8526 45.9308 4
      vertex 113 0 4
      vertex 83.3144 46.0227 4
    endloop
  endfacet
  facet normal -0 0 1
    outer loop
      vertex 82.3827 45.9 4
      vertex 113 0 4
      vertex 82.8526 45.9308 4
    endloop
  endfacet
  facet normal 0 0 1
    outer loop
      vertex 81.9128 45.9308 4
      vertex 113 0 4
      vertex 82.3827 45.9 4
    endloop
  endfacet
  facet normal 0 0 1
    outer loop
      vertex 81.4509 46.0227 4
      vertex 113 0 4
      vertex 81.9128 45.9308 4
    endloop
  endfacet
  facet normal 0 0 1
    outer loop
      vertex 61.0362 47.5335 4
      vertex 81.4509 46.0227 4
      vertex 81.005 46.174 4
    endloop
  endfacet
  facet normal 0 0 1
    outer loop
      vertex 63.0376 47.9316 4
      vertex 81.005 46.174 4
      vertex 80.5827 46.3823 4
    endloop
  endfacet
  facet normal 0 0 1
    outer loop
      vertex 64.9699 48.5875 4
      vertex 80.5827 46.3823 4
      vertex 80.1911 46.6439 4
    endloop
  endfacet
  facet normal 0 0 1
    outer loop
      vertex 64.9699 48.5875 4
      vertex 80.1911 46.6439 4
      vertex 79.8371 46.9544 4
    endloop
  endfacet
  facet normal 0 0 1
    outer loop
      vertex 66.8 49.49 4
      vertex 79.8371 46.9544 4
      vertex 79.5266 47.3085 4
    endloop
  endfacet
  facet normal 0 0 1
    outer loop
      vertex 74.6 63 4
      vertex 78.7333 73.6997 4
      vertex 78.399 74.2 4
    endloop
  endfacet
  facet normal 0 0 1
    outer loop
      vertex 74.6 63 4
      vertex 78.399 74.2 4
      vertex 78.1328 74.7397 4
    endloop
  endfacet
  facet normal 0 0 1
    outer loop
      vertex 74.6 63 4
      vertex 78.1328 74.7397 4
      vertex 77.9394 75.3094 4
    endloop
  endfacet
  facet normal 0 0 1
    outer loop
      vertex 74.6 63 4
      vertex 77.9394 75.3094 4
      vertex 77.822 75.8996 4
    endloop
  endfacet
  facet normal 0 0 1
    outer loop
      vertex 74.6 63 4
      vertex 77.822 75.8996 4
      vertex 77.7827 76.5 4
    endloop
  endfacet
  facet normal 0 0 1
    outer loop
      vertex 79.5266 51.6915 4
      vertex 72.51 55.2 4
      vertex 79.265 51.3 4
    endloop
  endfacet
  facet normal 0 0 1
    outer loop
      vertex 79.265 51.3 4
      vertex 72.51 55.2 4
      vertex 79.0567 50.8777 4
    endloop
  endfacet
  facet normal -0 0 1
    outer loop
      vertex 71.3763 53.5033 4
      vertex 79.0567 50.8777 4
      vertex 72.51 55.2 4
    endloop
  endfacet
  facet normal 0 0 1
    outer loop
      vertex 79.0567 50.8777 4
      vertex 71.3763 53.5033 4
      vertex 78.9053 50.4317 4
    endloop
  endfacet
  facet normal 0 0 1
    outer loop
      vertex 78.9053 50.4317 4
      vertex 71.3763 53.5033 4
      vertex 78.8135 49.9699 4
    endloop
  endfacet
  facet normal 0 0 1
    outer loop
      vertex 78.8135 49.9699 4
      vertex 71.3763 53.5033 4
      vertex 78.7827 49.5 4
    endloop
  endfacet
  facet normal -0 0 1
    outer loop
      vertex 70.0309 51.9691 4
      vertex 78.7827 49.5 4
      vertex 71.3763 53.5033 4
    endloop
  endfacet
  facet normal 0 0 1
    outer loop
      vertex 78.7827 49.5 4
      vertex 70.0309 51.9691 4
      vertex 78.8135 49.0301 4
    endloop
  endfacet
  facet normal 0 0 1
    outer loop
      vertex 78.8135 49.0301 4
      vertex 70.0309 51.9691 4
      vertex 78.9053 48.5683 4
    endloop
  endfacet
  facet normal -0 0 1
    outer loop
      vertex 68.4967 50.6237 4
      vertex 78.9053 48.5683 4
      vertex 70.0309 51.9691 4
    endloop
  endfacet
  facet normal 0 0 1
    outer loop
      vertex 78.9053 48.5683 4
      vertex 68.4967 50.6237 4
      vertex 79.0567 48.1223 4
    endloop
  endfacet
  facet normal 0 0 1
    outer loop
      vertex 79.0567 48.1223 4
      vertex 68.4967 50.6237 4
      vertex 79.265 47.7 4
    endloop
  endfacet
  facet normal -0 0 1
    outer loop
      vertex 66.8 49.49 4
      vertex 79.265 47.7 4
      vertex 68.4967 50.6237 4
    endloop
  endfacet
  facet normal 0 0 1
    outer loop
      vertex 79.265 47.7 4
      vertex 66.8 49.49 4
      vertex 79.5266 47.3085 4
    endloop
  endfacet
  facet normal 0 0 1
    outer loop
      vertex 79.8371 46.9544 4
      vertex 66.8 49.49 4
      vertex 64.9699 48.5875 4
    endloop
  endfacet
  facet normal 0 0 1
    outer loop
      vertex 80.5827 46.3823 4
      vertex 64.9699 48.5875 4
      vertex 63.0376 47.9316 4
    endloop
  endfacet
  facet normal 0 0 1
    outer loop
      vertex 81.005 46.174 4
      vertex 63.0376 47.9316 4
      vertex 61.0362 47.5335 4
    endloop
  endfacet
  facet normal 0 0 1
    outer loop
      vertex 81.4509 46.0227 4
      vertex 61.0362 47.5335 4
      vertex 113 0 4
    endloop
  endfacet
  facet normal -0 0 1
    outer loop
      vertex 59 47.4 4
      vertex 113 0 4
      vertex 61.0362 47.5335 4
    endloop
  endfacet
  facet normal 0 0 1
    outer loop
      vertex 37.7603 44.3263 4
      vertex 59 47.4 4
      vertex 56.9638 47.5335 4
    endloop
  endfacet
  facet normal 0 0 1
    outer loop
      vertex 38.4173 44.6503 4
      vertex 56.9638 47.5335 4
      vertex 54.9624 47.9316 4
    endloop
  endfacet
  facet normal 0 0 1
    outer loop
      vertex 39.0264 45.0572 4
      vertex 54.9624 47.9316 4
      vertex 53.0301 48.5875 4
    endloop
  endfacet
  facet normal 0 0 1
    outer loop
      vertex 40.0601 46.0909 4
      vertex 53.0301 48.5875 4
      vertex 51.2 49.49 4
    endloop
  endfacet
  facet normal 0 0 1
    outer loop
      vertex 40.791 47.357 4
      vertex 51.2 49.49 4
      vertex 49.5033 50.6237 4
    endloop
  endfacet
  facet normal 0 0 1
    outer loop
      vertex 41.2173 49.5 4
      vertex 43.5335 60.9638 4
      vertex 43.4 63 4
    endloop
  endfacet
  facet normal 0 0 1
    outer loop
      vertex 41.2173 49.5 4
      vertex 43.9316 58.9624 4
      vertex 43.5335 60.9638 4
    endloop
  endfacet
  facet normal 0 0 1
    outer loop
      vertex 41.2173 49.5 4
      vertex 44.5875 57.0301 4
      vertex 43.9316 58.9624 4
    endloop
  endfacet
  facet normal 0 0 1
    outer loop
      vertex 41.2173 49.5 4
      vertex 45.49 55.2 4
      vertex 44.5875 57.0301 4
    endloop
  endfacet
  facet normal 0 0 1
    outer loop
      vertex 41.2173 49.5 4
      vertex 46.6237 53.5033 4
      vertex 45.49 55.2 4
    endloop
  endfacet
  facet normal 0 0 1
    outer loop
      vertex 41.2173 49.5 4
      vertex 47.9691 51.9691 4
      vertex 46.6237 53.5033 4
    endloop
  endfacet
  facet normal 0 0 1
    outer loop
      vertex 41.1694 48.7691 4
      vertex 47.9691 51.9691 4
      vertex 41.2173 49.5 4
    endloop
  endfacet
  facet normal 0 0 1
    outer loop
      vertex 47.9691 51.9691 4
      vertex 41.1694 48.7691 4
      vertex 49.5033 50.6237 4
    endloop
  endfacet
  facet normal 0 0 1
    outer loop
      vertex 41.0265 48.0506 4
      vertex 49.5033 50.6237 4
      vertex 41.1694 48.7691 4
    endloop
  endfacet
  facet normal 0 0 1
    outer loop
      vertex 40.791 47.357 4
      vertex 49.5033 50.6237 4
      vertex 41.0265 48.0506 4
    endloop
  endfacet
  facet normal 0 0 1
    outer loop
      vertex 51.2 49.49 4
      vertex 40.791 47.357 4
      vertex 40.4671 46.7 4
    endloop
  endfacet
  facet normal 0 0 1
    outer loop
      vertex 51.2 49.49 4
      vertex 40.4671 46.7 4
      vertex 40.0601 46.0909 4
    endloop
  endfacet
  facet normal 0 0 1
    outer loop
      vertex 53.0301 48.5875 4
      vertex 40.0601 46.0909 4
      vertex 39.5771 45.5402 4
    endloop
  endfacet
  facet normal 0 0 1
    outer loop
      vertex 53.0301 48.5875 4
      vertex 39.5771 45.5402 4
      vertex 39.0264 45.0572 4
    endloop
  endfacet
  facet normal 0 0 1
    outer loop
      vertex 54.9624 47.9316 4
      vertex 39.0264 45.0572 4
      vertex 38.4173 44.6503 4
    endloop
  endfacet
  facet normal 0 0 1
    outer loop
      vertex 56.9638 47.5335 4
      vertex 38.4173 44.6503 4
      vertex 37.7603 44.3263 4
    endloop
  endfacet
  facet normal 0 0 1
    outer loop
      vertex 59 47.4 4
      vertex 37.7603 44.3263 4
      vertex 5 0 4
    endloop
  endfacet
  facet normal 0 0 1
    outer loop
      vertex 5 0 4
      vertex 37.7603 44.3263 4
      vertex 37.0667 44.0908 4
    endloop
  endfacet
  facet normal 0 0 1
    outer loop
      vertex 5 0 4
      vertex 37.0667 44.0908 4
      vertex 36.3483 43.9479 4
    endloop
  endfacet
  facet normal 0 0 1
    outer loop
      vertex 5 0 4
      vertex 36.3483 43.9479 4
      vertex 35.6173 43.9 4
    endloop
  endfacet
  facet normal 0 0 1
    outer loop
      vertex 5 0 4
      vertex 35.6173 43.9 4
      vertex 34.8864 43.9479 4
    endloop
  endfacet
  facet normal 0 0 1
    outer loop
      vertex 5 0 4
      vertex 34.8864 43.9479 4
      vertex 34.1679 44.0908 4
    endloop
  endfacet
  facet normal 0 0 1
    outer loop
      vertex 5 0 4
      vertex 34.1679 44.0908 4
      vertex 33.4743 44.3263 4
    endloop
  endfacet
  facet normal 0 0 1
    outer loop
      vertex 5 0 4
      vertex 33.4743 44.3263 4
      vertex 32.8173 44.6503 4
    endloop
  endfacet
  facet normal 0 0 1
    outer loop
      vertex 30.0652 50.2309 4
      vertex 5 0 4
      vertex 30.0173 49.5 4
    endloop
  endfacet
  facet normal 0 0 1
    outer loop
      vertex 59 47.4 4
      vertex 5 0 4
      vertex 113 0 4
    endloop
  endfacet
  facet normal 0 0 1
    outer loop
      vertex 32.2083 45.0572 4
      vertex 5 0 4
      vertex 32.8173 44.6503 4
    endloop
  endfacet
  facet normal 0 0 1
    outer loop
      vertex 31.6575 45.5402 4
      vertex 5 0 4
      vertex 32.2083 45.0572 4
    endloop
  endfacet
  facet normal 0 0 1
    outer loop
      vertex 31.1745 46.0909 4
      vertex 5 0 4
      vertex 31.6575 45.5402 4
    endloop
  endfacet
  facet normal 0 0 1
    outer loop
      vertex 30.7676 46.7 4
      vertex 5 0 4
      vertex 31.1745 46.0909 4
    endloop
  endfacet
  facet normal 0 0 1
    outer loop
      vertex 30.4436 47.357 4
      vertex 5 0 4
      vertex 30.7676 46.7 4
    endloop
  endfacet
  facet normal 0 0 1
    outer loop
      vertex 30.2081 48.0506 4
      vertex 5 0 4
      vertex 30.4436 47.357 4
    endloop
  endfacet
  facet normal 0 0 1
    outer loop
      vertex 30.0652 48.7691 4
      vertex 5 0 4
      vertex 30.2081 48.0506 4
    endloop
  endfacet
  facet normal 0 0 1
    outer loop
      vertex 30.0173 49.5 4
      vertex 5 0 4
      vertex 30.0652 48.7691 4
    endloop
  endfacet
  facet normal 0 0 -1
    outer loop
      vertex 118 0 0
      vertex 114.6 3.39999 0
      vertex 118 178 0
    endloop
  endfacet
  facet normal 0 0 -1
    outer loop
      vertex 118 0 0
      vertex 3.39999 3.39999 0
      vertex 114.6 3.39999 0
    endloop
  endfacet
  facet normal -0 0 -1
    outer loop
      vertex 3.39999 3.39999 0
      vertex 0 0 0
      vertex 3.39999 174.6 0
    endloop
  endfacet
  facet normal 0 0 -1
    outer loop
      vertex 0 0 0
      vertex 3.39999 3.39999 0
      vertex 118 0 0
    endloop
  endfacet
  facet normal 0 0 -1
    outer loop
      vertex 114.6 174.6 0
      vertex 118 178 0
      vertex 114.6 3.39999 0
    endloop
  endfacet
  facet normal 0 0 -1
    outer loop
      vertex 3.39999 174.6 0
      vertex 118 178 0
      vertex 114.6 174.6 0
    endloop
  endfacet
  facet normal 0 0 -1
    outer loop
      vertex 3.39999 174.6 0
      vertex 0 178 0
      vertex 118 178 0
    endloop
  endfacet
  facet normal 0 0 -1
    outer loop
      vertex 0 178 0
      vertex 3.39999 174.6 0
      vertex 0 0 0
    endloop
  endfacet
  facet normal 0 0 -1
    outer loop
      vertex 40.791 51.643 0
      vertex 44.2436 51.677 0
      vertex 41.0265 50.9494 0
    endloop
  endfacet
  facet normal -0 0 -1
    outer loop
      vertex 44.2436 51.677 0
      vertex 40.791 51.643 0
      vertex 42.8919 53.7 0
    endloop
  endfacet
  facet normal 0 0 -1
    outer loop
      vertex 40.4671 52.3 0
      vertex 42.8919 53.7 0
      vertex 40.791 51.643 0
    endloop
  endfacet
  facet normal 0 0 -1
    outer loop
      vertex 40.0601 52.9091 0
      vertex 42.8919 53.7 0
      vertex 40.4671 52.3 0
    endloop
  endfacet
  facet normal -0 0 -1
    outer loop
      vertex 42.8919 53.7 0
      vertex 40.0601 52.9091 0
      vertex 41.8158 55.8821 0
    endloop
  endfacet
  facet normal 0 0 -1
    outer loop
      vertex 39.5771 53.4598 0
      vertex 41.8158 55.8821 0
      vertex 40.0601 52.9091 0
    endloop
  endfacet
  facet normal 0 0 -1
    outer loop
      vertex 39.0264 53.9428 0
      vertex 41.8158 55.8821 0
      vertex 39.5771 53.4598 0
    endloop
  endfacet
  facet normal 0 0 -1
    outer loop
      vertex 38.4173 54.3497 0
      vertex 41.8158 55.8821 0
      vertex 39.0264 53.9428 0
    endloop
  endfacet
  facet normal 0 0 -1
    outer loop
      vertex 80.0827 80.4837 0
      vertex 65.5435 89.1385 0
      vertex 65.6 90 0
    endloop
  endfacet
  facet normal 0 0 -1
    outer loop
      vertex 68.3 79.1081 0
      vertex 65.3751 88.2918 0
      vertex 65.5435 89.1385 0
    endloop
  endfacet
  facet normal 0 0 -1
    outer loop
      vertex 68.3 79.1081 0
      vertex 65.0976 87.4743 0
      vertex 65.3751 88.2918 0
    endloop
  endfacet
  facet normal 0 0 -1
    outer loop
      vertex 68.3 79.1081 0
      vertex 64.7158 86.7 0
      vertex 65.0976 87.4743 0
    endloop
  endfacet
  facet normal 0 0 -1
    outer loop
      vertex 66.1179 80.1842 0
      vertex 64.2361 85.9822 0
      vertex 64.7158 86.7 0
    endloop
  endfacet
  facet normal 0 0 -1
    outer loop
      vertex 63.6669 85.3331 0
      vertex 66.1179 80.1842 0
      vertex 63.814 80.9662 0
    endloop
  endfacet
  facet normal 0 0 -1
    outer loop
      vertex 66.1179 80.1842 0
      vertex 63.6669 85.3331 0
      vertex 64.2361 85.9822 0
    endloop
  endfacet
  facet normal 0 0 -1
    outer loop
      vertex 63.814 80.9662 0
      vertex 63.0178 84.7639 0
      vertex 63.6669 85.3331 0
    endloop
  endfacet
  facet normal 0 0 -1
    outer loop
      vertex 63.814 80.9662 0
      vertex 62.3 84.2842 0
      vertex 63.0178 84.7639 0
    endloop
  endfacet
  facet normal 0 0 -1
    outer loop
      vertex 61.4278 81.4409 0
      vertex 62.3 84.2842 0
      vertex 63.814 80.9662 0
    endloop
  endfacet
  facet normal 0 0 -1
    outer loop
      vertex 62.3 84.2842 0
      vertex 61.4278 81.4409 0
      vertex 61.5257 83.9024 0
    endloop
  endfacet
  facet normal 0 0 -1
    outer loop
      vertex 61.4278 81.4409 0
      vertex 60.7082 83.6249 0
      vertex 61.5257 83.9024 0
    endloop
  endfacet
  facet normal 0 0 -1
    outer loop
      vertex 61.4278 81.4409 0
      vertex 59.8615 83.4565 0
      vertex 60.7082 83.6249 0
    endloop
  endfacet
  facet normal 0 0 -1
    outer loop
      vertex 59 81.6 0
      vertex 59.8615 83.4565 0
      vertex 61.4278 81.4409 0
    endloop
  endfacet
  facet normal 0 0 -1
    outer loop
      vertex 59 81.6 0
      vertex 59 83.4 0
      vertex 59.8615 83.4565 0
    endloop
  endfacet
  facet normal 0 0 -1
    outer loop
      vertex 59 81.6 0
      vertex 58.1385 83.4565 0
      vertex 59 83.4 0
    endloop
  endfacet
  facet normal 0 0 -1
    outer loop
      vertex 56.5722 81.4409 0
      vertex 58.1385 83.4565 0
      vertex 59 81.6 0
    endloop
  endfacet
  facet normal -0 0 -1
    outer loop
      vertex 58.1385 83.4565 0
      vertex 56.5722 81.4409 0
      vertex 57.2918 83.6249 0
    endloop
  endfacet
  facet normal 0 0 -1
    outer loop
      vertex 56.5722 81.4409 0
      vertex 56.4743 83.9024 0
      vertex 57.2918 83.6249 0
    endloop
  endfacet
  facet normal 0 0 -1
    outer loop
      vertex 56.5722 81.4409 0
      vertex 55.7 84.2842 0
      vertex 56.4743 83.9024 0
    endloop
  endfacet
  facet normal 0 0 -1
    outer loop
      vertex 54.186 80.9662 0
      vertex 55.7 84.2842 0
      vertex 56.5722 81.4409 0
    endloop
  endfacet
  facet normal -0 0 -1
    outer loop
      vertex 55.7 84.2842 0
      vertex 54.186 80.9662 0
      vertex 54.9822 84.7639 0
    endloop
  endfacet
  facet normal -0 0 -1
    outer loop
      vertex 54.9822 84.7639 0
      vertex 54.186 80.9662 0
      vertex 54.3331 85.3331 0
    endloop
  endfacet
  facet normal 0 0 -1
    outer loop
      vertex 51.8821 80.1842 0
      vertex 54.3331 85.3331 0
      vertex 54.186 80.9662 0
    endloop
  endfacet
  facet normal -0 0 -1
    outer loop
      vertex 54.3331 85.3331 0
      vertex 51.8821 80.1842 0
      vertex 53.7639 85.9822 0
    endloop
  endfacet
  facet normal -0 0 -1
    outer loop
      vertex 53.7639 85.9822 0
      vertex 51.8821 80.1842 0
      vertex 53.2842 86.7 0
    endloop
  endfacet
  facet normal 0 0 -1
    outer loop
      vertex 49.7 79.1081 0
      vertex 53.2842 86.7 0
      vertex 51.8821 80.1842 0
    endloop
  endfacet
  facet normal 0 0 -1
    outer loop
      vertex 47.677 77.7564 0
      vertex 52.6249 88.2918 0
      vertex 49.7 79.1081 0
    endloop
  endfacet
  facet normal -0 0 -1
    outer loop
      vertex 52.9024 87.4743 0
      vertex 49.7 79.1081 0
      vertex 52.6249 88.2918 0
    endloop
  endfacet
  facet normal -0 0 -1
    outer loop
      vertex 53.2842 86.7 0
      vertex 49.7 79.1081 0
      vertex 52.9024 87.4743 0
    endloop
  endfacet
  facet normal 0 0 -1
    outer loop
      vertex 86.9433 77.1004 0
      vertex 110.6 7.39999 0
      vertex 86.9827 76.5 0
    endloop
  endfacet
  facet normal 0 0 -1
    outer loop
      vertex 110.6 7.39999 0
      vertex 86.9433 75.8996 0
      vertex 86.9827 76.5 0
    endloop
  endfacet
  facet normal 0 0 -1
    outer loop
      vertex 110.6 7.39999 0
      vertex 86.8259 75.3094 0
      vertex 86.9433 75.8996 0
    endloop
  endfacet
  facet normal 0 0 -1
    outer loop
      vertex 85.9519 49.9699 0
      vertex 86.8259 75.3094 0
      vertex 110.6 7.39999 0
    endloop
  endfacet
  facet normal 0 0 -1
    outer loop
      vertex 85.86 50.4317 0
      vertex 86.8259 75.3094 0
      vertex 85.9519 49.9699 0
    endloop
  endfacet
  facet normal 0 0 -1
    outer loop
      vertex 86.8259 75.3094 0
      vertex 85.86 50.4317 0
      vertex 86.6325 74.7397 0
    endloop
  endfacet
  facet normal 0 0 -1
    outer loop
      vertex 85.9519 49.9699 0
      vertex 110.6 7.39999 0
      vertex 85.9827 49.5 0
    endloop
  endfacet
  facet normal 0 0 -1
    outer loop
      vertex 110.6 7.39999 0
      vertex 85.9519 49.0301 0
      vertex 85.9827 49.5 0
    endloop
  endfacet
  facet normal 0 0 -1
    outer loop
      vertex 110.6 7.39999 0
      vertex 85.86 48.5683 0
      vertex 85.9519 49.0301 0
    endloop
  endfacet
  facet normal 0 0 -1
    outer loop
      vertex 110.6 7.39999 0
      vertex 85.7086 48.1223 0
      vertex 85.86 48.5683 0
    endloop
  endfacet
  facet normal 0 0 -1
    outer loop
      vertex 110.6 7.39999 0
      vertex 85.5004 47.7 0
      vertex 85.7086 48.1223 0
    endloop
  endfacet
  facet normal 0 0 -1
    outer loop
      vertex 110.6 7.39999 0
      vertex 85.2388 47.3085 0
      vertex 85.5004 47.7 0
    endloop
  endfacet
  facet normal 0 0 -1
    outer loop
      vertex 110.6 7.39999 0
      vertex 84.9283 46.9544 0
      vertex 85.2388 47.3085 0
    endloop
  endfacet
  facet normal 0 0 -1
    outer loop
      vertex 110.6 7.39999 0
      vertex 84.5742 46.6439 0
      vertex 84.9283 46.9544 0
    endloop
  endfacet
  facet normal 0 0 -1
    outer loop
      vertex 110.6 7.39999 0
      vertex 84.1827 46.3823 0
      vertex 84.5742 46.6439 0
    endloop
  endfacet
  facet normal 0 0 -1
    outer loop
      vertex 110.6 7.39999 0
      vertex 83.7603 46.174 0
      vertex 84.1827 46.3823 0
    endloop
  endfacet
  facet normal 0 0 -1
    outer loop
      vertex 110.6 7.39999 0
      vertex 83.3144 46.0227 0
      vertex 83.7603 46.174 0
    endloop
  endfacet
  facet normal 0 0 -1
    outer loop
      vertex 110.6 7.39999 0
      vertex 82.8526 45.9308 0
      vertex 83.3144 46.0227 0
    endloop
  endfacet
  facet normal 0 0 -1
    outer loop
      vertex 110.6 7.39999 0
      vertex 82.3827 45.9 0
      vertex 82.8526 45.9308 0
    endloop
  endfacet
  facet normal 0 0 -1
    outer loop
      vertex 110.6 7.39999 0
      vertex 81.9128 45.9308 0
      vertex 82.3827 45.9 0
    endloop
  endfacet
  facet normal 0 0 -1
    outer loop
      vertex 110.6 7.39999 0
      vertex 81.4509 46.0227 0
      vertex 81.9128 45.9308 0
    endloop
  endfacet
  facet normal 0 0 -1
    outer loop
      vertex 63.814 45.0338 0
      vertex 81.4509 46.0227 0
      vertex 110.6 7.39999 0
    endloop
  endfacet
  facet normal 0 -0 -1
    outer loop
      vertex 66.1179 45.8158 0
      vertex 81.4509 46.0227 0
      vertex 63.814 45.0338 0
    endloop
  endfacet
  facet normal -0 0 -1
    outer loop
      vertex 81.4509 46.0227 0
      vertex 66.1179 45.8158 0
      vertex 81.005 46.174 0
    endloop
  endfacet
  facet normal -0 0 -1
    outer loop
      vertex 81.005 46.174 0
      vertex 66.1179 45.8158 0
      vertex 80.5827 46.3823 0
    endloop
  endfacet
  facet normal 0 -0 -1
    outer loop
      vertex 68.3 46.8919 0
      vertex 80.5827 46.3823 0
      vertex 66.1179 45.8158 0
    endloop
  endfacet
  facet normal 0 0 -1
    outer loop
      vertex 79.265 51.3 0
      vertex 78.399 74.2 0
      vertex 78.7333 73.6997 0
    endloop
  endfacet
  facet normal 0 0 -1
    outer loop
      vertex 78.8135 49.9699 0
      vertex 77.6 63 0
      vertex 78.399 74.2 0
    endloop
  endfacet
  facet normal 0 0 -1
    outer loop
      vertex 77.4409 65.4278 0
      vertex 78.399 74.2 0
      vertex 77.6 63 0
    endloop
  endfacet
  facet normal 0 0 -1
    outer loop
      vertex 76.9662 67.814 0
      vertex 78.399 74.2 0
      vertex 77.4409 65.4278 0
    endloop
  endfacet
  facet normal 0 0 -1
    outer loop
      vertex 76.1842 70.1179 0
      vertex 78.399 74.2 0
      vertex 76.9662 67.814 0
    endloop
  endfacet
  facet normal 0 0 -1
    outer loop
      vertex 75.1081 72.3 0
      vertex 78.399 74.2 0
      vertex 76.1842 70.1179 0
    endloop
  endfacet
  facet normal 0 0 -1
    outer loop
      vertex 73.7564 51.677 0
      vertex 78.7827 49.5 0
      vertex 78.8135 49.0301 0
    endloop
  endfacet
  facet normal 0 0 -1
    outer loop
      vertex 78.8135 49.9699 0
      vertex 77.4409 60.5722 0
      vertex 77.6 63 0
    endloop
  endfacet
  facet normal 0 0 -1
    outer loop
      vertex 78.8135 49.9699 0
      vertex 76.9662 58.186 0
      vertex 77.4409 60.5722 0
    endloop
  endfacet
  facet normal 0 0 -1
    outer loop
      vertex 72.1522 49.8478 0
      vertex 78.8135 49.0301 0
      vertex 78.9053 48.5683 0
    endloop
  endfacet
  facet normal 0 0 -1
    outer loop
      vertex 78.8135 49.9699 0
      vertex 76.1842 55.8821 0
      vertex 76.9662 58.186 0
    endloop
  endfacet
  facet normal 0 0 -1
    outer loop
      vertex 72.1522 49.8478 0
      vertex 78.9053 48.5683 0
      vertex 79.0567 48.1223 0
    endloop
  endfacet
  facet normal 0 0 -1
    outer loop
      vertex 78.8135 49.9699 0
      vertex 75.1081 53.7 0
      vertex 76.1842 55.8821 0
    endloop
  endfacet
  facet normal 0 0 -1
    outer loop
      vertex 72.1522 49.8478 0
      vertex 79.0567 48.1223 0
      vertex 79.265 47.7 0
    endloop
  endfacet
  facet normal 0 0 -1
    outer loop
      vertex 70.323 48.2436 0
      vertex 79.265 47.7 0
      vertex 79.5266 47.3085 0
    endloop
  endfacet
  facet normal 0 0 -1
    outer loop
      vertex 78.8135 49.9699 0
      vertex 73.7564 51.677 0
      vertex 75.1081 53.7 0
    endloop
  endfacet
  facet normal 0 0 -1
    outer loop
      vertex 80.1911 46.6439 0
      vertex 68.3 46.8919 0
      vertex 79.8371 46.9544 0
    endloop
  endfacet
  facet normal 0 0 -1
    outer loop
      vertex 78.8135 49.0301 0
      vertex 72.1522 49.8478 0
      vertex 73.7564 51.677 0
    endloop
  endfacet
  facet normal 0 0 -1
    outer loop
      vertex 79.265 47.7 0
      vertex 70.323 48.2436 0
      vertex 72.1522 49.8478 0
    endloop
  endfacet
  facet normal 0 0 -1
    outer loop
      vertex 79.8371 46.9544 0
      vertex 70.323 48.2436 0
      vertex 79.5266 47.3085 0
    endloop
  endfacet
  facet normal 0 -0 -1
    outer loop
      vertex 70.323 48.2436 0
      vertex 79.8371 46.9544 0
      vertex 68.3 46.8919 0
    endloop
  endfacet
  facet normal 0 0 -1
    outer loop
      vertex 80.5827 46.3823 0
      vertex 68.3 46.8919 0
      vertex 80.1911 46.6439 0
    endloop
  endfacet
  facet normal 0 0 -1
    outer loop
      vertex 110.6 7.39999 0
      vertex 61.4278 44.5591 0
      vertex 63.814 45.0338 0
    endloop
  endfacet
  facet normal 0 0 -1
    outer loop
      vertex 110.6 7.39999 0
      vertex 59 44.4 0
      vertex 61.4278 44.5591 0
    endloop
  endfacet
  facet normal 0 0 -1
    outer loop
      vertex 7.39999 7.39999 0
      vertex 59 44.4 0
      vertex 110.6 7.39999 0
    endloop
  endfacet
  facet normal -0 0 -1
    outer loop
      vertex 59 44.4 0
      vertex 7.39999 7.39999 0
      vertex 56.5722 44.5591 0
    endloop
  endfacet
  facet normal -0 0 -1
    outer loop
      vertex 56.5722 44.5591 0
      vertex 7.39999 7.39999 0
      vertex 54.186 45.0338 0
    endloop
  endfacet
  facet normal 0 -0 -1
    outer loop
      vertex 37.0667 44.0908 0
      vertex 54.186 45.0338 0
      vertex 7.39999 7.39999 0
    endloop
  endfacet
  facet normal 0 0 -1
    outer loop
      vertex 41.0265 50.9494 0
      vertex 44.2436 51.677 0
      vertex 41.1694 50.2309 0
    endloop
  endfacet
  facet normal 0 0 -1
    outer loop
      vertex 41.1694 50.2309 0
      vertex 44.2436 51.677 0
      vertex 41.2173 49.5 0
    endloop
  endfacet
  facet normal -0 0 -1
    outer loop
      vertex 45.8478 49.8478 0
      vertex 41.2173 49.5 0
      vertex 44.2436 51.677 0
    endloop
  endfacet
  facet normal 0 0 -1
    outer loop
      vertex 40.791 47.357 0
      vertex 45.8478 49.8478 0
      vertex 47.677 48.2436 0
    endloop
  endfacet
  facet normal 0 0 -1
    outer loop
      vertex 40.0601 46.0909 0
      vertex 47.677 48.2436 0
      vertex 49.7 46.8919 0
    endloop
  endfacet
  facet normal 0 -0 -1
    outer loop
      vertex 37.7603 44.3263 0
      vertex 54.186 45.0338 0
      vertex 37.0667 44.0908 0
    endloop
  endfacet
  facet normal 0 0 -1
    outer loop
      vertex 45.8478 49.8478 0
      vertex 41.1694 48.7691 0
      vertex 41.2173 49.5 0
    endloop
  endfacet
  facet normal 0 0 -1
    outer loop
      vertex 45.8478 49.8478 0
      vertex 41.0265 48.0506 0
      vertex 41.1694 48.7691 0
    endloop
  endfacet
  facet normal 0 0 -1
    outer loop
      vertex 45.8478 49.8478 0
      vertex 40.791 47.357 0
      vertex 41.0265 48.0506 0
    endloop
  endfacet
  facet normal 0 0 -1
    outer loop
      vertex 47.677 48.2436 0
      vertex 40.4671 46.7 0
      vertex 40.791 47.357 0
    endloop
  endfacet
  facet normal 0 0 -1
    outer loop
      vertex 47.677 48.2436 0
      vertex 40.0601 46.0909 0
      vertex 40.4671 46.7 0
    endloop
  endfacet
  facet normal 0 0 -1
    outer loop
      vertex 49.7 46.8919 0
      vertex 39.5771 45.5402 0
      vertex 40.0601 46.0909 0
    endloop
  endfacet
  facet normal 0 0 -1
    outer loop
      vertex 49.7 46.8919 0
      vertex 39.0264 45.0572 0
      vertex 39.5771 45.5402 0
    endloop
  endfacet
  facet normal -0 0 -1
    outer loop
      vertex 51.8821 45.8158 0
      vertex 39.0264 45.0572 0
      vertex 49.7 46.8919 0
    endloop
  endfacet
  facet normal 0 -0 -1
    outer loop
      vertex 39.0264 45.0572 0
      vertex 51.8821 45.8158 0
      vertex 38.4173 44.6503 0
    endloop
  endfacet
  facet normal 0 -0 -1
    outer loop
      vertex 38.4173 44.6503 0
      vertex 51.8821 45.8158 0
      vertex 37.7603 44.3263 0
    endloop
  endfacet
  facet normal -0 0 -1
    outer loop
      vertex 54.186 45.0338 0
      vertex 37.7603 44.3263 0
      vertex 51.8821 45.8158 0
    endloop
  endfacet
  facet normal 0 0 -1
    outer loop
      vertex 37.0667 44.0908 0
      vertex 7.39999 7.39999 0
      vertex 36.3483 43.9479 0
    endloop
  endfacet
  facet normal 0 0 -1
    outer loop
      vertex 36.3483 43.9479 0
      vertex 7.39999 7.39999 0
      vertex 35.6173 43.9 0
    endloop
  endfacet
  facet normal -0 0 -1
    outer loop
      vertex 35.6173 43.9 0
      vertex 7.39999 7.39999 0
      vertex 34.8864 43.9479 0
    endloop
  endfacet
  facet normal -0 0 -1
    outer loop
      vertex 34.8864 43.9479 0
      vertex 7.39999 7.39999 0
      vertex 34.1679 44.0908 0
    endloop
  endfacet
  facet normal -0 0 -1
    outer loop
      vertex 30.0652 48.7691 0
      vertex 7.39999 7.39999 0
      vertex 30.0173 49.5 0
    endloop
  endfacet
  facet normal -0 0 -1
    outer loop
      vertex 30.2081 48.0506 0
      vertex 7.39999 7.39999 0
      vertex 30.0652 48.7691 0
    endloop
  endfacet
  facet normal -0 0 -1
    outer loop
      vertex 30.4436 47.357 0
      vertex 7.39999 7.39999 0
      vertex 30.2081 48.0506 0
    endloop
  endfacet
  facet normal -0 0 -1
    outer loop
      vertex 30.7676 46.7 0
      vertex 7.39999 7.39999 0
      vertex 30.4436 47.357 0
    endloop
  endfacet
  facet normal -0 0 -1
    outer loop
      vertex 31.1745 46.0909 0
      vertex 7.39999 7.39999 0
      vertex 30.7676 46.7 0
    endloop
  endfacet
  facet normal -0 0 -1
    outer loop
      vertex 31.6575 45.5402 0
      vertex 7.39999 7.39999 0
      vertex 31.1745 46.0909 0
    endloop
  endfacet
  facet normal -0 0 -1
    outer loop
      vertex 32.2083 45.0572 0
      vertex 7.39999 7.39999 0
      vertex 31.6575 45.5402 0
    endloop
  endfacet
  facet normal -0 0 -1
    outer loop
      vertex 32.8173 44.6503 0
      vertex 7.39999 7.39999 0
      vertex 32.2083 45.0572 0
    endloop
  endfacet
  facet normal -0 0 -1
    outer loop
      vertex 33.4743 44.3263 0
      vertex 7.39999 7.39999 0
      vertex 32.8173 44.6503 0
    endloop
  endfacet
  facet normal -0 0 -1
    outer loop
      vertex 34.1679 44.0908 0
      vertex 7.39999 7.39999 0
      vertex 33.4743 44.3263 0
    endloop
  endfacet
  facet normal 0 0 -1
    outer loop
      vertex 110.6 7.39999 0
      vertex 86.9433 77.1004 0
      vertex 110.6 170.6 0
    endloop
  endfacet
  facet normal 0 0 -1
    outer loop
      vertex 86.8259 77.6906 0
      vertex 110.6 170.6 0
      vertex 86.9433 77.1004 0
    endloop
  endfacet
  facet normal 0 0 -1
    outer loop
      vertex 86.6325 78.2603 0
      vertex 110.6 170.6 0
      vertex 86.8259 77.6906 0
    endloop
  endfacet
  facet normal 0 0 -1
    outer loop
      vertex 86.3664 78.8 0
      vertex 110.6 170.6 0
      vertex 86.6325 78.2603 0
    endloop
  endfacet
  facet normal 0 0 -1
    outer loop
      vertex 86.0321 79.3003 0
      vertex 110.6 170.6 0
      vertex 86.3664 78.8 0
    endloop
  endfacet
  facet normal 0 0 -1
    outer loop
      vertex 85.6354 79.7527 0
      vertex 110.6 170.6 0
      vertex 86.0321 79.3003 0
    endloop
  endfacet
  facet normal 0 0 -1
    outer loop
      vertex 85.183 80.1494 0
      vertex 110.6 170.6 0
      vertex 85.6354 79.7527 0
    endloop
  endfacet
  facet normal 0 0 -1
    outer loop
      vertex 84.6827 80.4837 0
      vertex 110.6 170.6 0
      vertex 85.183 80.1494 0
    endloop
  endfacet
  facet normal 0 0 -1
    outer loop
      vertex 84.143 80.7498 0
      vertex 110.6 170.6 0
      vertex 84.6827 80.4837 0
    endloop
  endfacet
  facet normal 0 0 -1
    outer loop
      vertex 83.5732 80.9433 0
      vertex 110.6 170.6 0
      vertex 84.143 80.7498 0
    endloop
  endfacet
  facet normal 0 0 -1
    outer loop
      vertex 64.2361 94.0178 0
      vertex 83.5732 80.9433 0
      vertex 82.9831 81.0606 0
    endloop
  endfacet
  facet normal 0 0 -1
    outer loop
      vertex 64.7158 93.3 0
      vertex 82.9831 81.0606 0
      vertex 82.3827 81.1 0
    endloop
  endfacet
  facet normal 0 0 -1
    outer loop
      vertex 65.0976 92.5257 0
      vertex 82.3827 81.1 0
      vertex 81.7823 81.0606 0
    endloop
  endfacet
  facet normal 0 0 -1
    outer loop
      vertex 65.3751 91.7082 0
      vertex 81.7823 81.0606 0
      vertex 81.1921 80.9433 0
    endloop
  endfacet
  facet normal 0 0 -1
    outer loop
      vertex 65.5435 90.8615 0
      vertex 81.1921 80.9433 0
      vertex 80.6223 80.7498 0
    endloop
  endfacet
  facet normal 0 0 -1
    outer loop
      vertex 65.6 90 0
      vertex 80.6223 80.7498 0
      vertex 80.0827 80.4837 0
    endloop
  endfacet
  facet normal 0 0 -1
    outer loop
      vertex 65.5435 89.1385 0
      vertex 80.0827 80.4837 0
      vertex 79.5824 80.1494 0
    endloop
  endfacet
  facet normal 0 0 -1
    outer loop
      vertex 65.5435 89.1385 0
      vertex 79.5824 80.1494 0
      vertex 79.13 79.7527 0
    endloop
  endfacet
  facet normal 0 0 -1
    outer loop
      vertex 70.323 77.7564 0
      vertex 79.13 79.7527 0
      vertex 78.7333 79.3003 0
    endloop
  endfacet
  facet normal 0 0 -1
    outer loop
      vertex 70.323 77.7564 0
      vertex 78.7333 79.3003 0
      vertex 78.399 78.8 0
    endloop
  endfacet
  facet normal 0 0 -1
    outer loop
      vertex 70.323 77.7564 0
      vertex 78.399 78.8 0
      vertex 78.1328 78.2603 0
    endloop
  endfacet
  facet normal -0 0 -1
    outer loop
      vertex 78.399 74.2 0
      vertex 75.1081 72.3 0
      vertex 78.1328 74.7397 0
    endloop
  endfacet
  facet normal -0 0 -1
    outer loop
      vertex 78.1328 74.7397 0
      vertex 75.1081 72.3 0
      vertex 77.9394 75.3094 0
    endloop
  endfacet
  facet normal 0 0 -1
    outer loop
      vertex 73.7564 74.323 0
      vertex 77.9394 75.3094 0
      vertex 75.1081 72.3 0
    endloop
  endfacet
  facet normal -0 0 -1
    outer loop
      vertex 77.9394 75.3094 0
      vertex 73.7564 74.323 0
      vertex 77.822 75.8996 0
    endloop
  endfacet
  facet normal -0 0 -1
    outer loop
      vertex 77.822 75.8996 0
      vertex 73.7564 74.323 0
      vertex 77.7827 76.5 0
    endloop
  endfacet
  facet normal -0 0 -1
    outer loop
      vertex 77.7827 76.5 0
      vertex 73.7564 74.323 0
      vertex 77.822 77.1004 0
    endloop
  endfacet
  facet normal 0 0 -1
    outer loop
      vertex 72.1522 76.1522 0
      vertex 77.822 77.1004 0
      vertex 73.7564 74.323 0
    endloop
  endfacet
  facet normal -0 0 -1
    outer loop
      vertex 77.822 77.1004 0
      vertex 72.1522 76.1522 0
      vertex 77.9394 77.6906 0
    endloop
  endfacet
  facet normal -0 0 -1
    outer loop
      vertex 77.9394 77.6906 0
      vertex 72.1522 76.1522 0
      vertex 78.1328 78.2603 0
    endloop
  endfacet
  facet normal 0 0 -1
    outer loop
      vertex 70.323 77.7564 0
      vertex 78.1328 78.2603 0
      vertex 72.1522 76.1522 0
    endloop
  endfacet
  facet normal 0 0 -1
    outer loop
      vertex 79.13 79.7527 0
      vertex 70.323 77.7564 0
      vertex 68.3 79.1081 0
    endloop
  endfacet
  facet normal 0 0 -1
    outer loop
      vertex 65.5435 89.1385 0
      vertex 79.13 79.7527 0
      vertex 68.3 79.1081 0
    endloop
  endfacet
  facet normal 0 0 -1
    outer loop
      vertex 64.7158 86.7 0
      vertex 68.3 79.1081 0
      vertex 66.1179 80.1842 0
    endloop
  endfacet
  facet normal 0 0 -1
    outer loop
      vertex 80.6223 80.7498 0
      vertex 65.6 90 0
      vertex 65.5435 90.8615 0
    endloop
  endfacet
  facet normal 0 0 -1
    outer loop
      vertex 81.1921 80.9433 0
      vertex 65.5435 90.8615 0
      vertex 65.3751 91.7082 0
    endloop
  endfacet
  facet normal 0 0 -1
    outer loop
      vertex 81.7823 81.0606 0
      vertex 65.3751 91.7082 0
      vertex 65.0976 92.5257 0
    endloop
  endfacet
  facet normal 0 0 -1
    outer loop
      vertex 82.3827 81.1 0
      vertex 65.0976 92.5257 0
      vertex 64.7158 93.3 0
    endloop
  endfacet
  facet normal 0 0 -1
    outer loop
      vertex 82.9831 81.0606 0
      vertex 64.7158 93.3 0
      vertex 64.2361 94.0178 0
    endloop
  endfacet
  facet normal 0 0 -1
    outer loop
      vertex 83.5732 80.9433 0
      vertex 64.2361 94.0178 0
      vertex 110.6 170.6 0
    endloop
  endfacet
  facet normal 0 0 -1
    outer loop
      vertex 63.6669 94.6669 0
      vertex 110.6 170.6 0
      vertex 64.2361 94.0178 0
    endloop
  endfacet
  facet normal 0 0 -1
    outer loop
      vertex 63.0178 95.2361 0
      vertex 110.6 170.6 0
      vertex 63.6669 94.6669 0
    endloop
  endfacet
  facet normal 0 0 -1
    outer loop
      vertex 62.3 95.7158 0
      vertex 110.6 170.6 0
      vertex 63.0178 95.2361 0
    endloop
  endfacet
  facet normal 0 0 -1
    outer loop
      vertex 61.5257 96.0976 0
      vertex 110.6 170.6 0
      vertex 62.3 95.7158 0
    endloop
  endfacet
  facet normal 0 0 -1
    outer loop
      vertex 60.7082 96.3751 0
      vertex 110.6 170.6 0
      vertex 61.5257 96.0976 0
    endloop
  endfacet
  facet normal 0 0 -1
    outer loop
      vertex 59.8615 96.5435 0
      vertex 110.6 170.6 0
      vertex 60.7082 96.3751 0
    endloop
  endfacet
  facet normal 0 0 -1
    outer loop
      vertex 59 96.6 0
      vertex 110.6 170.6 0
      vertex 59.8615 96.5435 0
    endloop
  endfacet
  facet normal 0 0 -1
    outer loop
      vertex 7.39999 170.6 0
      vertex 59 96.6 0
      vertex 58.1385 96.5435 0
    endloop
  endfacet
  facet normal 0 0 -1
    outer loop
      vertex 7.39999 170.6 0
      vertex 58.1385 96.5435 0
      vertex 57.2918 96.3751 0
    endloop
  endfacet
  facet normal 0 0 -1
    outer loop
      vertex 7.39999 170.6 0
      vertex 57.2918 96.3751 0
      vertex 56.4743 96.0976 0
    endloop
  endfacet
  facet normal 0 0 -1
    outer loop
      vertex 7.39999 170.6 0
      vertex 56.4743 96.0976 0
      vertex 55.7 95.7158 0
    endloop
  endfacet
  facet normal 0 0 -1
    outer loop
      vertex 7.39999 170.6 0
      vertex 55.7 95.7158 0
      vertex 54.9822 95.2361 0
    endloop
  endfacet
  facet normal 0 0 -1
    outer loop
      vertex 7.39999 170.6 0
      vertex 54.9822 95.2361 0
      vertex 54.3331 94.6669 0
    endloop
  endfacet
  facet normal 0 0 -1
    outer loop
      vertex 7.39999 170.6 0
      vertex 54.3331 94.6669 0
      vertex 53.7639 94.0178 0
    endloop
  endfacet
  facet normal -0 0 -1
    outer loop
      vertex 52.6249 88.2918 0
      vertex 47.677 77.7564 0
      vertex 52.4565 89.1385 0
    endloop
  endfacet
  facet normal -0 0 -1
    outer loop
      vertex 52.4565 89.1385 0
      vertex 47.677 77.7564 0
      vertex 52.4 90 0
    endloop
  endfacet
  facet normal 0 0 -1
    outer loop
      vertex 45.8478 76.1522 0
      vertex 52.4 90 0
      vertex 47.677 77.7564 0
    endloop
  endfacet
  facet normal -0 0 -1
    outer loop
      vertex 52.4 90 0
      vertex 45.8478 76.1522 0
      vertex 52.4565 90.8615 0
    endloop
  endfacet
  facet normal 0 0 -1
    outer loop
      vertex 44.2436 74.323 0
      vertex 52.4565 90.8615 0
      vertex 45.8478 76.1522 0
    endloop
  endfacet
  facet normal -0 0 -1
    outer loop
      vertex 52.4565 90.8615 0
      vertex 44.2436 74.323 0
      vertex 52.6249 91.7082 0
    endloop
  endfacet
  facet normal 0 0 -1
    outer loop
      vertex 7.39999 170.6 0
      vertex 52.6249 91.7082 0
      vertex 44.2436 74.323 0
    endloop
  endfacet
  facet normal 0 0 -1
    outer loop
      vertex 7.39999 170.6 0
      vertex 44.2436 74.323 0
      vertex 42.8919 72.3 0
    endloop
  endfacet
  facet normal 0 0 -1
    outer loop
      vertex 52.6249 91.7082 0
      vertex 7.39999 170.6 0
      vertex 52.9024 92.5257 0
    endloop
  endfacet
  facet normal -0 0 -1
    outer loop
      vertex 41.8158 55.8821 0
      vertex 38.4173 54.3497 0
      vertex 41.0338 58.186 0
    endloop
  endfacet
  facet normal 0 0 -1
    outer loop
      vertex 37.7603 54.6737 0
      vertex 41.0338 58.186 0
      vertex 38.4173 54.3497 0
    endloop
  endfacet
  facet normal 0 0 -1
    outer loop
      vertex 37.0667 54.9092 0
      vertex 41.0338 58.186 0
      vertex 37.7603 54.6737 0
    endloop
  endfacet
  facet normal 0 0 -1
    outer loop
      vertex 36.3483 55.0521 0
      vertex 41.0338 58.186 0
      vertex 37.0667 54.9092 0
    endloop
  endfacet
  facet normal -0 0 -1
    outer loop
      vertex 41.0338 58.186 0
      vertex 36.3483 55.0521 0
      vertex 40.5591 60.5722 0
    endloop
  endfacet
  facet normal 0 0 -1
    outer loop
      vertex 35.6173 55.1 0
      vertex 40.5591 60.5722 0
      vertex 36.3483 55.0521 0
    endloop
  endfacet
  facet normal 0 0 -1
    outer loop
      vertex 34.8864 55.0521 0
      vertex 40.5591 60.5722 0
      vertex 35.6173 55.1 0
    endloop
  endfacet
  facet normal -0 0 -1
    outer loop
      vertex 40.5591 60.5722 0
      vertex 34.8864 55.0521 0
      vertex 40.4 63 0
    endloop
  endfacet
  facet normal 0 0 -1
    outer loop
      vertex 34.1679 54.9092 0
      vertex 40.4 63 0
      vertex 34.8864 55.0521 0
    endloop
  endfacet
  facet normal 0 0 -1
    outer loop
      vertex 33.4743 54.6737 0
      vertex 40.4 63 0
      vertex 34.1679 54.9092 0
    endloop
  endfacet
  facet normal -0 0 -1
    outer loop
      vertex 40.4 63 0
      vertex 33.4743 54.6737 0
      vertex 40.5591 65.4278 0
    endloop
  endfacet
  facet normal 0 0 -1
    outer loop
      vertex 32.8173 54.3497 0
      vertex 40.5591 65.4278 0
      vertex 33.4743 54.6737 0
    endloop
  endfacet
  facet normal -0 0 -1
    outer loop
      vertex 40.5591 65.4278 0
      vertex 32.8173 54.3497 0
      vertex 41.0338 67.814 0
    endloop
  endfacet
  facet normal 0 0 -1
    outer loop
      vertex 32.2083 53.9428 0
      vertex 41.0338 67.814 0
      vertex 32.8173 54.3497 0
    endloop
  endfacet
  facet normal 0 0 -1
    outer loop
      vertex 31.6575 53.4598 0
      vertex 41.0338 67.814 0
      vertex 32.2083 53.9428 0
    endloop
  endfacet
  facet normal -0 0 -1
    outer loop
      vertex 41.0338 67.814 0
      vertex 31.6575 53.4598 0
      vertex 41.8158 70.1179 0
    endloop
  endfacet
  facet normal 0 0 -1
    outer loop
      vertex 31.1745 52.9091 0
      vertex 41.8158 70.1179 0
      vertex 31.6575 53.4598 0
    endloop
  endfacet
  facet normal 0 0 -1
    outer loop
      vertex 7.39999 170.6 0
      vertex 41.8158 70.1179 0
      vertex 31.1745 52.9091 0
    endloop
  endfacet
  facet normal 0 0 -1
    outer loop
      vertex 41.8158 70.1179 0
      vertex 7.39999 170.6 0
      vertex 42.8919 72.3 0
    endloop
  endfacet
  facet normal 0 0 -1
    outer loop
      vertex 7.39999 170.6 0
      vertex 31.1745 52.9091 0
      vertex 30.7676 52.3 0
    endloop
  endfacet
  facet normal 0 0 -1
    outer loop
      vertex 7.39999 7.39999 0
      vertex 30.0652 50.2309 0
      vertex 30.0173 49.5 0
    endloop
  endfacet
  facet normal 0 0 -1
    outer loop
      vertex 7.39999 7.39999 0
      vertex 30.2081 50.9494 0
      vertex 30.0652 50.2309 0
    endloop
  endfacet
  facet normal 0 0 -1
    outer loop
      vertex 7.39999 170.6 0
      vertex 30.2081 50.9494 0
      vertex 7.39999 7.39999 0
    endloop
  endfacet
  facet normal 0 0 -1
    outer loop
      vertex 30.2081 50.9494 0
      vertex 7.39999 170.6 0
      vertex 30.4436 51.643 0
    endloop
  endfacet
  facet normal 0 0 -1
    outer loop
      vertex 59 96.6 0
      vertex 7.39999 170.6 0
      vertex 110.6 170.6 0
    endloop
  endfacet
  facet normal 0 0 -1
    outer loop
      vertex 53.2842 93.3 0
      vertex 7.39999 170.6 0
      vertex 53.7639 94.0178 0
    endloop
  endfacet
  facet normal 0 0 -1
    outer loop
      vertex 52.9024 92.5257 0
      vertex 7.39999 170.6 0
      vertex 53.2842 93.3 0
    endloop
  endfacet
  facet normal 0 0 -1
    outer loop
      vertex 30.4436 51.643 0
      vertex 7.39999 170.6 0
      vertex 30.7676 52.3 0
    endloop
  endfacet
  facet normal 0 0 -1
    outer loop
      vertex 85.7086 50.8777 0
      vertex 86.6325 74.7397 0
      vertex 85.86 50.4317 0
    endloop
  endfacet
  facet normal 0 0 -1
    outer loop
      vertex 86.6325 74.7397 0
      vertex 85.7086 50.8777 0
      vertex 86.3664 74.2 0
    endloop
  endfacet
  facet normal 0 0 -1
    outer loop
      vertex 85.5004 51.3 0
      vertex 86.3664 74.2 0
      vertex 85.7086 50.8777 0
    endloop
  endfacet
  facet normal 0 0 -1
    outer loop
      vertex 86.3664 74.2 0
      vertex 85.5004 51.3 0
      vertex 86.0321 73.6997 0
    endloop
  endfacet
  facet normal 0 0 -1
    outer loop
      vertex 85.2388 51.6915 0
      vertex 86.0321 73.6997 0
      vertex 85.5004 51.3 0
    endloop
  endfacet
  facet normal 0 0 -1
    outer loop
      vertex 86.0321 73.6997 0
      vertex 85.2388 51.6915 0
      vertex 85.6354 73.2473 0
    endloop
  endfacet
  facet normal 0 0 -1
    outer loop
      vertex 84.9283 52.0456 0
      vertex 85.6354 73.2473 0
      vertex 85.2388 51.6915 0
    endloop
  endfacet
  facet normal 0 0 -1
    outer loop
      vertex 85.6354 73.2473 0
      vertex 84.9283 52.0456 0
      vertex 85.183 72.8506 0
    endloop
  endfacet
  facet normal 0 0 -1
    outer loop
      vertex 84.5742 52.3561 0
      vertex 85.183 72.8506 0
      vertex 84.9283 52.0456 0
    endloop
  endfacet
  facet normal 0 0 -1
    outer loop
      vertex 85.183 72.8506 0
      vertex 84.5742 52.3561 0
      vertex 84.6827 72.5163 0
    endloop
  endfacet
  facet normal 0 0 -1
    outer loop
      vertex 84.1827 52.6177 0
      vertex 84.6827 72.5163 0
      vertex 84.5742 52.3561 0
    endloop
  endfacet
  facet normal 0 0 -1
    outer loop
      vertex 84.1827 52.6177 0
      vertex 84.143 72.2502 0
      vertex 84.6827 72.5163 0
    endloop
  endfacet
  facet normal 0 0 -1
    outer loop
      vertex 83.7603 52.826 0
      vertex 84.143 72.2502 0
      vertex 84.1827 52.6177 0
    endloop
  endfacet
  facet normal 0 0 -1
    outer loop
      vertex 83.7603 52.826 0
      vertex 83.5732 72.0567 0
      vertex 84.143 72.2502 0
    endloop
  endfacet
  facet normal 0 0 -1
    outer loop
      vertex 83.3144 52.9773 0
      vertex 83.5732 72.0567 0
      vertex 83.7603 52.826 0
    endloop
  endfacet
  facet normal 0 0 -1
    outer loop
      vertex 83.3144 52.9773 0
      vertex 82.9831 71.9394 0
      vertex 83.5732 72.0567 0
    endloop
  endfacet
  facet normal 0 0 -1
    outer loop
      vertex 82.8526 53.0692 0
      vertex 82.9831 71.9394 0
      vertex 83.3144 52.9773 0
    endloop
  endfacet
  facet normal 0 0 -1
    outer loop
      vertex 82.3827 53.1 0
      vertex 82.9831 71.9394 0
      vertex 82.8526 53.0692 0
    endloop
  endfacet
  facet normal 0 0 -1
    outer loop
      vertex 82.3827 53.1 0
      vertex 82.3827 71.9 0
      vertex 82.9831 71.9394 0
    endloop
  endfacet
  facet normal 0 0 -1
    outer loop
      vertex 81.9128 53.0692 0
      vertex 82.3827 71.9 0
      vertex 82.3827 53.1 0
    endloop
  endfacet
  facet normal 0 0 -1
    outer loop
      vertex 81.9128 53.0692 0
      vertex 81.7823 71.9394 0
      vertex 82.3827 71.9 0
    endloop
  endfacet
  facet normal 0 0 -1
    outer loop
      vertex 81.4509 52.9773 0
      vertex 81.7823 71.9394 0
      vertex 81.9128 53.0692 0
    endloop
  endfacet
  facet normal 0 0 -1
    outer loop
      vertex 81.4509 52.9773 0
      vertex 81.1921 72.0567 0
      vertex 81.7823 71.9394 0
    endloop
  endfacet
  facet normal 0 0 -1
    outer loop
      vertex 81.005 52.826 0
      vertex 81.1921 72.0567 0
      vertex 81.4509 52.9773 0
    endloop
  endfacet
  facet normal 0 0 -1
    outer loop
      vertex 81.005 52.826 0
      vertex 80.6223 72.2502 0
      vertex 81.1921 72.0567 0
    endloop
  endfacet
  facet normal 0 0 -1
    outer loop
      vertex 80.5827 52.6177 0
      vertex 80.6223 72.2502 0
      vertex 81.005 52.826 0
    endloop
  endfacet
  facet normal 0 0 -1
    outer loop
      vertex 80.0827 72.5163 0
      vertex 80.5827 52.6177 0
      vertex 80.1911 52.3561 0
    endloop
  endfacet
  facet normal 0 0 -1
    outer loop
      vertex 80.5827 52.6177 0
      vertex 80.0827 72.5163 0
      vertex 80.6223 72.2502 0
    endloop
  endfacet
  facet normal 0 0 -1
    outer loop
      vertex 79.5824 72.8506 0
      vertex 80.1911 52.3561 0
      vertex 79.8371 52.0456 0
    endloop
  endfacet
  facet normal 0 0 -1
    outer loop
      vertex 80.1911 52.3561 0
      vertex 79.5824 72.8506 0
      vertex 80.0827 72.5163 0
    endloop
  endfacet
  facet normal 0 0 -1
    outer loop
      vertex 79.13 73.2473 0
      vertex 79.8371 52.0456 0
      vertex 79.5266 51.6915 0
    endloop
  endfacet
  facet normal 0 0 -1
    outer loop
      vertex 78.7333 73.6997 0
      vertex 79.5266 51.6915 0
      vertex 79.265 51.3 0
    endloop
  endfacet
  facet normal 0 0 -1
    outer loop
      vertex 79.8371 52.0456 0
      vertex 79.13 73.2473 0
      vertex 79.5824 72.8506 0
    endloop
  endfacet
  facet normal 0 0 -1
    outer loop
      vertex 78.399 74.2 0
      vertex 79.265 51.3 0
      vertex 79.0567 50.8777 0
    endloop
  endfacet
  facet normal 0 0 -1
    outer loop
      vertex 78.399 74.2 0
      vertex 79.0567 50.8777 0
      vertex 78.9053 50.4317 0
    endloop
  endfacet
  facet normal 0 0 -1
    outer loop
      vertex 78.399 74.2 0
      vertex 78.9053 50.4317 0
      vertex 78.8135 49.9699 0
    endloop
  endfacet
  facet normal 0 0 -1
    outer loop
      vertex 73.7564 51.677 0
      vertex 78.8135 49.9699 0
      vertex 78.7827 49.5 0
    endloop
  endfacet
  facet normal 0 0 -1
    outer loop
      vertex 79.5266 51.6915 0
      vertex 78.7333 73.6997 0
      vertex 79.13 73.2473 0
    endloop
  endfacet
  facet normal 0 0 -1
    outer loop
      vertex 114.6 3.39999 -5
      vertex 110.6 7.39999 -5
      vertex 114.6 174.6 -5
    endloop
  endfacet
  facet normal 0 0 -1
    outer loop
      vertex 114.6 3.39999 -5
      vertex 7.39999 7.39999 -5
      vertex 110.6 7.39999 -5
    endloop
  endfacet
  facet normal -0 0 -1
    outer loop
      vertex 7.39999 7.39999 -5
      vertex 3.39999 3.39999 -5
      vertex 7.39999 170.6 -5
    endloop
  endfacet
  facet normal 0 0 -1
    outer loop
      vertex 3.39999 3.39999 -5
      vertex 7.39999 7.39999 -5
      vertex 114.6 3.39999 -5
    endloop
  endfacet
  facet normal 0 0 -1
    outer loop
      vertex 110.6 170.6 -5
      vertex 114.6 174.6 -5
      vertex 110.6 7.39999 -5
    endloop
  endfacet
  facet normal 0 0 -1
    outer loop
      vertex 7.39999 170.6 -5
      vertex 114.6 174.6 -5
      vertex 110.6 170.6 -5
    endloop
  endfacet
  facet normal 0 0 -1
    outer loop
      vertex 7.39999 170.6 -5
      vertex 3.39999 174.6 -5
      vertex 114.6 174.6 -5
    endloop
  endfacet
  facet normal 0 0 -1
    outer loop
      vertex 3.39999 174.6 -5
      vertex 7.39999 170.6 -5
      vertex 3.39999 3.39999 -5
    endloop
  endfacet
  facet normal 0 1 -0
    outer loop
      vertex 114.6 174.6 -5
      vertex 3.39999 174.6 0
      vertex 114.6 174.6 0
    endloop
  endfacet
  facet normal 0 1 0
    outer loop
      vertex 3.39999 174.6 0
      vertex 114.6 174.6 -5
      vertex 3.39999 174.6 -5
    endloop
  endfacet
  facet normal -1 0 0
    outer loop
      vertex 3.39999 3.39999 -5
      vertex 3.39999 174.6 0
      vertex 3.39999 174.6 -5
    endloop
  endfacet
  facet normal -1 -0 0
    outer loop
      vertex 3.39999 174.6 0
      vertex 3.39999 3.39999 -5
      vertex 3.39999 3.39999 0
    endloop
  endfacet
  facet normal 0 -1 0
    outer loop
      vertex 3.39999 3.39999 -5
      vertex 114.6 3.39999 0
      vertex 3.39999 3.39999 0
    endloop
  endfacet
  facet normal 0 -1 -0
    outer loop
      vertex 114.6 3.39999 0
      vertex 3.39999 3.39999 -5
      vertex 114.6 3.39999 -5
    endloop
  endfacet
  facet normal 1 -0 0
    outer loop
      vertex 114.6 3.39999 0
      vertex 114.6 174.6 -5
      vertex 114.6 174.6 0
    endloop
  endfacet
  facet normal 1 0 0
    outer loop
      vertex 114.6 174.6 -5
      vertex 114.6 3.39999 0
      vertex 114.6 3.39999 -5
    endloop
  endfacet
  facet normal 1 -0 0
    outer loop
      vertex 7.39999 7.39999 0
      vertex 7.39999 170.6 -5
      vertex 7.39999 170.6 0
    endloop
  endfacet
  facet normal 1 0 0
    outer loop
      vertex 7.39999 170.6 -5
      vertex 7.39999 7.39999 0
      vertex 7.39999 7.39999 -5
    endloop
  endfacet
  facet normal 0 -1 0
    outer loop
      vertex 7.39999 170.6 -5
      vertex 110.6 170.6 0
      vertex 7.39999 170.6 0
    endloop
  endfacet
  facet normal 0 -1 -0
    outer loop
      vertex 110.6 170.6 0
      vertex 7.39999 170.6 -5
      vertex 110.6 170.6 -5
    endloop
  endfacet
  facet normal -1 0 0
    outer loop
      vertex 110.6 7.39999 -5
      vertex 110.6 170.6 0
      vertex 110.6 170.6 -5
    endloop
  endfacet
  facet normal -1 -0 0
    outer loop
      vertex 110.6 170.6 0
      vertex 110.6 7.39999 -5
      vertex 110.6 7.39999 0
    endloop
  endfacet
  facet normal 0 1 -0
    outer loop
      vertex 110.6 7.39999 -5
      vertex 7.39999 7.39999 0
      vertex 110.6 7.39999 0
    endloop
  endfacet
  facet normal 0 1 0
    outer loop
      vertex 7.39999 7.39999 0
      vertex 110.6 7.39999 -5
      vertex 7.39999 7.39999 -5
    endloop
  endfacet
  facet normal 0.99786 0.0653923 0
    outer loop
      vertex 77.6 63 0
      vertex 77.4409 65.4278 -15
      vertex 77.4409 65.4278 0
    endloop
  endfacet
  facet normal 0.99786 0.0653923 0
    outer loop
      vertex 77.4409 65.4278 -15
      vertex 77.6 63 0
      vertex 77.6 63 -15
    endloop
  endfacet
  facet normal -0.0653923 0.99786 0
    outer loop
      vertex 59 81.6 -15
      vertex 56.5722 81.4409 0
      vertex 59 81.6 0
    endloop
  endfacet
  facet normal -0.0653923 0.99786 0
    outer loop
      vertex 56.5722 81.4409 0
      vertex 59 81.6 -15
      vertex 56.5722 81.4409 -15
    endloop
  endfacet
  facet normal 0.0653923 -0.99786 0
    outer loop
      vertex 59 44.4 -15
      vertex 61.4278 44.5591 0
      vertex 59 44.4 0
    endloop
  endfacet
  facet normal 0.0653923 -0.99786 0
    outer loop
      vertex 61.4278 44.5591 0
      vertex 59 44.4 -15
      vertex 61.4278 44.5591 -15
    endloop
  endfacet
  facet normal 0.659354 0.751833 -0
    outer loop
      vertex 72.1522 76.1522 -15
      vertex 70.323 77.7564 0
      vertex 72.1522 76.1522 0
    endloop
  endfacet
  facet normal 0.659354 0.751833 0
    outer loop
      vertex 70.323 77.7564 0
      vertex 72.1522 76.1522 -15
      vertex 70.323 77.7564 -15
    endloop
  endfacet
  facet normal -0.751833 0.659354 0
    outer loop
      vertex 44.2436 74.323 -15
      vertex 45.8478 76.1522 0
      vertex 45.8478 76.1522 -15
    endloop
  endfacet
  facet normal -0.751833 0.659354 0
    outer loop
      vertex 45.8478 76.1522 0
      vertex 44.2436 74.323 -15
      vertex 44.2436 74.323 0
    endloop
  endfacet
  facet normal -0.442291 0.896872 0
    outer loop
      vertex 51.8821 80.1842 -15
      vertex 49.7 79.1081 0
      vertex 51.8821 80.1842 0
    endloop
  endfacet
  facet normal -0.442291 0.896872 0
    outer loop
      vertex 49.7 79.1081 0
      vertex 51.8821 80.1842 -15
      vertex 49.7 79.1081 -15
    endloop
  endfacet
  facet normal 0.896872 -0.442291 0
    outer loop
      vertex 75.1081 53.7 0
      vertex 76.1842 55.8821 -15
      vertex 76.1842 55.8821 0
    endloop
  endfacet
  facet normal 0.896872 -0.442291 0
    outer loop
      vertex 76.1842 55.8821 -15
      vertex 75.1081 53.7 0
      vertex 75.1081 53.7 -15
    endloop
  endfacet
  facet normal 0.896872 0.442291 0
    outer loop
      vertex 76.1842 70.1179 0
      vertex 75.1081 72.3 -15
      vertex 75.1081 72.3 0
    endloop
  endfacet
  facet normal 0.896872 0.442291 0
    outer loop
      vertex 75.1081 72.3 -15
      vertex 76.1842 70.1179 0
      vertex 76.1842 70.1179 -15
    endloop
  endfacet
  facet normal 0.321414 0.946939 -0
    outer loop
      vertex 66.1179 80.1842 -15
      vertex 63.814 80.9662 0
      vertex 66.1179 80.1842 0
    endloop
  endfacet
  facet normal 0.321414 0.946939 0
    outer loop
      vertex 63.814 80.9662 0
      vertex 66.1179 80.1842 -15
      vertex 63.814 80.9662 -15
    endloop
  endfacet
  facet normal 0.195112 0.980781 -0
    outer loop
      vertex 63.814 80.9662 -15
      vertex 61.4278 81.4409 0
      vertex 63.814 80.9662 0
    endloop
  endfacet
  facet normal 0.195112 0.980781 0
    outer loop
      vertex 61.4278 81.4409 0
      vertex 63.814 80.9662 -15
      vertex 61.4278 81.4409 -15
    endloop
  endfacet
  facet normal 0.442291 0.896872 -0
    outer loop
      vertex 68.3 79.1081 -15
      vertex 66.1179 80.1842 0
      vertex 68.3 79.1081 0
    endloop
  endfacet
  facet normal 0.442291 0.896872 0
    outer loop
      vertex 66.1179 80.1842 0
      vertex 68.3 79.1081 -15
      vertex 66.1179 80.1842 -15
    endloop
  endfacet
  facet normal -0.946939 0.321414 0
    outer loop
      vertex 41.0338 67.814 -15
      vertex 41.8158 70.1179 0
      vertex 41.8158 70.1179 -15
    endloop
  endfacet
  facet normal -0.946939 0.321414 0
    outer loop
      vertex 41.8158 70.1179 0
      vertex 41.0338 67.814 -15
      vertex 41.0338 67.814 0
    endloop
  endfacet
  facet normal -0.896872 0.442291 0
    outer loop
      vertex 41.8158 70.1179 -15
      vertex 42.8919 72.3 0
      vertex 42.8919 72.3 -15
    endloop
  endfacet
  facet normal -0.896872 0.442291 0
    outer loop
      vertex 42.8919 72.3 0
      vertex 41.8158 70.1179 -15
      vertex 41.8158 70.1179 0
    endloop
  endfacet
  facet normal -0.980781 0.195112 0
    outer loop
      vertex 40.5591 65.4278 -15
      vertex 41.0338 67.814 0
      vertex 41.0338 67.814 -15
    endloop
  endfacet
  facet normal -0.980781 0.195112 0
    outer loop
      vertex 41.0338 67.814 0
      vertex 40.5591 65.4278 -15
      vertex 40.5591 65.4278 0
    endloop
  endfacet
  facet normal -0.659354 0.751833 0
    outer loop
      vertex 47.677 77.7564 -15
      vertex 45.8478 76.1522 0
      vertex 47.677 77.7564 0
    endloop
  endfacet
  facet normal -0.659354 0.751833 0
    outer loop
      vertex 45.8478 76.1522 0
      vertex 47.677 77.7564 -15
      vertex 45.8478 76.1522 -15
    endloop
  endfacet
  facet normal -0.321414 0.946939 0
    outer loop
      vertex 54.186 80.9662 -15
      vertex 51.8821 80.1842 0
      vertex 54.186 80.9662 0
    endloop
  endfacet
  facet normal -0.321414 0.946939 0
    outer loop
      vertex 51.8821 80.1842 0
      vertex 54.186 80.9662 -15
      vertex 51.8821 80.1842 -15
    endloop
  endfacet
  facet normal -0.195112 -0.980781 0
    outer loop
      vertex 54.186 45.0338 -15
      vertex 56.5722 44.5591 0
      vertex 54.186 45.0338 0
    endloop
  endfacet
  facet normal -0.195112 -0.980781 -0
    outer loop
      vertex 56.5722 44.5591 0
      vertex 54.186 45.0338 -15
      vertex 56.5722 44.5591 -15
    endloop
  endfacet
  facet normal -0.659354 -0.751833 0
    outer loop
      vertex 45.8478 49.8478 -15
      vertex 47.677 48.2436 0
      vertex 45.8478 49.8478 0
    endloop
  endfacet
  facet normal -0.659354 -0.751833 -0
    outer loop
      vertex 47.677 48.2436 0
      vertex 45.8478 49.8478 -15
      vertex 47.677 48.2436 -15
    endloop
  endfacet
  facet normal 0.946939 0.321414 0
    outer loop
      vertex 76.9662 67.814 0
      vertex 76.1842 70.1179 -15
      vertex 76.1842 70.1179 0
    endloop
  endfacet
  facet normal 0.946939 0.321414 0
    outer loop
      vertex 76.1842 70.1179 -15
      vertex 76.9662 67.814 0
      vertex 76.9662 67.814 -15
    endloop
  endfacet
  facet normal 0.980781 0.195112 0
    outer loop
      vertex 77.4409 65.4278 0
      vertex 76.9662 67.814 -15
      vertex 76.9662 67.814 0
    endloop
  endfacet
  facet normal 0.980781 0.195112 0
    outer loop
      vertex 76.9662 67.814 -15
      vertex 77.4409 65.4278 0
      vertex 77.4409 65.4278 -15
    endloop
  endfacet
  facet normal 0.751833 0.659354 0
    outer loop
      vertex 73.7564 74.323 0
      vertex 72.1522 76.1522 -15
      vertex 72.1522 76.1522 0
    endloop
  endfacet
  facet normal 0.751833 0.659354 0
    outer loop
      vertex 72.1522 76.1522 -15
      vertex 73.7564 74.323 0
      vertex 73.7564 74.323 -15
    endloop
  endfacet
  facet normal 0.831474 0.555563 0
    outer loop
      vertex 75.1081 72.3 0
      vertex 73.7564 74.323 -15
      vertex 73.7564 74.323 0
    endloop
  endfacet
  facet normal 0.831474 0.555563 0
    outer loop
      vertex 73.7564 74.323 -15
      vertex 75.1081 72.3 0
      vertex 75.1081 72.3 -15
    endloop
  endfacet
  facet normal 0.0653923 0.99786 -0
    outer loop
      vertex 61.4278 81.4409 -15
      vertex 59 81.6 0
      vertex 61.4278 81.4409 0
    endloop
  endfacet
  facet normal 0.0653923 0.99786 0
    outer loop
      vertex 59 81.6 0
      vertex 61.4278 81.4409 -15
      vertex 59 81.6 -15
    endloop
  endfacet
  facet normal 0.555563 0.831474 -0
    outer loop
      vertex 70.323 77.7564 -15
      vertex 68.3 79.1081 0
      vertex 70.323 77.7564 0
    endloop
  endfacet
  facet normal 0.555563 0.831474 0
    outer loop
      vertex 68.3 79.1081 0
      vertex 70.323 77.7564 -15
      vertex 68.3 79.1081 -15
    endloop
  endfacet
  facet normal 0 0 -1
    outer loop
      vertex 71.5 63 -15
      vertex 77.6 63 -15
      vertex 77.4409 60.5722 -15
    endloop
  endfacet
  facet normal 0 0 -1
    outer loop
      vertex 71.3931 61.3684 -15
      vertex 77.4409 60.5722 -15
      vertex 76.9662 58.186 -15
    endloop
  endfacet
  facet normal 0 0 -1
    outer loop
      vertex 77.6 63 -15
      vertex 71.5 63 -15
      vertex 77.4409 65.4278 -15
    endloop
  endfacet
  facet normal 0 0 -1
    outer loop
      vertex 71.0741 59.7648 -15
      vertex 76.9662 58.186 -15
      vertex 76.1842 55.8821 -15
    endloop
  endfacet
  facet normal 0 0 -1
    outer loop
      vertex 71.3931 64.6316 -15
      vertex 77.4409 65.4278 -15
      vertex 71.5 63 -15
    endloop
  endfacet
  facet normal 0 0 -1
    outer loop
      vertex 70.5485 58.2165 -15
      vertex 76.1842 55.8821 -15
      vertex 75.1081 53.7 -15
    endloop
  endfacet
  facet normal -0 0 -1
    outer loop
      vertex 77.4409 65.4278 -15
      vertex 71.3931 64.6316 -15
      vertex 76.9662 67.814 -15
    endloop
  endfacet
  facet normal 0 0 -1
    outer loop
      vertex 69.8253 56.75 -15
      vertex 75.1081 53.7 -15
      vertex 73.7564 51.677 -15
    endloop
  endfacet
  facet normal 0 0 -1
    outer loop
      vertex 71.0741 66.2352 -15
      vertex 76.9662 67.814 -15
      vertex 71.3931 64.6316 -15
    endloop
  endfacet
  facet normal 0 0 -1
    outer loop
      vertex 68.9169 55.3905 -15
      vertex 73.7564 51.677 -15
      vertex 72.1522 49.8478 -15
    endloop
  endfacet
  facet normal -0 0 -1
    outer loop
      vertex 76.9662 67.814 -15
      vertex 71.0741 66.2352 -15
      vertex 76.1842 70.1179 -15
    endloop
  endfacet
  facet normal 0 0 -1
    outer loop
      vertex 70.5485 67.7835 -15
      vertex 76.1842 70.1179 -15
      vertex 71.0741 66.2352 -15
    endloop
  endfacet
  facet normal 0 0 -1
    outer loop
      vertex 77.4409 60.5722 -15
      vertex 71.3931 61.3684 -15
      vertex 71.5 63 -15
    endloop
  endfacet
  facet normal 0 0 -1
    outer loop
      vertex 76.9662 58.186 -15
      vertex 71.0741 59.7648 -15
      vertex 71.3931 61.3684 -15
    endloop
  endfacet
  facet normal 0 0 -1
    outer loop
      vertex 76.1842 55.8821 -15
      vertex 70.5485 58.2165 -15
      vertex 71.0741 59.7648 -15
    endloop
  endfacet
  facet normal 0 0 -1
    outer loop
      vertex 67.8388 54.1612 -15
      vertex 72.1522 49.8478 -15
      vertex 70.323 48.2436 -15
    endloop
  endfacet
  facet normal 0 0 -1
    outer loop
      vertex 75.1081 53.7 -15
      vertex 69.8253 56.75 -15
      vertex 70.5485 58.2165 -15
    endloop
  endfacet
  facet normal 0 0 -1
    outer loop
      vertex 73.7564 51.677 -15
      vertex 68.9169 55.3905 -15
      vertex 69.8253 56.75 -15
    endloop
  endfacet
  facet normal 0 0 -1
    outer loop
      vertex 66.6095 53.0831 -15
      vertex 70.323 48.2436 -15
      vertex 68.3 46.8919 -15
    endloop
  endfacet
  facet normal 0 0 -1
    outer loop
      vertex 72.1522 49.8478 -15
      vertex 67.8388 54.1612 -15
      vertex 68.9169 55.3905 -15
    endloop
  endfacet
  facet normal 0 0 -1
    outer loop
      vertex 70.323 48.2436 -15
      vertex 66.6095 53.0831 -15
      vertex 67.8388 54.1612 -15
    endloop
  endfacet
  facet normal 0 0 -1
    outer loop
      vertex 65.25 52.1747 -15
      vertex 68.3 46.8919 -15
      vertex 66.1179 45.8158 -15
    endloop
  endfacet
  facet normal 0 0 -1
    outer loop
      vertex 68.3 46.8919 -15
      vertex 65.25 52.1747 -15
      vertex 66.6095 53.0831 -15
    endloop
  endfacet
  facet normal 0 0 -1
    outer loop
      vertex 63.7835 51.4515 -15
      vertex 66.1179 45.8158 -15
      vertex 63.814 45.0338 -15
    endloop
  endfacet
  facet normal 0 0 -1
    outer loop
      vertex 66.1179 45.8158 -15
      vertex 63.7835 51.4515 -15
      vertex 65.25 52.1747 -15
    endloop
  endfacet
  facet normal 0 0 -1
    outer loop
      vertex 63.814 45.0338 -15
      vertex 62.2352 50.9259 -15
      vertex 63.7835 51.4515 -15
    endloop
  endfacet
  facet normal 0 0 -1
    outer loop
      vertex 61.4278 44.5591 -15
      vertex 62.2352 50.9259 -15
      vertex 63.814 45.0338 -15
    endloop
  endfacet
  facet normal 0 0 -1
    outer loop
      vertex 61.4278 44.5591 -15
      vertex 60.6316 50.6069 -15
      vertex 62.2352 50.9259 -15
    endloop
  endfacet
  facet normal 0 0 -1
    outer loop
      vertex 59 44.4 -15
      vertex 60.6316 50.6069 -15
      vertex 61.4278 44.5591 -15
    endloop
  endfacet
  facet normal 0 0 -1
    outer loop
      vertex 59 44.4 -15
      vertex 59 50.5 -15
      vertex 60.6316 50.6069 -15
    endloop
  endfacet
  facet normal 0 0 -1
    outer loop
      vertex 59 44.4 -15
      vertex 57.3684 50.6069 -15
      vertex 59 50.5 -15
    endloop
  endfacet
  facet normal 0 0 -1
    outer loop
      vertex 56.5722 44.5591 -15
      vertex 57.3684 50.6069 -15
      vertex 59 44.4 -15
    endloop
  endfacet
  facet normal 0 0 -1
    outer loop
      vertex 56.5722 44.5591 -15
      vertex 55.7648 50.9259 -15
      vertex 57.3684 50.6069 -15
    endloop
  endfacet
  facet normal 0 0 -1
    outer loop
      vertex 54.186 45.0338 -15
      vertex 55.7648 50.9259 -15
      vertex 56.5722 44.5591 -15
    endloop
  endfacet
  facet normal -0 0 -1
    outer loop
      vertex 55.7648 50.9259 -15
      vertex 54.186 45.0338 -15
      vertex 54.2165 51.4515 -15
    endloop
  endfacet
  facet normal 0 0 -1
    outer loop
      vertex 51.8821 45.8158 -15
      vertex 54.2165 51.4515 -15
      vertex 54.186 45.0338 -15
    endloop
  endfacet
  facet normal -0 0 -1
    outer loop
      vertex 54.2165 51.4515 -15
      vertex 51.8821 45.8158 -15
      vertex 52.75 52.1747 -15
    endloop
  endfacet
  facet normal 0 0 -1
    outer loop
      vertex 49.7 46.8919 -15
      vertex 52.75 52.1747 -15
      vertex 51.8821 45.8158 -15
    endloop
  endfacet
  facet normal -0 0 -1
    outer loop
      vertex 52.75 52.1747 -15
      vertex 49.7 46.8919 -15
      vertex 51.3905 53.0831 -15
    endloop
  endfacet
  facet normal 0 0 -1
    outer loop
      vertex 47.677 48.2436 -15
      vertex 51.3905 53.0831 -15
      vertex 49.7 46.8919 -15
    endloop
  endfacet
  facet normal -0 0 -1
    outer loop
      vertex 51.3905 53.0831 -15
      vertex 47.677 48.2436 -15
      vertex 50.1612 54.1612 -15
    endloop
  endfacet
  facet normal 0 0 -1
    outer loop
      vertex 45.8478 49.8478 -15
      vertex 50.1612 54.1612 -15
      vertex 47.677 48.2436 -15
    endloop
  endfacet
  facet normal -0 0 -1
    outer loop
      vertex 50.1612 54.1612 -15
      vertex 45.8478 49.8478 -15
      vertex 49.0831 55.3905 -15
    endloop
  endfacet
  facet normal 0 0 -1
    outer loop
      vertex 44.2436 51.677 -15
      vertex 49.0831 55.3905 -15
      vertex 45.8478 49.8478 -15
    endloop
  endfacet
  facet normal -0 0 -1
    outer loop
      vertex 49.0831 55.3905 -15
      vertex 44.2436 51.677 -15
      vertex 48.1747 56.75 -15
    endloop
  endfacet
  facet normal 0 0 -1
    outer loop
      vertex 42.8919 53.7 -15
      vertex 48.1747 56.75 -15
      vertex 44.2436 51.677 -15
    endloop
  endfacet
  facet normal 0 0 -1
    outer loop
      vertex 41.8158 55.8821 -15
      vertex 47.4515 58.2165 -15
      vertex 42.8919 53.7 -15
    endloop
  endfacet
  facet normal -0 0 -1
    outer loop
      vertex 48.1747 56.75 -15
      vertex 42.8919 53.7 -15
      vertex 47.4515 58.2165 -15
    endloop
  endfacet
  facet normal -0 0 -1
    outer loop
      vertex 76.1842 70.1179 -15
      vertex 70.5485 67.7835 -15
      vertex 75.1081 72.3 -15
    endloop
  endfacet
  facet normal 0 0 -1
    outer loop
      vertex 69.8253 69.25 -15
      vertex 75.1081 72.3 -15
      vertex 70.5485 67.7835 -15
    endloop
  endfacet
  facet normal -0 0 -1
    outer loop
      vertex 75.1081 72.3 -15
      vertex 69.8253 69.25 -15
      vertex 73.7564 74.323 -15
    endloop
  endfacet
  facet normal 0 0 -1
    outer loop
      vertex 68.9169 70.6095 -15
      vertex 73.7564 74.323 -15
      vertex 69.8253 69.25 -15
    endloop
  endfacet
  facet normal -0 0 -1
    outer loop
      vertex 73.7564 74.323 -15
      vertex 68.9169 70.6095 -15
      vertex 72.1522 76.1522 -15
    endloop
  endfacet
  facet normal 0 0 -1
    outer loop
      vertex 67.8388 71.8388 -15
      vertex 72.1522 76.1522 -15
      vertex 68.9169 70.6095 -15
    endloop
  endfacet
  facet normal -0 0 -1
    outer loop
      vertex 72.1522 76.1522 -15
      vertex 67.8388 71.8388 -15
      vertex 70.323 77.7564 -15
    endloop
  endfacet
  facet normal 0 0 -1
    outer loop
      vertex 66.6095 72.9169 -15
      vertex 70.323 77.7564 -15
      vertex 67.8388 71.8388 -15
    endloop
  endfacet
  facet normal -0 0 -1
    outer loop
      vertex 70.323 77.7564 -15
      vertex 66.6095 72.9169 -15
      vertex 68.3 79.1081 -15
    endloop
  endfacet
  facet normal 0 0 -1
    outer loop
      vertex 65.25 73.8253 -15
      vertex 68.3 79.1081 -15
      vertex 66.6095 72.9169 -15
    endloop
  endfacet
  facet normal -0 0 -1
    outer loop
      vertex 68.3 79.1081 -15
      vertex 65.25 73.8253 -15
      vertex 66.1179 80.1842 -15
    endloop
  endfacet
  facet normal 0 0 -1
    outer loop
      vertex 63.7835 74.5485 -15
      vertex 66.1179 80.1842 -15
      vertex 65.25 73.8253 -15
    endloop
  endfacet
  facet normal -0 0 -1
    outer loop
      vertex 66.1179 80.1842 -15
      vertex 63.7835 74.5485 -15
      vertex 63.814 80.9662 -15
    endloop
  endfacet
  facet normal 0 0 -1
    outer loop
      vertex 62.2352 75.0741 -15
      vertex 63.814 80.9662 -15
      vertex 63.7835 74.5485 -15
    endloop
  endfacet
  facet normal 0 0 -1
    outer loop
      vertex 62.2352 75.0741 -15
      vertex 61.4278 81.4409 -15
      vertex 63.814 80.9662 -15
    endloop
  endfacet
  facet normal 0 0 -1
    outer loop
      vertex 60.6316 75.3931 -15
      vertex 61.4278 81.4409 -15
      vertex 62.2352 75.0741 -15
    endloop
  endfacet
  facet normal 0 0 -1
    outer loop
      vertex 59 75.5 -15
      vertex 61.4278 81.4409 -15
      vertex 60.6316 75.3931 -15
    endloop
  endfacet
  facet normal 0 0 -1
    outer loop
      vertex 59 75.5 -15
      vertex 59 81.6 -15
      vertex 61.4278 81.4409 -15
    endloop
  endfacet
  facet normal 0 0 -1
    outer loop
      vertex 57.3684 75.3931 -15
      vertex 59 81.6 -15
      vertex 59 75.5 -15
    endloop
  endfacet
  facet normal 0 0 -1
    outer loop
      vertex 57.3684 75.3931 -15
      vertex 56.5722 81.4409 -15
      vertex 59 81.6 -15
    endloop
  endfacet
  facet normal 0 0 -1
    outer loop
      vertex 55.7648 75.0741 -15
      vertex 56.5722 81.4409 -15
      vertex 57.3684 75.3931 -15
    endloop
  endfacet
  facet normal 0 0 -1
    outer loop
      vertex 54.186 80.9662 -15
      vertex 55.7648 75.0741 -15
      vertex 54.2165 74.5485 -15
    endloop
  endfacet
  facet normal 0 0 -1
    outer loop
      vertex 55.7648 75.0741 -15
      vertex 54.186 80.9662 -15
      vertex 56.5722 81.4409 -15
    endloop
  endfacet
  facet normal 0 0 -1
    outer loop
      vertex 51.8821 80.1842 -15
      vertex 54.2165 74.5485 -15
      vertex 52.75 73.8253 -15
    endloop
  endfacet
  facet normal 0 0 -1
    outer loop
      vertex 54.2165 74.5485 -15
      vertex 51.8821 80.1842 -15
      vertex 54.186 80.9662 -15
    endloop
  endfacet
  facet normal 0 0 -1
    outer loop
      vertex 49.7 79.1081 -15
      vertex 52.75 73.8253 -15
      vertex 51.3905 72.9169 -15
    endloop
  endfacet
  facet normal 0 0 -1
    outer loop
      vertex 47.677 77.7564 -15
      vertex 51.3905 72.9169 -15
      vertex 50.1612 71.8388 -15
    endloop
  endfacet
  facet normal 0 0 -1
    outer loop
      vertex 52.75 73.8253 -15
      vertex 49.7 79.1081 -15
      vertex 51.8821 80.1842 -15
    endloop
  endfacet
  facet normal 0 0 -1
    outer loop
      vertex 45.8478 76.1522 -15
      vertex 50.1612 71.8388 -15
      vertex 49.0831 70.6095 -15
    endloop
  endfacet
  facet normal 0 0 -1
    outer loop
      vertex 44.2436 74.323 -15
      vertex 49.0831 70.6095 -15
      vertex 48.1747 69.25 -15
    endloop
  endfacet
  facet normal 0 0 -1
    outer loop
      vertex 51.3905 72.9169 -15
      vertex 47.677 77.7564 -15
      vertex 49.7 79.1081 -15
    endloop
  endfacet
  facet normal 0 0 -1
    outer loop
      vertex 42.8919 72.3 -15
      vertex 48.1747 69.25 -15
      vertex 47.4515 67.7835 -15
    endloop
  endfacet
  facet normal 0 0 -1
    outer loop
      vertex 41.8158 70.1179 -15
      vertex 47.4515 67.7835 -15
      vertex 46.9259 66.2352 -15
    endloop
  endfacet
  facet normal 0 0 -1
    outer loop
      vertex 41.0338 67.814 -15
      vertex 46.9259 66.2352 -15
      vertex 46.6069 64.6316 -15
    endloop
  endfacet
  facet normal 0 0 -1
    outer loop
      vertex 50.1612 71.8388 -15
      vertex 45.8478 76.1522 -15
      vertex 47.677 77.7564 -15
    endloop
  endfacet
  facet normal 0 0 -1
    outer loop
      vertex 40.5591 65.4278 -15
      vertex 46.6069 64.6316 -15
      vertex 46.5 63 -15
    endloop
  endfacet
  facet normal -0 0 -1
    outer loop
      vertex 47.4515 58.2165 -15
      vertex 41.8158 55.8821 -15
      vertex 46.9259 59.7648 -15
    endloop
  endfacet
  facet normal 0 0 -1
    outer loop
      vertex 41.0338 58.186 -15
      vertex 46.9259 59.7648 -15
      vertex 41.8158 55.8821 -15
    endloop
  endfacet
  facet normal 0 0 -1
    outer loop
      vertex 49.0831 70.6095 -15
      vertex 44.2436 74.323 -15
      vertex 45.8478 76.1522 -15
    endloop
  endfacet
  facet normal -0 0 -1
    outer loop
      vertex 46.9259 59.7648 -15
      vertex 41.0338 58.186 -15
      vertex 46.6069 61.3684 -15
    endloop
  endfacet
  facet normal 0 0 -1
    outer loop
      vertex 48.1747 69.25 -15
      vertex 42.8919 72.3 -15
      vertex 44.2436 74.323 -15
    endloop
  endfacet
  facet normal 0 0 -1
    outer loop
      vertex 40.5591 60.5722 -15
      vertex 46.6069 61.3684 -15
      vertex 41.0338 58.186 -15
    endloop
  endfacet
  facet normal 0 0 -1
    outer loop
      vertex 47.4515 67.7835 -15
      vertex 41.8158 70.1179 -15
      vertex 42.8919 72.3 -15
    endloop
  endfacet
  facet normal -0 0 -1
    outer loop
      vertex 46.6069 61.3684 -15
      vertex 40.5591 60.5722 -15
      vertex 46.5 63 -15
    endloop
  endfacet
  facet normal 0 0 -1
    outer loop
      vertex 46.9259 66.2352 -15
      vertex 41.0338 67.814 -15
      vertex 41.8158 70.1179 -15
    endloop
  endfacet
  facet normal 0 0 -1
    outer loop
      vertex 40.4 63 -15
      vertex 46.5 63 -15
      vertex 40.5591 60.5722 -15
    endloop
  endfacet
  facet normal 0 0 -1
    outer loop
      vertex 46.6069 64.6316 -15
      vertex 40.5591 65.4278 -15
      vertex 41.0338 67.814 -15
    endloop
  endfacet
  facet normal 0 0 -1
    outer loop
      vertex 46.5 63 -15
      vertex 40.4 63 -15
      vertex 40.5591 65.4278 -15
    endloop
  endfacet
  facet normal -0.831474 0.555563 0
    outer loop
      vertex 42.8919 72.3 -15
      vertex 44.2436 74.323 0
      vertex 44.2436 74.323 -15
    endloop
  endfacet
  facet normal -0.831474 0.555563 0
    outer loop
      vertex 44.2436 74.323 0
      vertex 42.8919 72.3 -15
      vertex 42.8919 72.3 0
    endloop
  endfacet
  facet normal -0.99786 0.0653923 0
    outer loop
      vertex 40.4 63 -15
      vertex 40.5591 65.4278 0
      vertex 40.5591 65.4278 -15
    endloop
  endfacet
  facet normal -0.99786 0.0653923 0
    outer loop
      vertex 40.5591 65.4278 0
      vertex 40.4 63 -15
      vertex 40.4 63 0
    endloop
  endfacet
  facet normal -0.195112 0.980781 0
    outer loop
      vertex 56.5722 81.4409 -15
      vertex 54.186 80.9662 0
      vertex 56.5722 81.4409 0
    endloop
  endfacet
  facet normal -0.195112 0.980781 0
    outer loop
      vertex 54.186 80.9662 0
      vertex 56.5722 81.4409 -15
      vertex 54.186 80.9662 -15
    endloop
  endfacet
  facet normal 0.99786 -0.0653923 0
    outer loop
      vertex 77.4409 60.5722 0
      vertex 77.6 63 -15
      vertex 77.6 63 0
    endloop
  endfacet
  facet normal 0.99786 -0.0653923 0
    outer loop
      vertex 77.6 63 -15
      vertex 77.4409 60.5722 0
      vertex 77.4409 60.5722 -15
    endloop
  endfacet
  facet normal 0.195112 -0.980781 0
    outer loop
      vertex 61.4278 44.5591 -15
      vertex 63.814 45.0338 0
      vertex 61.4278 44.5591 0
    endloop
  endfacet
  facet normal 0.195112 -0.980781 0
    outer loop
      vertex 63.814 45.0338 0
      vertex 61.4278 44.5591 -15
      vertex 63.814 45.0338 -15
    endloop
  endfacet
  facet normal 0.442291 -0.896872 0
    outer loop
      vertex 66.1179 45.8158 -15
      vertex 68.3 46.8919 0
      vertex 66.1179 45.8158 0
    endloop
  endfacet
  facet normal 0.442291 -0.896872 0
    outer loop
      vertex 68.3 46.8919 0
      vertex 66.1179 45.8158 -15
      vertex 68.3 46.8919 -15
    endloop
  endfacet
  facet normal 0.555563 -0.831474 0
    outer loop
      vertex 68.3 46.8919 -15
      vertex 70.323 48.2436 0
      vertex 68.3 46.8919 0
    endloop
  endfacet
  facet normal 0.555563 -0.831474 0
    outer loop
      vertex 70.323 48.2436 0
      vertex 68.3 46.8919 -15
      vertex 70.323 48.2436 -15
    endloop
  endfacet
  facet normal 0.751833 -0.659354 0
    outer loop
      vertex 72.1522 49.8478 0
      vertex 73.7564 51.677 -15
      vertex 73.7564 51.677 0
    endloop
  endfacet
  facet normal 0.751833 -0.659354 0
    outer loop
      vertex 73.7564 51.677 -15
      vertex 72.1522 49.8478 0
      vertex 72.1522 49.8478 -15
    endloop
  endfacet
  facet normal 0.659354 -0.751833 0
    outer loop
      vertex 70.323 48.2436 -15
      vertex 72.1522 49.8478 0
      vertex 70.323 48.2436 0
    endloop
  endfacet
  facet normal 0.659354 -0.751833 0
    outer loop
      vertex 72.1522 49.8478 0
      vertex 70.323 48.2436 -15
      vertex 72.1522 49.8478 -15
    endloop
  endfacet
  facet normal 0.831474 -0.555563 0
    outer loop
      vertex 73.7564 51.677 0
      vertex 75.1081 53.7 -15
      vertex 75.1081 53.7 0
    endloop
  endfacet
  facet normal 0.831474 -0.555563 0
    outer loop
      vertex 75.1081 53.7 -15
      vertex 73.7564 51.677 0
      vertex 73.7564 51.677 -15
    endloop
  endfacet
  facet normal -0.442291 -0.896872 0
    outer loop
      vertex 49.7 46.8919 -15
      vertex 51.8821 45.8158 0
      vertex 49.7 46.8919 0
    endloop
  endfacet
  facet normal -0.442291 -0.896872 -0
    outer loop
      vertex 51.8821 45.8158 0
      vertex 49.7 46.8919 -15
      vertex 51.8821 45.8158 -15
    endloop
  endfacet
  facet normal -0.555563 -0.831474 0
    outer loop
      vertex 47.677 48.2436 -15
      vertex 49.7 46.8919 0
      vertex 47.677 48.2436 0
    endloop
  endfacet
  facet normal -0.555563 -0.831474 -0
    outer loop
      vertex 49.7 46.8919 0
      vertex 47.677 48.2436 -15
      vertex 49.7 46.8919 -15
    endloop
  endfacet
  facet normal -0.321414 -0.946939 0
    outer loop
      vertex 51.8821 45.8158 -15
      vertex 54.186 45.0338 0
      vertex 51.8821 45.8158 0
    endloop
  endfacet
  facet normal -0.321414 -0.946939 -0
    outer loop
      vertex 54.186 45.0338 0
      vertex 51.8821 45.8158 -15
      vertex 54.186 45.0338 -15
    endloop
  endfacet
  facet normal -0.0653923 -0.99786 0
    outer loop
      vertex 56.5722 44.5591 -15
      vertex 59 44.4 0
      vertex 56.5722 44.5591 0
    endloop
  endfacet
  facet normal -0.0653923 -0.99786 -0
    outer loop
      vertex 59 44.4 0
      vertex 56.5722 44.5591 -15
      vertex 59 44.4 -15
    endloop
  endfacet
  facet normal -0.831474 -0.555563 0
    outer loop
      vertex 44.2436 51.677 -15
      vertex 42.8919 53.7 0
      vertex 42.8919 53.7 -15
    endloop
  endfacet
  facet normal -0.831474 -0.555563 0
    outer loop
      vertex 42.8919 53.7 0
      vertex 44.2436 51.677 -15
      vertex 44.2436 51.677 0
    endloop
  endfacet
  facet normal -0.896872 -0.442291 0
    outer loop
      vertex 42.8919 53.7 -15
      vertex 41.8158 55.8821 0
      vertex 41.8158 55.8821 -15
    endloop
  endfacet
  facet normal -0.896872 -0.442291 0
    outer loop
      vertex 41.8158 55.8821 0
      vertex 42.8919 53.7 -15
      vertex 42.8919 53.7 0
    endloop
  endfacet
  facet normal -0.980781 -0.195112 0
    outer loop
      vertex 41.0338 58.186 -15
      vertex 40.5591 60.5722 0
      vertex 40.5591 60.5722 -15
    endloop
  endfacet
  facet normal -0.980781 -0.195112 0
    outer loop
      vertex 40.5591 60.5722 0
      vertex 41.0338 58.186 -15
      vertex 41.0338 58.186 0
    endloop
  endfacet
  facet normal -0.99786 -0.0653923 0
    outer loop
      vertex 40.5591 60.5722 -15
      vertex 40.4 63 0
      vertex 40.4 63 -15
    endloop
  endfacet
  facet normal -0.99786 -0.0653923 0
    outer loop
      vertex 40.4 63 0
      vertex 40.5591 60.5722 -15
      vertex 40.5591 60.5722 0
    endloop
  endfacet
  facet normal -0.555563 0.831474 0
    outer loop
      vertex 49.7 79.1081 -15
      vertex 47.677 77.7564 0
      vertex 49.7 79.1081 0
    endloop
  endfacet
  facet normal -0.555563 0.831474 0
    outer loop
      vertex 47.677 77.7564 0
      vertex 49.7 79.1081 -15
      vertex 47.677 77.7564 -15
    endloop
  endfacet
  facet normal 0.946939 -0.321414 0
    outer loop
      vertex 76.1842 55.8821 0
      vertex 76.9662 58.186 -15
      vertex 76.9662 58.186 0
    endloop
  endfacet
  facet normal 0.946939 -0.321414 0
    outer loop
      vertex 76.9662 58.186 -15
      vertex 76.1842 55.8821 0
      vertex 76.1842 55.8821 -15
    endloop
  endfacet
  facet normal 0.321414 -0.946939 0
    outer loop
      vertex 63.814 45.0338 -15
      vertex 66.1179 45.8158 0
      vertex 63.814 45.0338 0
    endloop
  endfacet
  facet normal 0.321414 -0.946939 0
    outer loop
      vertex 66.1179 45.8158 0
      vertex 63.814 45.0338 -15
      vertex 66.1179 45.8158 -15
    endloop
  endfacet
  facet normal -0.751833 -0.659354 0
    outer loop
      vertex 45.8478 49.8478 -15
      vertex 44.2436 51.677 0
      vertex 44.2436 51.677 -15
    endloop
  endfacet
  facet normal -0.751833 -0.659354 0
    outer loop
      vertex 44.2436 51.677 0
      vertex 45.8478 49.8478 -15
      vertex 45.8478 49.8478 0
    endloop
  endfacet
  facet normal -0.946939 -0.321414 0
    outer loop
      vertex 41.8158 55.8821 -15
      vertex 41.0338 58.186 0
      vertex 41.0338 58.186 -15
    endloop
  endfacet
  facet normal -0.946939 -0.321414 0
    outer loop
      vertex 41.0338 58.186 0
      vertex 41.8158 55.8821 -15
      vertex 41.8158 55.8821 0
    endloop
  endfacet
  facet normal 0.980781 -0.195112 0
    outer loop
      vertex 76.9662 58.186 0
      vertex 77.4409 60.5722 -15
      vertex 77.4409 60.5722 0
    endloop
  endfacet
  facet normal 0.980781 -0.195112 0
    outer loop
      vertex 77.4409 60.5722 -15
      vertex 76.9662 58.186 0
      vertex 76.9662 58.186 -15
    endloop
  endfacet
  facet normal -0.997856 -0.0654427 0
    outer loop
      vertex 65.6 90 0
      vertex 65.5435 90.8615 4
      vertex 65.5435 90.8615 0
    endloop
  endfacet
  facet normal -0.997856 -0.0654427 0
    outer loop
      vertex 65.5435 90.8615 4
      vertex 65.6 90 0
      vertex 65.6 90 4
    endloop
  endfacet
  facet normal 0.0654427 -0.997856 0
    outer loop
      vertex 58.1385 96.5435 0
      vertex 59 96.6 4
      vertex 58.1385 96.5435 4
    endloop
  endfacet
  facet normal 0.0654427 -0.997856 0
    outer loop
      vertex 59 96.6 4
      vertex 58.1385 96.5435 0
      vertex 59 96.6 0
    endloop
  endfacet
  facet normal -0.0654427 0.997856 0
    outer loop
      vertex 59.8615 83.4565 0
      vertex 59 83.4 4
      vertex 59.8615 83.4565 4
    endloop
  endfacet
  facet normal -0.0654427 0.997856 0
    outer loop
      vertex 59 83.4 4
      vertex 59.8615 83.4565 0
      vertex 59 83.4 0
    endloop
  endfacet
  facet normal -0.659316 -0.751866 0
    outer loop
      vertex 63.0178 95.2361 0
      vertex 63.6669 94.6669 4
      vertex 63.0178 95.2361 4
    endloop
  endfacet
  facet normal -0.659316 -0.751866 -0
    outer loop
      vertex 63.6669 94.6669 4
      vertex 63.0178 95.2361 0
      vertex 63.6669 94.6669 0
    endloop
  endfacet
  facet normal 0.751866 -0.659316 0
    outer loop
      vertex 53.7639 94.0178 4
      vertex 54.3331 94.6669 0
      vertex 54.3331 94.6669 4
    endloop
  endfacet
  facet normal 0.751866 -0.659316 0
    outer loop
      vertex 54.3331 94.6669 0
      vertex 53.7639 94.0178 4
      vertex 53.7639 94.0178 0
    endloop
  endfacet
  facet normal 0.442249 -0.896892 0
    outer loop
      vertex 55.7 95.7158 0
      vertex 56.4743 96.0976 4
      vertex 55.7 95.7158 4
    endloop
  endfacet
  facet normal 0.442249 -0.896892 0
    outer loop
      vertex 56.4743 96.0976 4
      vertex 55.7 95.7158 0
      vertex 56.4743 96.0976 0
    endloop
  endfacet
  facet normal -0.896892 -0.442249 0
    outer loop
      vertex 65.0976 92.5257 0
      vertex 64.7158 93.3 4
      vertex 64.7158 93.3 0
    endloop
  endfacet
  facet normal -0.896892 -0.442249 0
    outer loop
      vertex 64.7158 93.3 4
      vertex 65.0976 92.5257 0
      vertex 65.0976 92.5257 4
    endloop
  endfacet
  facet normal -0.831426 -0.555635 0
    outer loop
      vertex 64.7158 93.3 0
      vertex 64.2361 94.0178 4
      vertex 64.2361 94.0178 0
    endloop
  endfacet
  facet normal -0.831426 -0.555635 0
    outer loop
      vertex 64.2361 94.0178 4
      vertex 64.7158 93.3 0
      vertex 64.7158 93.3 4
    endloop
  endfacet
  facet normal -0.321435 -0.946931 0
    outer loop
      vertex 60.7082 96.3751 0
      vertex 61.5257 96.0976 4
      vertex 60.7082 96.3751 4
    endloop
  endfacet
  facet normal -0.321435 -0.946931 -0
    outer loop
      vertex 61.5257 96.0976 4
      vertex 60.7082 96.3751 0
      vertex 61.5257 96.0976 0
    endloop
  endfacet
  facet normal -0.442249 -0.896892 0
    outer loop
      vertex 61.5257 96.0976 0
      vertex 62.3 95.7158 4
      vertex 61.5257 96.0976 4
    endloop
  endfacet
  facet normal -0.442249 -0.896892 -0
    outer loop
      vertex 62.3 95.7158 4
      vertex 61.5257 96.0976 0
      vertex 62.3 95.7158 0
    endloop
  endfacet
  facet normal 0.946931 -0.321435 0
    outer loop
      vertex 52.6249 91.7082 4
      vertex 52.9024 92.5257 0
      vertex 52.9024 92.5257 4
    endloop
  endfacet
  facet normal 0.946931 -0.321435 0
    outer loop
      vertex 52.9024 92.5257 0
      vertex 52.6249 91.7082 4
      vertex 52.6249 91.7082 0
    endloop
  endfacet
  facet normal 0.896892 -0.442249 0
    outer loop
      vertex 52.9024 92.5257 4
      vertex 53.2842 93.3 0
      vertex 53.2842 93.3 4
    endloop
  endfacet
  facet normal 0.896892 -0.442249 0
    outer loop
      vertex 53.2842 93.3 0
      vertex 52.9024 92.5257 4
      vertex 52.9024 92.5257 0
    endloop
  endfacet
  facet normal 0.555635 -0.831426 0
    outer loop
      vertex 54.9822 95.2361 0
      vertex 55.7 95.7158 4
      vertex 54.9822 95.2361 4
    endloop
  endfacet
  facet normal 0.555635 -0.831426 0
    outer loop
      vertex 55.7 95.7158 4
      vertex 54.9822 95.2361 0
      vertex 55.7 95.7158 0
    endloop
  endfacet
  facet normal 0.321435 -0.946931 0
    outer loop
      vertex 56.4743 96.0976 0
      vertex 57.2918 96.3751 4
      vertex 56.4743 96.0976 4
    endloop
  endfacet
  facet normal 0.321435 -0.946931 0
    outer loop
      vertex 57.2918 96.3751 4
      vertex 56.4743 96.0976 0
      vertex 57.2918 96.3751 0
    endloop
  endfacet
  facet normal 0.896892 0.442249 0
    outer loop
      vertex 53.2842 86.7 4
      vertex 52.9024 87.4743 0
      vertex 52.9024 87.4743 4
    endloop
  endfacet
  facet normal 0.896892 0.442249 0
    outer loop
      vertex 52.9024 87.4743 0
      vertex 53.2842 86.7 4
      vertex 53.2842 86.7 0
    endloop
  endfacet
  facet normal -0.195069 0.98079 0
    outer loop
      vertex 60.7082 83.6249 0
      vertex 59.8615 83.4565 4
      vertex 60.7082 83.6249 4
    endloop
  endfacet
  facet normal -0.195069 0.98079 0
    outer loop
      vertex 59.8615 83.4565 4
      vertex 60.7082 83.6249 0
      vertex 59.8615 83.4565 0
    endloop
  endfacet
  facet normal -0.946931 -0.321435 0
    outer loop
      vertex 65.3751 91.7082 0
      vertex 65.0976 92.5257 4
      vertex 65.0976 92.5257 0
    endloop
  endfacet
  facet normal -0.946931 -0.321435 0
    outer loop
      vertex 65.0976 92.5257 4
      vertex 65.3751 91.7082 0
      vertex 65.3751 91.7082 4
    endloop
  endfacet
  facet normal -0.98079 -0.195069 0
    outer loop
      vertex 65.5435 90.8615 0
      vertex 65.3751 91.7082 4
      vertex 65.3751 91.7082 0
    endloop
  endfacet
  facet normal -0.98079 -0.195069 0
    outer loop
      vertex 65.3751 91.7082 4
      vertex 65.5435 90.8615 0
      vertex 65.5435 90.8615 4
    endloop
  endfacet
  facet normal -0.751866 -0.659316 0
    outer loop
      vertex 64.2361 94.0178 0
      vertex 63.6669 94.6669 4
      vertex 63.6669 94.6669 0
    endloop
  endfacet
  facet normal -0.751866 -0.659316 0
    outer loop
      vertex 63.6669 94.6669 4
      vertex 64.2361 94.0178 0
      vertex 64.2361 94.0178 4
    endloop
  endfacet
  facet normal -0.195069 -0.98079 0
    outer loop
      vertex 59.8615 96.5435 0
      vertex 60.7082 96.3751 4
      vertex 59.8615 96.5435 4
    endloop
  endfacet
  facet normal -0.195069 -0.98079 -0
    outer loop
      vertex 60.7082 96.3751 4
      vertex 59.8615 96.5435 0
      vertex 60.7082 96.3751 0
    endloop
  endfacet
  facet normal -0.0654427 -0.997856 0
    outer loop
      vertex 59 96.6 0
      vertex 59.8615 96.5435 4
      vertex 59 96.6 4
    endloop
  endfacet
  facet normal -0.0654427 -0.997856 -0
    outer loop
      vertex 59.8615 96.5435 4
      vertex 59 96.6 0
      vertex 59.8615 96.5435 0
    endloop
  endfacet
  facet normal -0.555635 -0.831426 0
    outer loop
      vertex 62.3 95.7158 0
      vertex 63.0178 95.2361 4
      vertex 62.3 95.7158 4
    endloop
  endfacet
  facet normal -0.555635 -0.831426 -0
    outer loop
      vertex 63.0178 95.2361 4
      vertex 62.3 95.7158 0
      vertex 63.0178 95.2361 0
    endloop
  endfacet
  facet normal 0.997856 -0.0654427 0
    outer loop
      vertex 52.4 90 4
      vertex 52.4565 90.8615 0
      vertex 52.4565 90.8615 4
    endloop
  endfacet
  facet normal 0.997856 -0.0654427 0
    outer loop
      vertex 52.4565 90.8615 0
      vertex 52.4 90 4
      vertex 52.4 90 0
    endloop
  endfacet
  facet normal 0.997856 0.0654427 0
    outer loop
      vertex 52.4565 89.1385 4
      vertex 52.4 90 0
      vertex 52.4 90 4
    endloop
  endfacet
  facet normal 0.997856 0.0654427 0
    outer loop
      vertex 52.4 90 0
      vertex 52.4565 89.1385 4
      vertex 52.4565 89.1385 0
    endloop
  endfacet
  facet normal 0.195069 -0.98079 0
    outer loop
      vertex 57.2918 96.3751 0
      vertex 58.1385 96.5435 4
      vertex 57.2918 96.3751 4
    endloop
  endfacet
  facet normal 0.195069 -0.98079 0
    outer loop
      vertex 58.1385 96.5435 4
      vertex 57.2918 96.3751 0
      vertex 58.1385 96.5435 0
    endloop
  endfacet
  facet normal -0.997856 0.0654427 0
    outer loop
      vertex 65.5435 89.1385 0
      vertex 65.6 90 4
      vertex 65.6 90 0
    endloop
  endfacet
  facet normal -0.997856 0.0654427 0
    outer loop
      vertex 65.6 90 4
      vertex 65.5435 89.1385 0
      vertex 65.5435 89.1385 4
    endloop
  endfacet
  facet normal -0.751866 0.659316 0
    outer loop
      vertex 63.6669 85.3331 0
      vertex 64.2361 85.9822 4
      vertex 64.2361 85.9822 0
    endloop
  endfacet
  facet normal -0.751866 0.659316 0
    outer loop
      vertex 64.2361 85.9822 4
      vertex 63.6669 85.3331 0
      vertex 63.6669 85.3331 4
    endloop
  endfacet
  facet normal -0.946931 0.321435 0
    outer loop
      vertex 65.0976 87.4743 0
      vertex 65.3751 88.2918 4
      vertex 65.3751 88.2918 0
    endloop
  endfacet
  facet normal -0.946931 0.321435 0
    outer loop
      vertex 65.3751 88.2918 4
      vertex 65.0976 87.4743 0
      vertex 65.0976 87.4743 4
    endloop
  endfacet
  facet normal 0.98079 0.195069 0
    outer loop
      vertex 52.6249 88.2918 4
      vertex 52.4565 89.1385 0
      vertex 52.4565 89.1385 4
    endloop
  endfacet
  facet normal 0.98079 0.195069 0
    outer loop
      vertex 52.4565 89.1385 0
      vertex 52.6249 88.2918 4
      vertex 52.6249 88.2918 0
    endloop
  endfacet
  facet normal -0.442249 0.896892 0
    outer loop
      vertex 62.3 84.2842 0
      vertex 61.5257 83.9024 4
      vertex 62.3 84.2842 4
    endloop
  endfacet
  facet normal -0.442249 0.896892 0
    outer loop
      vertex 61.5257 83.9024 4
      vertex 62.3 84.2842 0
      vertex 61.5257 83.9024 0
    endloop
  endfacet
  facet normal 0.831426 -0.555635 0
    outer loop
      vertex 53.2842 93.3 4
      vertex 53.7639 94.0178 0
      vertex 53.7639 94.0178 4
    endloop
  endfacet
  facet normal 0.831426 -0.555635 0
    outer loop
      vertex 53.7639 94.0178 0
      vertex 53.2842 93.3 4
      vertex 53.2842 93.3 0
    endloop
  endfacet
  facet normal 0.98079 -0.195069 0
    outer loop
      vertex 52.4565 90.8615 4
      vertex 52.6249 91.7082 0
      vertex 52.6249 91.7082 4
    endloop
  endfacet
  facet normal 0.98079 -0.195069 0
    outer loop
      vertex 52.6249 91.7082 0
      vertex 52.4565 90.8615 4
      vertex 52.4565 90.8615 0
    endloop
  endfacet
  facet normal 0.659316 -0.751866 0
    outer loop
      vertex 54.3331 94.6669 0
      vertex 54.9822 95.2361 4
      vertex 54.3331 94.6669 4
    endloop
  endfacet
  facet normal 0.659316 -0.751866 0
    outer loop
      vertex 54.9822 95.2361 4
      vertex 54.3331 94.6669 0
      vertex 54.9822 95.2361 0
    endloop
  endfacet
  facet normal -0.98079 0.195069 0
    outer loop
      vertex 65.3751 88.2918 0
      vertex 65.5435 89.1385 4
      vertex 65.5435 89.1385 0
    endloop
  endfacet
  facet normal -0.98079 0.195069 0
    outer loop
      vertex 65.5435 89.1385 4
      vertex 65.3751 88.2918 0
      vertex 65.3751 88.2918 4
    endloop
  endfacet
  facet normal -0.555635 0.831426 0
    outer loop
      vertex 63.0178 84.7639 0
      vertex 62.3 84.2842 4
      vertex 63.0178 84.7639 4
    endloop
  endfacet
  facet normal -0.555635 0.831426 0
    outer loop
      vertex 62.3 84.2842 4
      vertex 63.0178 84.7639 0
      vertex 62.3 84.2842 0
    endloop
  endfacet
  facet normal -0.659316 0.751866 0
    outer loop
      vertex 63.6669 85.3331 0
      vertex 63.0178 84.7639 4
      vertex 63.6669 85.3331 4
    endloop
  endfacet
  facet normal -0.659316 0.751866 0
    outer loop
      vertex 63.0178 84.7639 4
      vertex 63.6669 85.3331 0
      vertex 63.0178 84.7639 0
    endloop
  endfacet
  facet normal -0.831426 0.555635 0
    outer loop
      vertex 64.2361 85.9822 0
      vertex 64.7158 86.7 4
      vertex 64.7158 86.7 0
    endloop
  endfacet
  facet normal -0.831426 0.555635 0
    outer loop
      vertex 64.7158 86.7 4
      vertex 64.2361 85.9822 0
      vertex 64.2361 85.9822 4
    endloop
  endfacet
  facet normal 0.321435 0.946931 -0
    outer loop
      vertex 57.2918 83.6249 0
      vertex 56.4743 83.9024 4
      vertex 57.2918 83.6249 4
    endloop
  endfacet
  facet normal 0.321435 0.946931 0
    outer loop
      vertex 56.4743 83.9024 4
      vertex 57.2918 83.6249 0
      vertex 56.4743 83.9024 0
    endloop
  endfacet
  facet normal 0.195069 0.98079 -0
    outer loop
      vertex 58.1385 83.4565 0
      vertex 57.2918 83.6249 4
      vertex 58.1385 83.4565 4
    endloop
  endfacet
  facet normal 0.195069 0.98079 0
    outer loop
      vertex 57.2918 83.6249 4
      vertex 58.1385 83.4565 0
      vertex 57.2918 83.6249 0
    endloop
  endfacet
  facet normal 0.751866 0.659316 0
    outer loop
      vertex 54.3331 85.3331 4
      vertex 53.7639 85.9822 0
      vertex 53.7639 85.9822 4
    endloop
  endfacet
  facet normal 0.751866 0.659316 0
    outer loop
      vertex 53.7639 85.9822 0
      vertex 54.3331 85.3331 4
      vertex 54.3331 85.3331 0
    endloop
  endfacet
  facet normal -0.321435 0.946931 0
    outer loop
      vertex 61.5257 83.9024 0
      vertex 60.7082 83.6249 4
      vertex 61.5257 83.9024 4
    endloop
  endfacet
  facet normal -0.321435 0.946931 0
    outer loop
      vertex 60.7082 83.6249 4
      vertex 61.5257 83.9024 0
      vertex 60.7082 83.6249 0
    endloop
  endfacet
  facet normal -0.896892 0.442249 0
    outer loop
      vertex 64.7158 86.7 0
      vertex 65.0976 87.4743 4
      vertex 65.0976 87.4743 0
    endloop
  endfacet
  facet normal -0.896892 0.442249 0
    outer loop
      vertex 65.0976 87.4743 4
      vertex 64.7158 86.7 0
      vertex 64.7158 86.7 4
    endloop
  endfacet
  facet normal 0.0654427 0.997856 -0
    outer loop
      vertex 59 83.4 0
      vertex 58.1385 83.4565 4
      vertex 59 83.4 4
    endloop
  endfacet
  facet normal 0.0654427 0.997856 0
    outer loop
      vertex 58.1385 83.4565 4
      vertex 59 83.4 0
      vertex 58.1385 83.4565 0
    endloop
  endfacet
  facet normal 0.555635 0.831426 -0
    outer loop
      vertex 55.7 84.2842 0
      vertex 54.9822 84.7639 4
      vertex 55.7 84.2842 4
    endloop
  endfacet
  facet normal 0.555635 0.831426 0
    outer loop
      vertex 54.9822 84.7639 4
      vertex 55.7 84.2842 0
      vertex 54.9822 84.7639 0
    endloop
  endfacet
  facet normal 0.659316 0.751866 -0
    outer loop
      vertex 54.9822 84.7639 0
      vertex 54.3331 85.3331 4
      vertex 54.9822 84.7639 4
    endloop
  endfacet
  facet normal 0.659316 0.751866 0
    outer loop
      vertex 54.3331 85.3331 4
      vertex 54.9822 84.7639 0
      vertex 54.3331 85.3331 0
    endloop
  endfacet
  facet normal 0.831426 0.555635 0
    outer loop
      vertex 53.7639 85.9822 4
      vertex 53.2842 86.7 0
      vertex 53.2842 86.7 4
    endloop
  endfacet
  facet normal 0.831426 0.555635 0
    outer loop
      vertex 53.2842 86.7 0
      vertex 53.7639 85.9822 4
      vertex 53.7639 85.9822 0
    endloop
  endfacet
  facet normal 0.946931 0.321435 0
    outer loop
      vertex 52.9024 87.4743 4
      vertex 52.6249 88.2918 0
      vertex 52.6249 88.2918 4
    endloop
  endfacet
  facet normal 0.946931 0.321435 0
    outer loop
      vertex 52.6249 88.2918 0
      vertex 52.9024 87.4743 4
      vertex 52.9024 87.4743 0
    endloop
  endfacet
  facet normal 0.442249 0.896892 -0
    outer loop
      vertex 56.4743 83.9024 0
      vertex 55.7 84.2842 4
      vertex 56.4743 83.9024 4
    endloop
  endfacet
  facet normal 0.442249 0.896892 0
    outer loop
      vertex 55.7 84.2842 4
      vertex 56.4743 83.9024 0
      vertex 55.7 84.2842 0
    endloop
  endfacet
  facet normal -0.997859 -0.0653954 0
    outer loop
      vertex 41.2173 49.5 0
      vertex 41.1694 50.2309 4
      vertex 41.1694 50.2309 0
    endloop
  endfacet
  facet normal -0.997859 -0.0653954 0
    outer loop
      vertex 41.1694 50.2309 4
      vertex 41.2173 49.5 0
      vertex 41.2173 49.5 4
    endloop
  endfacet
  facet normal 0.0653954 -0.997859 0
    outer loop
      vertex 34.8864 55.0521 0
      vertex 35.6173 55.1 4
      vertex 34.8864 55.0521 4
    endloop
  endfacet
  facet normal 0.0653954 -0.997859 0
    outer loop
      vertex 35.6173 55.1 4
      vertex 34.8864 55.0521 0
      vertex 35.6173 55.1 0
    endloop
  endfacet
  facet normal -0.0653864 0.99786 0
    outer loop
      vertex 36.3483 43.9479 0
      vertex 35.6173 43.9 4
      vertex 36.3483 43.9479 4
    endloop
  endfacet
  facet normal -0.0653864 0.99786 0
    outer loop
      vertex 35.6173 43.9 4
      vertex 36.3483 43.9479 0
      vertex 35.6173 43.9 0
    endloop
  endfacet
  facet normal 0.659316 0.751866 -0
    outer loop
      vertex 32.2083 45.0572 0
      vertex 31.6575 45.5402 4
      vertex 32.2083 45.0572 4
    endloop
  endfacet
  facet normal 0.659316 0.751866 0
    outer loop
      vertex 31.6575 45.5402 4
      vertex 32.2083 45.0572 0
      vertex 31.6575 45.5402 0
    endloop
  endfacet
  facet normal -0.659384 -0.751807 0
    outer loop
      vertex 39.0264 53.9428 0
      vertex 39.5771 53.4598 4
      vertex 39.0264 53.9428 4
    endloop
  endfacet
  facet normal -0.659384 -0.751807 -0
    outer loop
      vertex 39.5771 53.4598 4
      vertex 39.0264 53.9428 0
      vertex 39.5771 53.4598 0
    endloop
  endfacet
  facet normal 0.751807 -0.659384 0
    outer loop
      vertex 31.1745 52.9091 4
      vertex 31.6575 53.4598 0
      vertex 31.6575 53.4598 4
    endloop
  endfacet
  facet normal 0.751807 -0.659384 0
    outer loop
      vertex 31.6575 53.4598 0
      vertex 31.1745 52.9091 4
      vertex 31.1745 52.9091 0
    endloop
  endfacet
  facet normal 0.442292 -0.896871 0
    outer loop
      vertex 32.8173 54.3497 0
      vertex 33.4743 54.6737 4
      vertex 32.8173 54.3497 4
    endloop
  endfacet
  facet normal 0.442292 -0.896871 0
    outer loop
      vertex 33.4743 54.6737 4
      vertex 32.8173 54.3497 0
      vertex 33.4743 54.6737 0
    endloop
  endfacet
  facet normal 0.896871 0.442292 0
    outer loop
      vertex 30.7676 46.7 4
      vertex 30.4436 47.357 0
      vertex 30.4436 47.357 4
    endloop
  endfacet
  facet normal 0.896871 0.442292 0
    outer loop
      vertex 30.4436 47.357 0
      vertex 30.7676 46.7 4
      vertex 30.7676 46.7 0
    endloop
  endfacet
  facet normal -0.896925 -0.442183 0
    outer loop
      vertex 40.791 51.643 0
      vertex 40.4671 52.3 4
      vertex 40.4671 52.3 0
    endloop
  endfacet
  facet normal -0.896925 -0.442183 0
    outer loop
      vertex 40.4671 52.3 4
      vertex 40.791 51.643 0
      vertex 40.791 51.643 4
    endloop
  endfacet
  facet normal -0.321506 -0.946907 0
    outer loop
      vertex 37.0667 54.9092 0
      vertex 37.7603 54.6737 4
      vertex 37.0667 54.9092 4
    endloop
  endfacet
  facet normal -0.321506 -0.946907 -0
    outer loop
      vertex 37.7603 54.6737 4
      vertex 37.0667 54.9092 0
      vertex 37.7603 54.6737 0
    endloop
  endfacet
  facet normal -0.442292 -0.896871 0
    outer loop
      vertex 37.7603 54.6737 0
      vertex 38.4173 54.3497 4
      vertex 37.7603 54.6737 4
    endloop
  endfacet
  facet normal -0.442292 -0.896871 -0
    outer loop
      vertex 38.4173 54.3497 4
      vertex 37.7603 54.6737 0
      vertex 38.4173 54.3497 0
    endloop
  endfacet
  facet normal 0.946907 -0.321506 0
    outer loop
      vertex 30.2081 50.9494 4
      vertex 30.4436 51.643 0
      vertex 30.4436 51.643 4
    endloop
  endfacet
  facet normal 0.946907 -0.321506 0
    outer loop
      vertex 30.4436 51.643 0
      vertex 30.2081 50.9494 4
      vertex 30.2081 50.9494 0
    endloop
  endfacet
  facet normal 0.831525 -0.555488 0
    outer loop
      vertex 30.7676 52.3 4
      vertex 31.1745 52.9091 0
      vertex 31.1745 52.9091 4
    endloop
  endfacet
  facet normal 0.831525 -0.555488 0
    outer loop
      vertex 31.1745 52.9091 0
      vertex 30.7676 52.3 4
      vertex 30.7676 52.3 0
    endloop
  endfacet
  facet normal 0.195066 -0.98079 0
    outer loop
      vertex 34.1679 54.9092 0
      vertex 34.8864 55.0521 4
      vertex 34.1679 54.9092 4
    endloop
  endfacet
  facet normal 0.195066 -0.98079 0
    outer loop
      vertex 34.8864 55.0521 4
      vertex 34.1679 54.9092 0
      vertex 34.8864 55.0521 0
    endloop
  endfacet
  facet normal -0.195092 0.980785 0
    outer loop
      vertex 37.0667 44.0908 0
      vertex 36.3483 43.9479 4
      vertex 37.0667 44.0908 4
    endloop
  endfacet
  facet normal -0.195092 0.980785 0
    outer loop
      vertex 36.3483 43.9479 4
      vertex 37.0667 44.0908 0
      vertex 36.3483 43.9479 0
    endloop
  endfacet
  facet normal -0.555488 0.831525 0
    outer loop
      vertex 39.0264 45.0572 0
      vertex 38.4173 44.6503 4
      vertex 39.0264 45.0572 4
    endloop
  endfacet
  facet normal -0.555488 0.831525 0
    outer loop
      vertex 38.4173 44.6503 4
      vertex 39.0264 45.0572 0
      vertex 38.4173 44.6503 0
    endloop
  endfacet
  facet normal -0.831462 0.555582 0
    outer loop
      vertex 40.0601 46.0909 0
      vertex 40.4671 46.7 4
      vertex 40.4671 46.7 0
    endloop
  endfacet
  facet normal -0.831462 0.555582 0
    outer loop
      vertex 40.4671 46.7 4
      vertex 40.0601 46.0909 0
      vertex 40.0601 46.0909 4
    endloop
  endfacet
  facet normal -0.98079 0.195066 0
    outer loop
      vertex 41.0265 48.0506 0
      vertex 41.1694 48.7691 4
      vertex 41.1694 48.7691 0
    endloop
  endfacet
  facet normal -0.98079 0.195066 0
    outer loop
      vertex 41.1694 48.7691 4
      vertex 41.0265 48.0506 0
      vertex 41.0265 48.0506 4
    endloop
  endfacet
  facet normal 0.555551 0.831483 -0
    outer loop
      vertex 32.8173 44.6503 0
      vertex 32.2083 45.0572 4
      vertex 32.8173 44.6503 4
    endloop
  endfacet
  facet normal 0.555551 0.831483 0
    outer loop
      vertex 32.2083 45.0572 4
      vertex 32.8173 44.6503 0
      vertex 32.2083 45.0572 0
    endloop
  endfacet
  facet normal 0.98079 0.195066 0
    outer loop
      vertex 30.2081 48.0506 4
      vertex 30.0652 48.7691 0
      vertex 30.0652 48.7691 4
    endloop
  endfacet
  facet normal 0.98079 0.195066 0
    outer loop
      vertex 30.0652 48.7691 0
      vertex 30.2081 48.0506 4
      vertex 30.2081 48.0506 0
    endloop
  endfacet
  facet normal -0.946907 -0.321506 0
    outer loop
      vertex 41.0265 50.9494 0
      vertex 40.791 51.643 4
      vertex 40.791 51.643 0
    endloop
  endfacet
  facet normal -0.946907 -0.321506 0
    outer loop
      vertex 40.791 51.643 4
      vertex 41.0265 50.9494 0
      vertex 41.0265 50.9494 4
    endloop
  endfacet
  facet normal -0.98079 -0.195066 0
    outer loop
      vertex 41.1694 50.2309 0
      vertex 41.0265 50.9494 4
      vertex 41.0265 50.9494 0
    endloop
  endfacet
  facet normal -0.98079 -0.195066 0
    outer loop
      vertex 41.0265 50.9494 4
      vertex 41.1694 50.2309 0
      vertex 41.1694 50.2309 4
    endloop
  endfacet
  facet normal -0.751807 -0.659384 0
    outer loop
      vertex 40.0601 52.9091 0
      vertex 39.5771 53.4598 4
      vertex 39.5771 53.4598 0
    endloop
  endfacet
  facet normal -0.751807 -0.659384 0
    outer loop
      vertex 39.5771 53.4598 4
      vertex 40.0601 52.9091 0
      vertex 40.0601 52.9091 4
    endloop
  endfacet
  facet normal -0.831462 -0.555582 0
    outer loop
      vertex 40.4671 52.3 0
      vertex 40.0601 52.9091 4
      vertex 40.0601 52.9091 0
    endloop
  endfacet
  facet normal -0.831462 -0.555582 0
    outer loop
      vertex 40.0601 52.9091 4
      vertex 40.4671 52.3 0
      vertex 40.4671 52.3 4
    endloop
  endfacet
  facet normal -0.195092 -0.980785 0
    outer loop
      vertex 36.3483 55.0521 0
      vertex 37.0667 54.9092 4
      vertex 36.3483 55.0521 4
    endloop
  endfacet
  facet normal -0.195092 -0.980785 -0
    outer loop
      vertex 37.0667 54.9092 4
      vertex 36.3483 55.0521 0
      vertex 37.0667 54.9092 0
    endloop
  endfacet
  facet normal -0.0653864 -0.99786 0
    outer loop
      vertex 35.6173 55.1 0
      vertex 36.3483 55.0521 4
      vertex 35.6173 55.1 4
    endloop
  endfacet
  facet normal -0.0653864 -0.99786 -0
    outer loop
      vertex 36.3483 55.0521 4
      vertex 35.6173 55.1 0
      vertex 36.3483 55.0521 0
    endloop
  endfacet
  facet normal -0.555488 -0.831525 0
    outer loop
      vertex 38.4173 54.3497 0
      vertex 39.0264 53.9428 4
      vertex 38.4173 54.3497 4
    endloop
  endfacet
  facet normal -0.555488 -0.831525 -0
    outer loop
      vertex 39.0264 53.9428 4
      vertex 38.4173 54.3497 0
      vertex 39.0264 53.9428 0
    endloop
  endfacet
  facet normal 0.896871 -0.442292 0
    outer loop
      vertex 30.4436 51.643 4
      vertex 30.7676 52.3 0
      vertex 30.7676 52.3 4
    endloop
  endfacet
  facet normal 0.896871 -0.442292 0
    outer loop
      vertex 30.7676 52.3 0
      vertex 30.4436 51.643 4
      vertex 30.4436 51.643 0
    endloop
  endfacet
  facet normal 0.98079 -0.195066 0
    outer loop
      vertex 30.0652 50.2309 4
      vertex 30.2081 50.9494 0
      vertex 30.2081 50.9494 4
    endloop
  endfacet
  facet normal 0.98079 -0.195066 0
    outer loop
      vertex 30.2081 50.9494 0
      vertex 30.0652 50.2309 4
      vertex 30.0652 50.2309 0
    endloop
  endfacet
  facet normal 0.997859 -0.0653954 0
    outer loop
      vertex 30.0173 49.5 4
      vertex 30.0652 50.2309 0
      vertex 30.0652 50.2309 4
    endloop
  endfacet
  facet normal 0.997859 -0.0653954 0
    outer loop
      vertex 30.0652 50.2309 0
      vertex 30.0173 49.5 4
      vertex 30.0173 49.5 0
    endloop
  endfacet
  facet normal 0.997859 0.0653954 0
    outer loop
      vertex 30.0652 48.7691 4
      vertex 30.0173 49.5 0
      vertex 30.0173 49.5 4
    endloop
  endfacet
  facet normal 0.997859 0.0653954 0
    outer loop
      vertex 30.0173 49.5 0
      vertex 30.0652 48.7691 4
      vertex 30.0652 48.7691 0
    endloop
  endfacet
  facet normal 0.555551 -0.831483 0
    outer loop
      vertex 32.2083 53.9428 0
      vertex 32.8173 54.3497 4
      vertex 32.2083 53.9428 4
    endloop
  endfacet
  facet normal 0.555551 -0.831483 0
    outer loop
      vertex 32.8173 54.3497 4
      vertex 32.2083 53.9428 0
      vertex 32.8173 54.3497 0
    endloop
  endfacet
  facet normal 0.659316 -0.751866 0
    outer loop
      vertex 31.6575 53.4598 0
      vertex 32.2083 53.9428 4
      vertex 31.6575 53.4598 4
    endloop
  endfacet
  facet normal 0.659316 -0.751866 0
    outer loop
      vertex 32.2083 53.9428 4
      vertex 31.6575 53.4598 0
      vertex 32.2083 53.9428 0
    endloop
  endfacet
  facet normal 0.321506 -0.946907 0
    outer loop
      vertex 33.4743 54.6737 0
      vertex 34.1679 54.9092 4
      vertex 33.4743 54.6737 4
    endloop
  endfacet
  facet normal 0.321506 -0.946907 0
    outer loop
      vertex 34.1679 54.9092 4
      vertex 33.4743 54.6737 0
      vertex 34.1679 54.9092 0
    endloop
  endfacet
  facet normal -0.321506 0.946907 0
    outer loop
      vertex 37.7603 44.3263 0
      vertex 37.0667 44.0908 4
      vertex 37.7603 44.3263 4
    endloop
  endfacet
  facet normal -0.321506 0.946907 0
    outer loop
      vertex 37.0667 44.0908 4
      vertex 37.7603 44.3263 0
      vertex 37.0667 44.0908 0
    endloop
  endfacet
  facet normal -0.659384 0.751807 0
    outer loop
      vertex 39.5771 45.5402 0
      vertex 39.0264 45.0572 4
      vertex 39.5771 45.5402 4
    endloop
  endfacet
  facet normal -0.659384 0.751807 0
    outer loop
      vertex 39.0264 45.0572 4
      vertex 39.5771 45.5402 0
      vertex 39.0264 45.0572 0
    endloop
  endfacet
  facet normal -0.896925 0.442183 0
    outer loop
      vertex 40.4671 46.7 0
      vertex 40.791 47.357 4
      vertex 40.791 47.357 0
    endloop
  endfacet
  facet normal -0.896925 0.442183 0
    outer loop
      vertex 40.791 47.357 4
      vertex 40.4671 46.7 0
      vertex 40.4671 46.7 4
    endloop
  endfacet
  facet normal -0.997859 0.0653954 0
    outer loop
      vertex 41.1694 48.7691 0
      vertex 41.2173 49.5 4
      vertex 41.2173 49.5 0
    endloop
  endfacet
  facet normal -0.997859 0.0653954 0
    outer loop
      vertex 41.2173 49.5 4
      vertex 41.1694 48.7691 0
      vertex 41.1694 48.7691 4
    endloop
  endfacet
  facet normal 0.442292 0.896871 -0
    outer loop
      vertex 33.4743 44.3263 0
      vertex 32.8173 44.6503 4
      vertex 33.4743 44.3263 4
    endloop
  endfacet
  facet normal 0.442292 0.896871 0
    outer loop
      vertex 32.8173 44.6503 4
      vertex 33.4743 44.3263 0
      vertex 32.8173 44.6503 0
    endloop
  endfacet
  facet normal 0.195066 0.98079 -0
    outer loop
      vertex 34.8864 43.9479 0
      vertex 34.1679 44.0908 4
      vertex 34.8864 43.9479 4
    endloop
  endfacet
  facet normal 0.195066 0.98079 0
    outer loop
      vertex 34.1679 44.0908 4
      vertex 34.8864 43.9479 0
      vertex 34.1679 44.0908 0
    endloop
  endfacet
  facet normal 0.831525 0.555488 0
    outer loop
      vertex 31.1745 46.0909 4
      vertex 30.7676 46.7 0
      vertex 30.7676 46.7 4
    endloop
  endfacet
  facet normal 0.831525 0.555488 0
    outer loop
      vertex 30.7676 46.7 0
      vertex 31.1745 46.0909 4
      vertex 31.1745 46.0909 0
    endloop
  endfacet
  facet normal 0.946907 0.321506 0
    outer loop
      vertex 30.4436 47.357 4
      vertex 30.2081 48.0506 0
      vertex 30.2081 48.0506 4
    endloop
  endfacet
  facet normal 0.946907 0.321506 0
    outer loop
      vertex 30.2081 48.0506 0
      vertex 30.4436 47.357 4
      vertex 30.4436 47.357 0
    endloop
  endfacet
  facet normal -0.442292 0.896871 0
    outer loop
      vertex 38.4173 44.6503 0
      vertex 37.7603 44.3263 4
      vertex 38.4173 44.6503 4
    endloop
  endfacet
  facet normal -0.442292 0.896871 0
    outer loop
      vertex 37.7603 44.3263 4
      vertex 38.4173 44.6503 0
      vertex 37.7603 44.3263 0
    endloop
  endfacet
  facet normal -0.751807 0.659384 0
    outer loop
      vertex 39.5771 45.5402 0
      vertex 40.0601 46.0909 4
      vertex 40.0601 46.0909 0
    endloop
  endfacet
  facet normal -0.751807 0.659384 0
    outer loop
      vertex 40.0601 46.0909 4
      vertex 39.5771 45.5402 0
      vertex 39.5771 45.5402 4
    endloop
  endfacet
  facet normal -0.946907 0.321506 0
    outer loop
      vertex 40.791 47.357 0
      vertex 41.0265 48.0506 4
      vertex 41.0265 48.0506 0
    endloop
  endfacet
  facet normal -0.946907 0.321506 0
    outer loop
      vertex 41.0265 48.0506 4
      vertex 40.791 47.357 0
      vertex 40.791 47.357 4
    endloop
  endfacet
  facet normal 0.321506 0.946907 -0
    outer loop
      vertex 34.1679 44.0908 0
      vertex 33.4743 44.3263 4
      vertex 34.1679 44.0908 4
    endloop
  endfacet
  facet normal 0.321506 0.946907 0
    outer loop
      vertex 33.4743 44.3263 4
      vertex 34.1679 44.0908 0
      vertex 33.4743 44.3263 0
    endloop
  endfacet
  facet normal 0.0653954 0.997859 -0
    outer loop
      vertex 35.6173 43.9 0
      vertex 34.8864 43.9479 4
      vertex 35.6173 43.9 4
    endloop
  endfacet
  facet normal 0.0653954 0.997859 0
    outer loop
      vertex 34.8864 43.9479 4
      vertex 35.6173 43.9 0
      vertex 34.8864 43.9479 0
    endloop
  endfacet
  facet normal 0.751807 0.659384 0
    outer loop
      vertex 31.6575 45.5402 4
      vertex 31.1745 46.0909 0
      vertex 31.1745 46.0909 4
    endloop
  endfacet
  facet normal 0.751807 0.659384 0
    outer loop
      vertex 31.1745 46.0909 0
      vertex 31.6575 45.5402 4
      vertex 31.6575 45.5402 0
    endloop
  endfacet
  facet normal -0.997859 -0.0654055 0
    outer loop
      vertex 85.9827 49.5 0
      vertex 85.9519 49.9699 4
      vertex 85.9519 49.9699 0
    endloop
  endfacet
  facet normal -0.997859 -0.0654055 0
    outer loop
      vertex 85.9519 49.9699 4
      vertex 85.9827 49.5 0
      vertex 85.9827 49.5 4
    endloop
  endfacet
  facet normal 0.997859 -0.0654055 0
    outer loop
      vertex 78.7827 49.5 4
      vertex 78.8135 49.9699 0
      vertex 78.8135 49.9699 4
    endloop
  endfacet
  facet normal 0.997859 -0.0654055 0
    outer loop
      vertex 78.8135 49.9699 0
      vertex 78.7827 49.5 4
      vertex 78.7827 49.5 0
    endloop
  endfacet
  facet normal 0.0654055 -0.997859 0
    outer loop
      vertex 81.9128 53.0692 0
      vertex 82.3827 53.1 4
      vertex 81.9128 53.0692 4
    endloop
  endfacet
  facet normal 0.0654055 -0.997859 0
    outer loop
      vertex 82.3827 53.1 4
      vertex 81.9128 53.0692 0
      vertex 82.3827 53.1 0
    endloop
  endfacet
  facet normal -0.0654055 0.997859 0
    outer loop
      vertex 82.8526 45.9308 0
      vertex 82.3827 45.9 4
      vertex 82.8526 45.9308 4
    endloop
  endfacet
  facet normal -0.0654055 0.997859 0
    outer loop
      vertex 82.3827 45.9 4
      vertex 82.8526 45.9308 0
      vertex 82.3827 45.9 0
    endloop
  endfacet
  facet normal -0.659301 -0.751879 0
    outer loop
      vertex 84.5742 52.3561 0
      vertex 84.9283 52.0456 4
      vertex 84.5742 52.3561 4
    endloop
  endfacet
  facet normal -0.659301 -0.751879 -0
    outer loop
      vertex 84.9283 52.0456 4
      vertex 84.5742 52.3561 0
      vertex 84.9283 52.0456 0
    endloop
  endfacet
  facet normal 0.751879 -0.659301 0
    outer loop
      vertex 79.5266 51.6915 4
      vertex 79.8371 52.0456 0
      vertex 79.8371 52.0456 4
    endloop
  endfacet
  facet normal 0.751879 -0.659301 0
    outer loop
      vertex 79.8371 52.0456 0
      vertex 79.5266 51.6915 4
      vertex 79.5266 51.6915 0
    endloop
  endfacet
  facet normal 0.442365 -0.896835 0
    outer loop
      vertex 80.5827 52.6177 0
      vertex 81.005 52.826 4
      vertex 80.5827 52.6177 4
    endloop
  endfacet
  facet normal 0.442365 -0.896835 0
    outer loop
      vertex 81.005 52.826 4
      vertex 80.5827 52.6177 0
      vertex 81.005 52.826 0
    endloop
  endfacet
  facet normal -0.831462 0.555582 0
    outer loop
      vertex 85.2388 47.3085 0
      vertex 85.5004 47.7 4
      vertex 85.5004 47.7 0
    endloop
  endfacet
  facet normal -0.831462 0.555582 0
    outer loop
      vertex 85.5004 47.7 4
      vertex 85.2388 47.3085 0
      vertex 85.2388 47.3085 4
    endloop
  endfacet
  facet normal -0.896919 -0.442194 0
    outer loop
      vertex 85.7086 50.8777 0
      vertex 85.5004 51.3 4
      vertex 85.5004 51.3 0
    endloop
  endfacet
  facet normal -0.896919 -0.442194 0
    outer loop
      vertex 85.5004 51.3 4
      vertex 85.7086 50.8777 0
      vertex 85.7086 50.8777 4
    endloop
  endfacet
  facet normal -0.980768 -0.195177 0
    outer loop
      vertex 85.9519 49.9699 0
      vertex 85.86 50.4317 4
      vertex 85.86 50.4317 0
    endloop
  endfacet
  facet normal -0.980768 -0.195177 0
    outer loop
      vertex 85.86 50.4317 4
      vertex 85.9519 49.9699 0
      vertex 85.9519 49.9699 4
    endloop
  endfacet
  facet normal -0.831462 -0.555582 0
    outer loop
      vertex 85.5004 51.3 0
      vertex 85.2388 51.6915 4
      vertex 85.2388 51.6915 0
    endloop
  endfacet
  facet normal -0.831462 -0.555582 0
    outer loop
      vertex 85.2388 51.6915 4
      vertex 85.5004 51.3 0
      vertex 85.5004 51.3 4
    endloop
  endfacet
  facet normal -0.32132 -0.946971 0
    outer loop
      vertex 83.3144 52.9773 0
      vertex 83.7603 52.826 4
      vertex 83.3144 52.9773 4
    endloop
  endfacet
  facet normal -0.32132 -0.946971 -0
    outer loop
      vertex 83.7603 52.826 4
      vertex 83.3144 52.9773 0
      vertex 83.7603 52.826 0
    endloop
  endfacet
  facet normal -0.195177 -0.980768 0
    outer loop
      vertex 82.8526 53.0692 0
      vertex 83.3144 52.9773 4
      vertex 82.8526 53.0692 4
    endloop
  endfacet
  facet normal -0.195177 -0.980768 -0
    outer loop
      vertex 83.3144 52.9773 4
      vertex 82.8526 53.0692 0
      vertex 83.3144 52.9773 0
    endloop
  endfacet
  facet normal -0.555582 -0.831462 0
    outer loop
      vertex 84.1827 52.6177 0
      vertex 84.5742 52.3561 4
      vertex 84.1827 52.6177 4
    endloop
  endfacet
  facet normal -0.555582 -0.831462 -0
    outer loop
      vertex 84.5742 52.3561 4
      vertex 84.1827 52.6177 0
      vertex 84.5742 52.3561 0
    endloop
  endfacet
  facet normal 0.896835 -0.442365 0
    outer loop
      vertex 79.0567 50.8777 4
      vertex 79.265 51.3 0
      vertex 79.265 51.3 4
    endloop
  endfacet
  facet normal 0.896835 -0.442365 0
    outer loop
      vertex 79.265 51.3 0
      vertex 79.0567 50.8777 4
      vertex 79.0567 50.8777 0
    endloop
  endfacet
  facet normal 0.831462 -0.555582 0
    outer loop
      vertex 79.265 51.3 4
      vertex 79.5266 51.6915 0
      vertex 79.5266 51.6915 4
    endloop
  endfacet
  facet normal 0.831462 -0.555582 0
    outer loop
      vertex 79.5266 51.6915 0
      vertex 79.265 51.3 4
      vertex 79.265 51.3 0
    endloop
  endfacet
  facet normal 0.946928 -0.321446 0
    outer loop
      vertex 78.9053 50.4317 4
      vertex 79.0567 50.8777 0
      vertex 79.0567 50.8777 4
    endloop
  endfacet
  facet normal 0.946928 -0.321446 0
    outer loop
      vertex 79.0567 50.8777 0
      vertex 78.9053 50.4317 4
      vertex 78.9053 50.4317 0
    endloop
  endfacet
  facet normal 0.555484 -0.831527 0
    outer loop
      vertex 80.1911 52.3561 0
      vertex 80.5827 52.6177 4
      vertex 80.1911 52.3561 4
    endloop
  endfacet
  facet normal 0.555484 -0.831527 0
    outer loop
      vertex 80.5827 52.6177 4
      vertex 80.1911 52.3561 0
      vertex 80.5827 52.6177 0
    endloop
  endfacet
  facet normal 0.32132 -0.946971 0
    outer loop
      vertex 81.005 52.826 0
      vertex 81.4509 52.9773 4
      vertex 81.005 52.826 4
    endloop
  endfacet
  facet normal 0.32132 -0.946971 0
    outer loop
      vertex 81.4509 52.9773 4
      vertex 81.005 52.826 0
      vertex 81.4509 52.9773 0
    endloop
  endfacet
  facet normal -0.980768 0.195177 0
    outer loop
      vertex 85.86 48.5683 0
      vertex 85.9519 49.0301 4
      vertex 85.9519 49.0301 0
    endloop
  endfacet
  facet normal -0.980768 0.195177 0
    outer loop
      vertex 85.9519 49.0301 4
      vertex 85.86 48.5683 0
      vertex 85.86 48.5683 4
    endloop
  endfacet
  facet normal -0.195177 0.980768 0
    outer loop
      vertex 83.3144 46.0227 0
      vertex 82.8526 45.9308 4
      vertex 83.3144 46.0227 4
    endloop
  endfacet
  facet normal -0.195177 0.980768 0
    outer loop
      vertex 82.8526 45.9308 4
      vertex 83.3144 46.0227 0
      vertex 82.8526 45.9308 0
    endloop
  endfacet
  facet normal -0.946928 -0.321446 0
    outer loop
      vertex 85.86 50.4317 0
      vertex 85.7086 50.8777 4
      vertex 85.7086 50.8777 0
    endloop
  endfacet
  facet normal -0.946928 -0.321446 0
    outer loop
      vertex 85.7086 50.8777 4
      vertex 85.86 50.4317 0
      vertex 85.86 50.4317 4
    endloop
  endfacet
  facet normal -0.751879 -0.659301 0
    outer loop
      vertex 85.2388 51.6915 0
      vertex 84.9283 52.0456 4
      vertex 84.9283 52.0456 0
    endloop
  endfacet
  facet normal -0.751879 -0.659301 0
    outer loop
      vertex 84.9283 52.0456 4
      vertex 85.2388 51.6915 0
      vertex 85.2388 51.6915 4
    endloop
  endfacet
  facet normal -0.0654055 -0.997859 0
    outer loop
      vertex 82.3827 53.1 0
      vertex 82.8526 53.0692 4
      vertex 82.3827 53.1 4
    endloop
  endfacet
  facet normal -0.0654055 -0.997859 -0
    outer loop
      vertex 82.8526 53.0692 4
      vertex 82.3827 53.1 0
      vertex 82.8526 53.0692 0
    endloop
  endfacet
  facet normal -0.442281 -0.896877 0
    outer loop
      vertex 83.7603 52.826 0
      vertex 84.1827 52.6177 4
      vertex 83.7603 52.826 4
    endloop
  endfacet
  facet normal -0.442281 -0.896877 -0
    outer loop
      vertex 84.1827 52.6177 4
      vertex 83.7603 52.826 0
      vertex 84.1827 52.6177 0
    endloop
  endfacet
  facet normal 0.980809 -0.194972 0
    outer loop
      vertex 78.8135 49.9699 4
      vertex 78.9053 50.4317 0
      vertex 78.9053 50.4317 4
    endloop
  endfacet
  facet normal 0.980809 -0.194972 0
    outer loop
      vertex 78.9053 50.4317 0
      vertex 78.8135 49.9699 4
      vertex 78.8135 49.9699 0
    endloop
  endfacet
  facet normal 0.659406 -0.751787 0
    outer loop
      vertex 79.8371 52.0456 0
      vertex 80.1911 52.3561 4
      vertex 79.8371 52.0456 4
    endloop
  endfacet
  facet normal 0.659406 -0.751787 0
    outer loop
      vertex 80.1911 52.3561 4
      vertex 79.8371 52.0456 0
      vertex 80.1911 52.3561 0
    endloop
  endfacet
  facet normal 0.195136 -0.980776 0
    outer loop
      vertex 81.4509 52.9773 0
      vertex 81.9128 53.0692 4
      vertex 81.4509 52.9773 4
    endloop
  endfacet
  facet normal 0.195136 -0.980776 0
    outer loop
      vertex 81.9128 53.0692 4
      vertex 81.4509 52.9773 0
      vertex 81.9128 53.0692 0
    endloop
  endfacet
  facet normal -0.997859 0.0654055 0
    outer loop
      vertex 85.9519 49.0301 0
      vertex 85.9827 49.5 4
      vertex 85.9827 49.5 0
    endloop
  endfacet
  facet normal -0.997859 0.0654055 0
    outer loop
      vertex 85.9827 49.5 4
      vertex 85.9519 49.0301 0
      vertex 85.9519 49.0301 4
    endloop
  endfacet
  facet normal -0.751879 0.659301 0
    outer loop
      vertex 84.9283 46.9544 0
      vertex 85.2388 47.3085 4
      vertex 85.2388 47.3085 0
    endloop
  endfacet
  facet normal -0.751879 0.659301 0
    outer loop
      vertex 85.2388 47.3085 4
      vertex 84.9283 46.9544 0
      vertex 84.9283 46.9544 4
    endloop
  endfacet
  facet normal 0.896835 0.442365 0
    outer loop
      vertex 79.265 47.7 4
      vertex 79.0567 48.1223 0
      vertex 79.0567 48.1223 4
    endloop
  endfacet
  facet normal 0.896835 0.442365 0
    outer loop
      vertex 79.0567 48.1223 0
      vertex 79.265 47.7 4
      vertex 79.265 47.7 0
    endloop
  endfacet
  facet normal -0.555582 0.831462 0
    outer loop
      vertex 84.5742 46.6439 0
      vertex 84.1827 46.3823 4
      vertex 84.5742 46.6439 4
    endloop
  endfacet
  facet normal -0.555582 0.831462 0
    outer loop
      vertex 84.1827 46.3823 4
      vertex 84.5742 46.6439 0
      vertex 84.1827 46.3823 0
    endloop
  endfacet
  facet normal -0.659301 0.751879 0
    outer loop
      vertex 84.9283 46.9544 0
      vertex 84.5742 46.6439 4
      vertex 84.9283 46.9544 4
    endloop
  endfacet
  facet normal -0.659301 0.751879 0
    outer loop
      vertex 84.5742 46.6439 4
      vertex 84.9283 46.9544 0
      vertex 84.5742 46.6439 0
    endloop
  endfacet
  facet normal -0.896919 0.442194 0
    outer loop
      vertex 85.5004 47.7 0
      vertex 85.7086 48.1223 4
      vertex 85.7086 48.1223 0
    endloop
  endfacet
  facet normal -0.896919 0.442194 0
    outer loop
      vertex 85.7086 48.1223 4
      vertex 85.5004 47.7 0
      vertex 85.5004 47.7 4
    endloop
  endfacet
  facet normal 0.946928 0.321446 0
    outer loop
      vertex 79.0567 48.1223 4
      vertex 78.9053 48.5683 0
      vertex 78.9053 48.5683 4
    endloop
  endfacet
  facet normal 0.946928 0.321446 0
    outer loop
      vertex 78.9053 48.5683 0
      vertex 79.0567 48.1223 4
      vertex 79.0567 48.1223 0
    endloop
  endfacet
  facet normal -0.442281 0.896877 0
    outer loop
      vertex 84.1827 46.3823 0
      vertex 83.7603 46.174 4
      vertex 84.1827 46.3823 4
    endloop
  endfacet
  facet normal -0.442281 0.896877 0
    outer loop
      vertex 83.7603 46.174 4
      vertex 84.1827 46.3823 0
      vertex 83.7603 46.174 0
    endloop
  endfacet
  facet normal -0.32132 0.946971 0
    outer loop
      vertex 83.7603 46.174 0
      vertex 83.3144 46.0227 4
      vertex 83.7603 46.174 4
    endloop
  endfacet
  facet normal -0.32132 0.946971 0
    outer loop
      vertex 83.3144 46.0227 4
      vertex 83.7603 46.174 0
      vertex 83.3144 46.0227 0
    endloop
  endfacet
  facet normal -0.946928 0.321446 0
    outer loop
      vertex 85.7086 48.1223 0
      vertex 85.86 48.5683 4
      vertex 85.86 48.5683 0
    endloop
  endfacet
  facet normal -0.946928 0.321446 0
    outer loop
      vertex 85.86 48.5683 4
      vertex 85.7086 48.1223 0
      vertex 85.7086 48.1223 4
    endloop
  endfacet
  facet normal 0.0654055 0.997859 -0
    outer loop
      vertex 82.3827 45.9 0
      vertex 81.9128 45.9308 4
      vertex 82.3827 45.9 4
    endloop
  endfacet
  facet normal 0.0654055 0.997859 0
    outer loop
      vertex 81.9128 45.9308 4
      vertex 82.3827 45.9 0
      vertex 81.9128 45.9308 0
    endloop
  endfacet
  facet normal 0.32132 0.946971 -0
    outer loop
      vertex 81.4509 46.0227 0
      vertex 81.005 46.174 4
      vertex 81.4509 46.0227 4
    endloop
  endfacet
  facet normal 0.32132 0.946971 0
    outer loop
      vertex 81.005 46.174 4
      vertex 81.4509 46.0227 0
      vertex 81.005 46.174 0
    endloop
  endfacet
  facet normal 0.195136 0.980776 -0
    outer loop
      vertex 81.9128 45.9308 0
      vertex 81.4509 46.0227 4
      vertex 81.9128 45.9308 4
    endloop
  endfacet
  facet normal 0.195136 0.980776 0
    outer loop
      vertex 81.4509 46.0227 4
      vertex 81.9128 45.9308 0
      vertex 81.4509 46.0227 0
    endloop
  endfacet
  facet normal 0.751879 0.659301 0
    outer loop
      vertex 79.8371 46.9544 4
      vertex 79.5266 47.3085 0
      vertex 79.5266 47.3085 4
    endloop
  endfacet
  facet normal 0.751879 0.659301 0
    outer loop
      vertex 79.5266 47.3085 0
      vertex 79.8371 46.9544 4
      vertex 79.8371 46.9544 0
    endloop
  endfacet
  facet normal 0.659406 0.751787 -0
    outer loop
      vertex 80.1911 46.6439 0
      vertex 79.8371 46.9544 4
      vertex 80.1911 46.6439 4
    endloop
  endfacet
  facet normal 0.659406 0.751787 0
    outer loop
      vertex 79.8371 46.9544 4
      vertex 80.1911 46.6439 0
      vertex 79.8371 46.9544 0
    endloop
  endfacet
  facet normal 0.980809 0.194972 0
    outer loop
      vertex 78.9053 48.5683 4
      vertex 78.8135 49.0301 0
      vertex 78.8135 49.0301 4
    endloop
  endfacet
  facet normal 0.980809 0.194972 0
    outer loop
      vertex 78.8135 49.0301 0
      vertex 78.9053 48.5683 4
      vertex 78.9053 48.5683 0
    endloop
  endfacet
  facet normal 0.997859 0.0654055 0
    outer loop
      vertex 78.8135 49.0301 4
      vertex 78.7827 49.5 0
      vertex 78.7827 49.5 4
    endloop
  endfacet
  facet normal 0.997859 0.0654055 0
    outer loop
      vertex 78.7827 49.5 0
      vertex 78.8135 49.0301 4
      vertex 78.8135 49.0301 0
    endloop
  endfacet
  facet normal 0.555484 0.831527 -0
    outer loop
      vertex 80.5827 46.3823 0
      vertex 80.1911 46.6439 4
      vertex 80.5827 46.3823 4
    endloop
  endfacet
  facet normal 0.555484 0.831527 0
    outer loop
      vertex 80.1911 46.6439 4
      vertex 80.5827 46.3823 0
      vertex 80.1911 46.6439 0
    endloop
  endfacet
  facet normal 0.831462 0.555582 0
    outer loop
      vertex 79.5266 47.3085 4
      vertex 79.265 47.7 0
      vertex 79.265 47.7 4
    endloop
  endfacet
  facet normal 0.831462 0.555582 0
    outer loop
      vertex 79.265 47.7 0
      vertex 79.5266 47.3085 4
      vertex 79.5266 47.3085 0
    endloop
  endfacet
  facet normal 0.442365 0.896835 -0
    outer loop
      vertex 81.005 46.174 0
      vertex 80.5827 46.3823 4
      vertex 81.005 46.174 4
    endloop
  endfacet
  facet normal 0.442365 0.896835 0
    outer loop
      vertex 80.5827 46.3823 4
      vertex 81.005 46.174 0
      vertex 80.5827 46.3823 0
    endloop
  endfacet
  facet normal -0.997854 -0.0654821 0
    outer loop
      vertex 86.9827 76.5 0
      vertex 86.9433 77.1004 4
      vertex 86.9433 77.1004 0
    endloop
  endfacet
  facet normal -0.997854 -0.0654821 0
    outer loop
      vertex 86.9433 77.1004 4
      vertex 86.9827 76.5 0
      vertex 86.9827 76.5 4
    endloop
  endfacet
  facet normal 0.0654821 -0.997854 0
    outer loop
      vertex 81.7823 81.0606 0
      vertex 82.3827 81.1 4
      vertex 81.7823 81.0606 4
    endloop
  endfacet
  facet normal 0.0654821 -0.997854 0
    outer loop
      vertex 82.3827 81.1 4
      vertex 81.7823 81.0606 0
      vertex 82.3827 81.1 0
    endloop
  endfacet
  facet normal -0.0654821 0.997854 0
    outer loop
      vertex 82.9831 71.9394 0
      vertex 82.3827 71.9 4
      vertex 82.9831 71.9394 4
    endloop
  endfacet
  facet normal -0.0654821 0.997854 0
    outer loop
      vertex 82.3827 71.9 4
      vertex 82.9831 71.9394 0
      vertex 82.3827 71.9 0
    endloop
  endfacet
  facet normal -0.659304 -0.751876 0
    outer loop
      vertex 85.183 80.1494 0
      vertex 85.6354 79.7527 4
      vertex 85.183 80.1494 4
    endloop
  endfacet
  facet normal -0.659304 -0.751876 -0
    outer loop
      vertex 85.6354 79.7527 4
      vertex 85.183 80.1494 0
      vertex 85.6354 79.7527 0
    endloop
  endfacet
  facet normal 0.751876 -0.659304 0
    outer loop
      vertex 78.7333 79.3003 4
      vertex 79.13 79.7527 0
      vertex 79.13 79.7527 4
    endloop
  endfacet
  facet normal 0.751876 -0.659304 0
    outer loop
      vertex 79.13 79.7527 0
      vertex 78.7333 79.3003 4
      vertex 78.7333 79.3003 0
    endloop
  endfacet
  facet normal 0.442287 -0.896874 0
    outer loop
      vertex 80.0827 80.4837 0
      vertex 80.6223 80.7498 4
      vertex 80.0827 80.4837 4
    endloop
  endfacet
  facet normal 0.442287 -0.896874 0
    outer loop
      vertex 80.6223 80.7498 4
      vertex 80.0827 80.4837 0
      vertex 80.6223 80.7498 0
    endloop
  endfacet
  facet normal -0.896906 0.442221 0
    outer loop
      vertex 86.3664 74.2 0
      vertex 86.6325 74.7397 4
      vertex 86.6325 74.7397 0
    endloop
  endfacet
  facet normal -0.896906 0.442221 0
    outer loop
      vertex 86.6325 74.7397 4
      vertex 86.3664 74.2 0
      vertex 86.3664 74.2 4
    endloop
  endfacet
  facet normal -0.896906 -0.442221 0
    outer loop
      vertex 86.6325 78.2603 0
      vertex 86.3664 78.8 4
      vertex 86.3664 78.8 0
    endloop
  endfacet
  facet normal -0.896906 -0.442221 0
    outer loop
      vertex 86.3664 78.8 4
      vertex 86.6325 78.2603 0
      vertex 86.6325 78.2603 4
    endloop
  endfacet
  facet normal -0.831462 -0.555582 0
    outer loop
      vertex 86.3664 78.8 0
      vertex 86.0321 79.3003 4
      vertex 86.0321 79.3003 0
    endloop
  endfacet
  facet normal -0.831462 -0.555582 0
    outer loop
      vertex 86.0321 79.3003 4
      vertex 86.3664 78.8 0
      vertex 86.3664 78.8 4
    endloop
  endfacet
  facet normal -0.321557 -0.94689 0
    outer loop
      vertex 83.5732 80.9433 0
      vertex 84.143 80.7498 4
      vertex 83.5732 80.9433 4
    endloop
  endfacet
  facet normal -0.321557 -0.94689 -0
    outer loop
      vertex 84.143 80.7498 4
      vertex 83.5732 80.9433 0
      vertex 84.143 80.7498 0
    endloop
  endfacet
  facet normal -0.194965 -0.98081 0
    outer loop
      vertex 82.9831 81.0606 0
      vertex 83.5732 80.9433 4
      vertex 82.9831 81.0606 4
    endloop
  endfacet
  facet normal -0.194965 -0.98081 -0
    outer loop
      vertex 83.5732 80.9433 4
      vertex 82.9831 81.0606 0
      vertex 83.5732 80.9433 0
    endloop
  endfacet
  facet normal -0.442221 -0.896906 0
    outer loop
      vertex 84.143 80.7498 0
      vertex 84.6827 80.4837 4
      vertex 84.143 80.7498 4
    endloop
  endfacet
  facet normal -0.442221 -0.896906 -0
    outer loop
      vertex 84.6827 80.4837 4
      vertex 84.143 80.7498 0
      vertex 84.6827 80.4837 0
    endloop
  endfacet
  facet normal 0.946924 -0.321459 0
    outer loop
      vertex 77.9394 77.6906 4
      vertex 78.1328 78.2603 0
      vertex 78.1328 78.2603 4
    endloop
  endfacet
  facet normal 0.946924 -0.321459 0
    outer loop
      vertex 78.1328 78.2603 0
      vertex 77.9394 77.6906 4
      vertex 77.9394 77.6906 0
    endloop
  endfacet
  facet normal 0.89684 -0.442355 0
    outer loop
      vertex 78.1328 78.2603 4
      vertex 78.399 78.8 0
      vertex 78.399 78.8 4
    endloop
  endfacet
  facet normal 0.89684 -0.442355 0
    outer loop
      vertex 78.399 78.8 0
      vertex 78.1328 78.2603 4
      vertex 78.1328 78.2603 0
    endloop
  endfacet
  facet normal 0.980785 -0.195093 0
    outer loop
      vertex 77.822 77.1004 4
      vertex 77.9394 77.6906 0
      vertex 77.9394 77.6906 4
    endloop
  endfacet
  facet normal 0.980785 -0.195093 0
    outer loop
      vertex 77.9394 77.6906 0
      vertex 77.822 77.1004 4
      vertex 77.822 77.1004 0
    endloop
  endfacet
  facet normal 0.555582 -0.831462 0
    outer loop
      vertex 79.5824 80.1494 0
      vertex 80.0827 80.4837 4
      vertex 79.5824 80.1494 4
    endloop
  endfacet
  facet normal 0.555582 -0.831462 0
    outer loop
      vertex 80.0827 80.4837 4
      vertex 79.5824 80.1494 0
      vertex 80.0827 80.4837 0
    endloop
  endfacet
  facet normal 0.321557 -0.94689 0
    outer loop
      vertex 80.6223 80.7498 0
      vertex 81.1921 80.9433 4
      vertex 80.6223 80.7498 4
    endloop
  endfacet
  facet normal 0.321557 -0.94689 0
    outer loop
      vertex 81.1921 80.9433 4
      vertex 80.6223 80.7498 0
      vertex 81.1921 80.9433 0
    endloop
  endfacet
  facet normal -0.751876 0.659304 0
    outer loop
      vertex 85.6354 73.2473 0
      vertex 86.0321 73.6997 4
      vertex 86.0321 73.6997 0
    endloop
  endfacet
  facet normal -0.751876 0.659304 0
    outer loop
      vertex 86.0321 73.6997 4
      vertex 85.6354 73.2473 0
      vertex 85.6354 73.2473 4
    endloop
  endfacet
  facet normal -0.555582 0.831462 0
    outer loop
      vertex 85.183 72.8506 0
      vertex 84.6827 72.5163 4
      vertex 85.183 72.8506 4
    endloop
  endfacet
  facet normal -0.555582 0.831462 0
    outer loop
      vertex 84.6827 72.5163 4
      vertex 85.183 72.8506 0
      vertex 84.6827 72.5163 0
    endloop
  endfacet
  facet normal 0.194934 0.980816 -0
    outer loop
      vertex 81.7823 71.9394 0
      vertex 81.1921 72.0567 4
      vertex 81.7823 71.9394 4
    endloop
  endfacet
  facet normal 0.194934 0.980816 0
    outer loop
      vertex 81.1921 72.0567 4
      vertex 81.7823 71.9394 0
      vertex 81.1921 72.0567 0
    endloop
  endfacet
  facet normal 0.831462 0.555582 0
    outer loop
      vertex 78.7333 73.6997 4
      vertex 78.399 74.2 0
      vertex 78.399 74.2 4
    endloop
  endfacet
  facet normal 0.831462 0.555582 0
    outer loop
      vertex 78.399 74.2 0
      vertex 78.7333 73.6997 4
      vertex 78.7333 73.6997 0
    endloop
  endfacet
  facet normal 0.751876 0.659304 0
    outer loop
      vertex 79.13 73.2473 4
      vertex 78.7333 73.6997 0
      vertex 78.7333 73.6997 4
    endloop
  endfacet
  facet normal 0.751876 0.659304 0
    outer loop
      vertex 78.7333 73.6997 0
      vertex 79.13 73.2473 4
      vertex 79.13 73.2473 0
    endloop
  endfacet
  facet normal -0.946924 -0.321459 0
    outer loop
      vertex 86.8259 77.6906 0
      vertex 86.6325 78.2603 4
      vertex 86.6325 78.2603 0
    endloop
  endfacet
  facet normal -0.946924 -0.321459 0
    outer loop
      vertex 86.6325 78.2603 4
      vertex 86.8259 77.6906 0
      vertex 86.8259 77.6906 4
    endloop
  endfacet
  facet normal -0.980785 -0.195093 0
    outer loop
      vertex 86.9433 77.1004 0
      vertex 86.8259 77.6906 4
      vertex 86.8259 77.6906 0
    endloop
  endfacet
  facet normal -0.980785 -0.195093 0
    outer loop
      vertex 86.8259 77.6906 4
      vertex 86.9433 77.1004 0
      vertex 86.9433 77.1004 4
    endloop
  endfacet
  facet normal -0.0654821 -0.997854 0
    outer loop
      vertex 82.3827 81.1 0
      vertex 82.9831 81.0606 4
      vertex 82.3827 81.1 4
    endloop
  endfacet
  facet normal -0.0654821 -0.997854 -0
    outer loop
      vertex 82.9831 81.0606 4
      vertex 82.3827 81.1 0
      vertex 82.9831 81.0606 0
    endloop
  endfacet
  facet normal -0.555582 -0.831462 0
    outer loop
      vertex 84.6827 80.4837 0
      vertex 85.183 80.1494 4
      vertex 84.6827 80.4837 4
    endloop
  endfacet
  facet normal -0.555582 -0.831462 -0
    outer loop
      vertex 85.183 80.1494 4
      vertex 84.6827 80.4837 0
      vertex 85.183 80.1494 0
    endloop
  endfacet
  facet normal 0.997865 -0.0653166 0
    outer loop
      vertex 77.7827 76.5 4
      vertex 77.822 77.1004 0
      vertex 77.822 77.1004 4
    endloop
  endfacet
  facet normal 0.997865 -0.0653166 0
    outer loop
      vertex 77.822 77.1004 0
      vertex 77.7827 76.5 4
      vertex 77.7827 76.5 0
    endloop
  endfacet
  facet normal 0.194934 -0.980816 0
    outer loop
      vertex 81.1921 80.9433 0
      vertex 81.7823 81.0606 4
      vertex 81.1921 80.9433 4
    endloop
  endfacet
  facet normal 0.194934 -0.980816 0
    outer loop
      vertex 81.7823 81.0606 4
      vertex 81.1921 80.9433 0
      vertex 81.7823 81.0606 0
    endloop
  endfacet
  facet normal -0.997854 0.0654821 0
    outer loop
      vertex 86.9433 75.8996 0
      vertex 86.9827 76.5 4
      vertex 86.9827 76.5 0
    endloop
  endfacet
  facet normal -0.997854 0.0654821 0
    outer loop
      vertex 86.9827 76.5 4
      vertex 86.9433 75.8996 0
      vertex 86.9433 75.8996 4
    endloop
  endfacet
  facet normal -0.980785 0.195093 0
    outer loop
      vertex 86.8259 75.3094 0
      vertex 86.9433 75.8996 4
      vertex 86.9433 75.8996 0
    endloop
  endfacet
  facet normal -0.980785 0.195093 0
    outer loop
      vertex 86.9433 75.8996 4
      vertex 86.8259 75.3094 0
      vertex 86.8259 75.3094 4
    endloop
  endfacet
  facet normal -0.194965 0.98081 0
    outer loop
      vertex 83.5732 72.0567 0
      vertex 82.9831 71.9394 4
      vertex 83.5732 72.0567 4
    endloop
  endfacet
  facet normal -0.194965 0.98081 0
    outer loop
      vertex 82.9831 71.9394 4
      vertex 83.5732 72.0567 0
      vertex 82.9831 71.9394 0
    endloop
  endfacet
  facet normal -0.442221 0.896906 0
    outer loop
      vertex 84.6827 72.5163 0
      vertex 84.143 72.2502 4
      vertex 84.6827 72.5163 4
    endloop
  endfacet
  facet normal -0.442221 0.896906 0
    outer loop
      vertex 84.143 72.2502 4
      vertex 84.6827 72.5163 0
      vertex 84.143 72.2502 0
    endloop
  endfacet
  facet normal -0.659304 0.751876 0
    outer loop
      vertex 85.6354 73.2473 0
      vertex 85.183 72.8506 4
      vertex 85.6354 73.2473 4
    endloop
  endfacet
  facet normal -0.659304 0.751876 0
    outer loop
      vertex 85.183 72.8506 4
      vertex 85.6354 73.2473 0
      vertex 85.183 72.8506 0
    endloop
  endfacet
  facet normal -0.831462 0.555582 0
    outer loop
      vertex 86.0321 73.6997 0
      vertex 86.3664 74.2 4
      vertex 86.3664 74.2 0
    endloop
  endfacet
  facet normal -0.831462 0.555582 0
    outer loop
      vertex 86.3664 74.2 4
      vertex 86.0321 73.6997 0
      vertex 86.0321 73.6997 4
    endloop
  endfacet
  facet normal 0.442287 0.896874 -0
    outer loop
      vertex 80.6223 72.2502 0
      vertex 80.0827 72.5163 4
      vertex 80.6223 72.2502 4
    endloop
  endfacet
  facet normal 0.442287 0.896874 0
    outer loop
      vertex 80.0827 72.5163 4
      vertex 80.6223 72.2502 0
      vertex 80.0827 72.5163 0
    endloop
  endfacet
  facet normal 0.555582 0.831462 -0
    outer loop
      vertex 80.0827 72.5163 0
      vertex 79.5824 72.8506 4
      vertex 80.0827 72.5163 4
    endloop
  endfacet
  facet normal 0.555582 0.831462 0
    outer loop
      vertex 79.5824 72.8506 4
      vertex 80.0827 72.5163 0
      vertex 79.5824 72.8506 0
    endloop
  endfacet
  facet normal 0.321557 0.94689 -0
    outer loop
      vertex 81.1921 72.0567 0
      vertex 80.6223 72.2502 4
      vertex 81.1921 72.0567 4
    endloop
  endfacet
  facet normal 0.321557 0.94689 0
    outer loop
      vertex 80.6223 72.2502 4
      vertex 81.1921 72.0567 0
      vertex 80.6223 72.2502 0
    endloop
  endfacet
  facet normal 0.0654821 0.997854 -0
    outer loop
      vertex 82.3827 71.9 0
      vertex 81.7823 71.9394 4
      vertex 82.3827 71.9 4
    endloop
  endfacet
  facet normal 0.0654821 0.997854 0
    outer loop
      vertex 81.7823 71.9394 4
      vertex 82.3827 71.9 0
      vertex 81.7823 71.9394 0
    endloop
  endfacet
  facet normal 0.659304 0.751876 -0
    outer loop
      vertex 79.5824 72.8506 0
      vertex 79.13 73.2473 4
      vertex 79.5824 72.8506 4
    endloop
  endfacet
  facet normal 0.659304 0.751876 0
    outer loop
      vertex 79.13 73.2473 4
      vertex 79.5824 72.8506 0
      vertex 79.13 73.2473 0
    endloop
  endfacet
  facet normal 0.89684 0.442355 0
    outer loop
      vertex 78.399 74.2 4
      vertex 78.1328 74.7397 0
      vertex 78.1328 74.7397 4
    endloop
  endfacet
  facet normal 0.89684 0.442355 0
    outer loop
      vertex 78.1328 74.7397 0
      vertex 78.399 74.2 4
      vertex 78.399 74.2 0
    endloop
  endfacet
  facet normal 0.980785 0.195093 0
    outer loop
      vertex 77.9394 75.3094 4
      vertex 77.822 75.8996 0
      vertex 77.822 75.8996 4
    endloop
  endfacet
  facet normal 0.980785 0.195093 0
    outer loop
      vertex 77.822 75.8996 0
      vertex 77.9394 75.3094 4
      vertex 77.9394 75.3094 0
    endloop
  endfacet
  facet normal -0.751876 -0.659304 0
    outer loop
      vertex 86.0321 79.3003 0
      vertex 85.6354 79.7527 4
      vertex 85.6354 79.7527 0
    endloop
  endfacet
  facet normal -0.751876 -0.659304 0
    outer loop
      vertex 85.6354 79.7527 4
      vertex 86.0321 79.3003 0
      vertex 86.0321 79.3003 4
    endloop
  endfacet
  facet normal 0.831462 -0.555582 0
    outer loop
      vertex 78.399 78.8 4
      vertex 78.7333 79.3003 0
      vertex 78.7333 79.3003 4
    endloop
  endfacet
  facet normal 0.831462 -0.555582 0
    outer loop
      vertex 78.7333 79.3003 0
      vertex 78.399 78.8 4
      vertex 78.399 78.8 0
    endloop
  endfacet
  facet normal 0.997865 0.0653166 0
    outer loop
      vertex 77.822 75.8996 4
      vertex 77.7827 76.5 0
      vertex 77.7827 76.5 4
    endloop
  endfacet
  facet normal 0.997865 0.0653166 0
    outer loop
      vertex 77.7827 76.5 0
      vertex 77.822 75.8996 4
      vertex 77.822 75.8996 0
    endloop
  endfacet
  facet normal 0.659304 -0.751876 0
    outer loop
      vertex 79.13 79.7527 0
      vertex 79.5824 80.1494 4
      vertex 79.13 79.7527 4
    endloop
  endfacet
  facet normal 0.659304 -0.751876 0
    outer loop
      vertex 79.5824 80.1494 4
      vertex 79.13 79.7527 0
      vertex 79.5824 80.1494 0
    endloop
  endfacet
  facet normal -0.946924 0.321459 0
    outer loop
      vertex 86.6325 74.7397 0
      vertex 86.8259 75.3094 4
      vertex 86.8259 75.3094 0
    endloop
  endfacet
  facet normal -0.946924 0.321459 0
    outer loop
      vertex 86.8259 75.3094 4
      vertex 86.6325 74.7397 0
      vertex 86.6325 74.7397 4
    endloop
  endfacet
  facet normal -0.321557 0.94689 0
    outer loop
      vertex 84.143 72.2502 0
      vertex 83.5732 72.0567 4
      vertex 84.143 72.2502 4
    endloop
  endfacet
  facet normal -0.321557 0.94689 0
    outer loop
      vertex 83.5732 72.0567 4
      vertex 84.143 72.2502 0
      vertex 83.5732 72.0567 0
    endloop
  endfacet
  facet normal 0.946924 0.321459 0
    outer loop
      vertex 78.1328 74.7397 4
      vertex 77.9394 75.3094 0
      vertex 77.9394 75.3094 4
    endloop
  endfacet
  facet normal 0.946924 0.321459 0
    outer loop
      vertex 77.9394 75.3094 0
      vertex 78.1328 74.7397 4
      vertex 78.1328 74.7397 0
    endloop
  endfacet
  facet normal -0.946934 -0.321427 0
    outer loop
      vertex 74.0684 67.0376 -13
      vertex 73.4125 68.9699 4
      vertex 73.4125 68.9699 -13
    endloop
  endfacet
  facet normal -0.946934 -0.321427 0
    outer loop
      vertex 73.4125 68.9699 4
      vertex 74.0684 67.0376 -13
      vertex 74.0684 67.0376 4
    endloop
  endfacet
  facet normal -0.997858 -0.0654228 0
    outer loop
      vertex 74.6 63 -13
      vertex 74.4665 65.0362 4
      vertex 74.4665 65.0362 -13
    endloop
  endfacet
  facet normal -0.997858 -0.0654228 0
    outer loop
      vertex 74.4665 65.0362 4
      vertex 74.6 63 -13
      vertex 74.6 63 4
    endloop
  endfacet
  facet normal 0.0654228 -0.997858 0
    outer loop
      vertex 56.9638 78.4665 -13
      vertex 59 78.6 4
      vertex 56.9638 78.4665 4
    endloop
  endfacet
  facet normal 0.0654228 -0.997858 0
    outer loop
      vertex 59 78.6 4
      vertex 56.9638 78.4665 -13
      vertex 59 78.6 -13
    endloop
  endfacet
  facet normal -0.65933 -0.751854 0
    outer loop
      vertex 68.4967 75.3763 -13
      vertex 70.0309 74.0309 4
      vertex 68.4967 75.3763 4
    endloop
  endfacet
  facet normal -0.65933 -0.751854 -0
    outer loop
      vertex 70.0309 74.0309 4
      vertex 68.4967 75.3763 -13
      vertex 70.0309 74.0309 -13
    endloop
  endfacet
  facet normal 0.751854 -0.65933 0
    outer loop
      vertex 46.6237 72.4967 4
      vertex 47.9691 74.0309 -13
      vertex 47.9691 74.0309 4
    endloop
  endfacet
  facet normal 0.751854 -0.65933 0
    outer loop
      vertex 47.9691 74.0309 -13
      vertex 46.6237 72.4967 4
      vertex 46.6237 72.4967 -13
    endloop
  endfacet
  facet normal 0.442287 -0.896874 0
    outer loop
      vertex 51.2 76.51 -13
      vertex 53.0301 77.4125 4
      vertex 51.2 76.51 4
    endloop
  endfacet
  facet normal 0.442287 -0.896874 0
    outer loop
      vertex 53.0301 77.4125 4
      vertex 51.2 76.51 -13
      vertex 53.0301 77.4125 -13
    endloop
  endfacet
  facet normal -0.896874 0.442287 0
    outer loop
      vertex 72.51 55.2 -13
      vertex 73.4125 57.0301 4
      vertex 73.4125 57.0301 -13
    endloop
  endfacet
  facet normal -0.896874 0.442287 0
    outer loop
      vertex 73.4125 57.0301 4
      vertex 72.51 55.2 -13
      vertex 72.51 55.2 4
    endloop
  endfacet
  facet normal 0.65933 0.751854 -0
    outer loop
      vertex 49.5033 50.6237 -13
      vertex 47.9691 51.9691 4
      vertex 49.5033 50.6237 4
    endloop
  endfacet
  facet normal 0.65933 0.751854 0
    outer loop
      vertex 47.9691 51.9691 4
      vertex 49.5033 50.6237 -13
      vertex 47.9691 51.9691 -13
    endloop
  endfacet
  facet normal -0.896874 -0.442287 0
    outer loop
      vertex 73.4125 68.9699 -13
      vertex 72.51 70.8 4
      vertex 72.51 70.8 -13
    endloop
  endfacet
  facet normal -0.896874 -0.442287 0
    outer loop
      vertex 72.51 70.8 4
      vertex 73.4125 68.9699 -13
      vertex 73.4125 68.9699 4
    endloop
  endfacet
  facet normal -0.321427 -0.946934 0
    outer loop
      vertex 63.0376 78.0684 -13
      vertex 64.9699 77.4125 4
      vertex 63.0376 78.0684 4
    endloop
  endfacet
  facet normal -0.321427 -0.946934 -0
    outer loop
      vertex 64.9699 77.4125 4
      vertex 63.0376 78.0684 -13
      vertex 64.9699 77.4125 -13
    endloop
  endfacet
  facet normal -0.195089 -0.980786 0
    outer loop
      vertex 61.0362 78.4665 -13
      vertex 63.0376 78.0684 4
      vertex 61.0362 78.4665 4
    endloop
  endfacet
  facet normal -0.195089 -0.980786 -0
    outer loop
      vertex 63.0376 78.0684 4
      vertex 61.0362 78.4665 -13
      vertex 63.0376 78.0684 -13
    endloop
  endfacet
  facet normal -0.555571 -0.831469 0
    outer loop
      vertex 66.8 76.51 -13
      vertex 68.4967 75.3763 4
      vertex 66.8 76.51 4
    endloop
  endfacet
  facet normal -0.555571 -0.831469 -0
    outer loop
      vertex 68.4967 75.3763 4
      vertex 66.8 76.51 -13
      vertex 68.4967 75.3763 -13
    endloop
  endfacet
  facet normal 0.946934 -0.321427 0
    outer loop
      vertex 43.9316 67.0376 4
      vertex 44.5875 68.9699 -13
      vertex 44.5875 68.9699 4
    endloop
  endfacet
  facet normal 0.946934 -0.321427 0
    outer loop
      vertex 44.5875 68.9699 -13
      vertex 43.9316 67.0376 4
      vertex 43.9316 67.0376 -13
    endloop
  endfacet
  facet normal 0.896874 -0.442287 0
    outer loop
      vertex 44.5875 68.9699 4
      vertex 45.49 70.8 -13
      vertex 45.49 70.8 4
    endloop
  endfacet
  facet normal 0.896874 -0.442287 0
    outer loop
      vertex 45.49 70.8 -13
      vertex 44.5875 68.9699 4
      vertex 44.5875 68.9699 -13
    endloop
  endfacet
  facet normal 0.980786 -0.195089 0
    outer loop
      vertex 43.5335 65.0362 4
      vertex 43.9316 67.0376 -13
      vertex 43.9316 67.0376 4
    endloop
  endfacet
  facet normal 0.980786 -0.195089 0
    outer loop
      vertex 43.9316 67.0376 -13
      vertex 43.5335 65.0362 4
      vertex 43.5335 65.0362 -13
    endloop
  endfacet
  facet normal 0.997858 0.0654228 0
    outer loop
      vertex 43.5335 60.9638 4
      vertex 43.4 63 -13
      vertex 43.4 63 4
    endloop
  endfacet
  facet normal 0.997858 0.0654228 0
    outer loop
      vertex 43.4 63 -13
      vertex 43.5335 60.9638 4
      vertex 43.5335 60.9638 -13
    endloop
  endfacet
  facet normal 0.65933 -0.751854 0
    outer loop
      vertex 47.9691 74.0309 -13
      vertex 49.5033 75.3763 4
      vertex 47.9691 74.0309 4
    endloop
  endfacet
  facet normal 0.65933 -0.751854 0
    outer loop
      vertex 49.5033 75.3763 4
      vertex 47.9691 74.0309 -13
      vertex 49.5033 75.3763 -13
    endloop
  endfacet
  facet normal 0.195089 -0.980786 0
    outer loop
      vertex 54.9624 78.0684 -13
      vertex 56.9638 78.4665 4
      vertex 54.9624 78.0684 4
    endloop
  endfacet
  facet normal 0.195089 -0.980786 0
    outer loop
      vertex 56.9638 78.4665 4
      vertex 54.9624 78.0684 -13
      vertex 56.9638 78.4665 -13
    endloop
  endfacet
  facet normal 0.195089 0.980786 -0
    outer loop
      vertex 56.9638 47.5335 -13
      vertex 54.9624 47.9316 4
      vertex 56.9638 47.5335 4
    endloop
  endfacet
  facet normal 0.195089 0.980786 0
    outer loop
      vertex 54.9624 47.9316 4
      vertex 56.9638 47.5335 -13
      vertex 54.9624 47.9316 -13
    endloop
  endfacet
  facet normal -0.831469 -0.555571 0
    outer loop
      vertex 72.51 70.8 -13
      vertex 71.3763 72.4967 4
      vertex 71.3763 72.4967 -13
    endloop
  endfacet
  facet normal -0.831469 -0.555571 0
    outer loop
      vertex 71.3763 72.4967 4
      vertex 72.51 70.8 -13
      vertex 72.51 70.8 4
    endloop
  endfacet
  facet normal -0.751854 -0.65933 0
    outer loop
      vertex 71.3763 72.4967 -13
      vertex 70.0309 74.0309 4
      vertex 70.0309 74.0309 -13
    endloop
  endfacet
  facet normal -0.751854 -0.65933 0
    outer loop
      vertex 70.0309 74.0309 4
      vertex 71.3763 72.4967 -13
      vertex 71.3763 72.4967 4
    endloop
  endfacet
  facet normal -0.442287 -0.896874 0
    outer loop
      vertex 64.9699 77.4125 -13
      vertex 66.8 76.51 4
      vertex 64.9699 77.4125 4
    endloop
  endfacet
  facet normal -0.442287 -0.896874 -0
    outer loop
      vertex 66.8 76.51 4
      vertex 64.9699 77.4125 -13
      vertex 66.8 76.51 -13
    endloop
  endfacet
  facet normal 0 0 1
    outer loop
      vertex 71.5 63 -13
      vertex 74.6 63 -13
      vertex 74.4665 65.0362 -13
    endloop
  endfacet
  facet normal 0 0 1
    outer loop
      vertex 71.3931 64.6316 -13
      vertex 74.4665 65.0362 -13
      vertex 74.0684 67.0376 -13
    endloop
  endfacet
  facet normal 0 0 1
    outer loop
      vertex 74.6 63 -13
      vertex 71.5 63 -13
      vertex 74.4665 60.9638 -13
    endloop
  endfacet
  facet normal 0 0 1
    outer loop
      vertex 71.0741 66.2352 -13
      vertex 74.0684 67.0376 -13
      vertex 73.4125 68.9699 -13
    endloop
  endfacet
  facet normal -0 0 1
    outer loop
      vertex 71.3931 61.3684 -13
      vertex 74.4665 60.9638 -13
      vertex 71.5 63 -13
    endloop
  endfacet
  facet normal 0 0 1
    outer loop
      vertex 70.5485 67.7835 -13
      vertex 73.4125 68.9699 -13
      vertex 72.51 70.8 -13
    endloop
  endfacet
  facet normal 0 0 1
    outer loop
      vertex 74.4665 60.9638 -13
      vertex 71.3931 61.3684 -13
      vertex 74.0684 58.9624 -13
    endloop
  endfacet
  facet normal -0 0 1
    outer loop
      vertex 71.0741 59.7648 -13
      vertex 74.0684 58.9624 -13
      vertex 71.3931 61.3684 -13
    endloop
  endfacet
  facet normal 0 0 1
    outer loop
      vertex 74.4665 65.0362 -13
      vertex 71.3931 64.6316 -13
      vertex 71.5 63 -13
    endloop
  endfacet
  facet normal 0 0 1
    outer loop
      vertex 69.8253 69.25 -13
      vertex 72.51 70.8 -13
      vertex 71.3763 72.4967 -13
    endloop
  endfacet
  facet normal 0 0 1
    outer loop
      vertex 74.0684 67.0376 -13
      vertex 71.0741 66.2352 -13
      vertex 71.3931 64.6316 -13
    endloop
  endfacet
  facet normal 0 0 1
    outer loop
      vertex 73.4125 68.9699 -13
      vertex 70.5485 67.7835 -13
      vertex 71.0741 66.2352 -13
    endloop
  endfacet
  facet normal 0 0 1
    outer loop
      vertex 68.9169 70.6095 -13
      vertex 71.3763 72.4967 -13
      vertex 70.0309 74.0309 -13
    endloop
  endfacet
  facet normal 0 0 1
    outer loop
      vertex 72.51 70.8 -13
      vertex 69.8253 69.25 -13
      vertex 70.5485 67.7835 -13
    endloop
  endfacet
  facet normal 0 0 1
    outer loop
      vertex 71.3763 72.4967 -13
      vertex 68.9169 70.6095 -13
      vertex 69.8253 69.25 -13
    endloop
  endfacet
  facet normal 0 0 1
    outer loop
      vertex 67.8388 71.8388 -13
      vertex 70.0309 74.0309 -13
      vertex 68.4967 75.3763 -13
    endloop
  endfacet
  facet normal 0 0 1
    outer loop
      vertex 70.0309 74.0309 -13
      vertex 67.8388 71.8388 -13
      vertex 68.9169 70.6095 -13
    endloop
  endfacet
  facet normal 0 0 1
    outer loop
      vertex 66.6095 72.9169 -13
      vertex 68.4967 75.3763 -13
      vertex 66.8 76.51 -13
    endloop
  endfacet
  facet normal 0 0 1
    outer loop
      vertex 68.4967 75.3763 -13
      vertex 66.6095 72.9169 -13
      vertex 67.8388 71.8388 -13
    endloop
  endfacet
  facet normal 0 0 1
    outer loop
      vertex 66.8 76.51 -13
      vertex 65.25 73.8253 -13
      vertex 66.6095 72.9169 -13
    endloop
  endfacet
  facet normal 0 0 1
    outer loop
      vertex 64.9699 77.4125 -13
      vertex 65.25 73.8253 -13
      vertex 66.8 76.51 -13
    endloop
  endfacet
  facet normal 0 0 1
    outer loop
      vertex 64.9699 77.4125 -13
      vertex 63.7835 74.5485 -13
      vertex 65.25 73.8253 -13
    endloop
  endfacet
  facet normal 0 0 1
    outer loop
      vertex 63.0376 78.0684 -13
      vertex 63.7835 74.5485 -13
      vertex 64.9699 77.4125 -13
    endloop
  endfacet
  facet normal 0 0 1
    outer loop
      vertex 63.0376 78.0684 -13
      vertex 62.2352 75.0741 -13
      vertex 63.7835 74.5485 -13
    endloop
  endfacet
  facet normal 0 0 1
    outer loop
      vertex 61.0362 78.4665 -13
      vertex 62.2352 75.0741 -13
      vertex 63.0376 78.0684 -13
    endloop
  endfacet
  facet normal 0 0 1
    outer loop
      vertex 61.0362 78.4665 -13
      vertex 60.6316 75.3931 -13
      vertex 62.2352 75.0741 -13
    endloop
  endfacet
  facet normal 0 0 1
    outer loop
      vertex 59 78.6 -13
      vertex 60.6316 75.3931 -13
      vertex 61.0362 78.4665 -13
    endloop
  endfacet
  facet normal 0 0 1
    outer loop
      vertex 59 78.6 -13
      vertex 59 75.5 -13
      vertex 60.6316 75.3931 -13
    endloop
  endfacet
  facet normal 0 0 1
    outer loop
      vertex 59 78.6 -13
      vertex 57.3684 75.3931 -13
      vertex 59 75.5 -13
    endloop
  endfacet
  facet normal -0 0 1
    outer loop
      vertex 56.9638 78.4665 -13
      vertex 57.3684 75.3931 -13
      vertex 59 78.6 -13
    endloop
  endfacet
  facet normal 0 0 1
    outer loop
      vertex 56.9638 78.4665 -13
      vertex 55.7648 75.0741 -13
      vertex 57.3684 75.3931 -13
    endloop
  endfacet
  facet normal -0 0 1
    outer loop
      vertex 54.9624 78.0684 -13
      vertex 55.7648 75.0741 -13
      vertex 56.9638 78.4665 -13
    endloop
  endfacet
  facet normal 0 0 1
    outer loop
      vertex 54.9624 78.0684 -13
      vertex 54.2165 74.5485 -13
      vertex 55.7648 75.0741 -13
    endloop
  endfacet
  facet normal -0 0 1
    outer loop
      vertex 53.0301 77.4125 -13
      vertex 54.2165 74.5485 -13
      vertex 54.9624 78.0684 -13
    endloop
  endfacet
  facet normal 0 0 1
    outer loop
      vertex 53.0301 77.4125 -13
      vertex 52.75 73.8253 -13
      vertex 54.2165 74.5485 -13
    endloop
  endfacet
  facet normal -0 0 1
    outer loop
      vertex 51.2 76.51 -13
      vertex 52.75 73.8253 -13
      vertex 53.0301 77.4125 -13
    endloop
  endfacet
  facet normal 0 0 1
    outer loop
      vertex 52.75 73.8253 -13
      vertex 51.2 76.51 -13
      vertex 51.3905 72.9169 -13
    endloop
  endfacet
  facet normal -0 0 1
    outer loop
      vertex 49.5033 75.3763 -13
      vertex 51.3905 72.9169 -13
      vertex 51.2 76.51 -13
    endloop
  endfacet
  facet normal 0 0 1
    outer loop
      vertex 51.3905 72.9169 -13
      vertex 49.5033 75.3763 -13
      vertex 50.1612 71.8388 -13
    endloop
  endfacet
  facet normal -0 0 1
    outer loop
      vertex 47.9691 74.0309 -13
      vertex 50.1612 71.8388 -13
      vertex 49.5033 75.3763 -13
    endloop
  endfacet
  facet normal 0 0 1
    outer loop
      vertex 50.1612 71.8388 -13
      vertex 47.9691 74.0309 -13
      vertex 49.0831 70.6095 -13
    endloop
  endfacet
  facet normal -0 0 1
    outer loop
      vertex 46.6237 72.4967 -13
      vertex 49.0831 70.6095 -13
      vertex 47.9691 74.0309 -13
    endloop
  endfacet
  facet normal 0 0 1
    outer loop
      vertex 49.0831 70.6095 -13
      vertex 46.6237 72.4967 -13
      vertex 48.1747 69.25 -13
    endloop
  endfacet
  facet normal -0 0 1
    outer loop
      vertex 45.49 70.8 -13
      vertex 48.1747 69.25 -13
      vertex 46.6237 72.4967 -13
    endloop
  endfacet
  facet normal 0 0 1
    outer loop
      vertex 48.1747 69.25 -13
      vertex 45.49 70.8 -13
      vertex 47.4515 67.7835 -13
    endloop
  endfacet
  facet normal -0 0 1
    outer loop
      vertex 44.5875 68.9699 -13
      vertex 47.4515 67.7835 -13
      vertex 45.49 70.8 -13
    endloop
  endfacet
  facet normal 0 0 1
    outer loop
      vertex 47.4515 67.7835 -13
      vertex 44.5875 68.9699 -13
      vertex 46.9259 66.2352 -13
    endloop
  endfacet
  facet normal -0 0 1
    outer loop
      vertex 43.9316 67.0376 -13
      vertex 46.9259 66.2352 -13
      vertex 44.5875 68.9699 -13
    endloop
  endfacet
  facet normal 0 0 1
    outer loop
      vertex 74.0684 58.9624 -13
      vertex 71.0741 59.7648 -13
      vertex 73.4125 57.0301 -13
    endloop
  endfacet
  facet normal -0 0 1
    outer loop
      vertex 70.5485 58.2165 -13
      vertex 73.4125 57.0301 -13
      vertex 71.0741 59.7648 -13
    endloop
  endfacet
  facet normal 0 0 1
    outer loop
      vertex 73.4125 57.0301 -13
      vertex 70.5485 58.2165 -13
      vertex 72.51 55.2 -13
    endloop
  endfacet
  facet normal -0 0 1
    outer loop
      vertex 69.8253 56.75 -13
      vertex 72.51 55.2 -13
      vertex 70.5485 58.2165 -13
    endloop
  endfacet
  facet normal 0 0 1
    outer loop
      vertex 72.51 55.2 -13
      vertex 69.8253 56.75 -13
      vertex 71.3763 53.5033 -13
    endloop
  endfacet
  facet normal -0 0 1
    outer loop
      vertex 68.9169 55.3905 -13
      vertex 71.3763 53.5033 -13
      vertex 69.8253 56.75 -13
    endloop
  endfacet
  facet normal 0 0 1
    outer loop
      vertex 71.3763 53.5033 -13
      vertex 68.9169 55.3905 -13
      vertex 70.0309 51.9691 -13
    endloop
  endfacet
  facet normal -0 0 1
    outer loop
      vertex 67.8388 54.1612 -13
      vertex 70.0309 51.9691 -13
      vertex 68.9169 55.3905 -13
    endloop
  endfacet
  facet normal 0 0 1
    outer loop
      vertex 70.0309 51.9691 -13
      vertex 67.8388 54.1612 -13
      vertex 68.4967 50.6237 -13
    endloop
  endfacet
  facet normal -0 0 1
    outer loop
      vertex 66.6095 53.0831 -13
      vertex 68.4967 50.6237 -13
      vertex 67.8388 54.1612 -13
    endloop
  endfacet
  facet normal 0 0 1
    outer loop
      vertex 68.4967 50.6237 -13
      vertex 66.6095 53.0831 -13
      vertex 66.8 49.49 -13
    endloop
  endfacet
  facet normal -0 0 1
    outer loop
      vertex 65.25 52.1747 -13
      vertex 66.8 49.49 -13
      vertex 66.6095 53.0831 -13
    endloop
  endfacet
  facet normal 0 0 1
    outer loop
      vertex 65.25 52.1747 -13
      vertex 64.9699 48.5875 -13
      vertex 66.8 49.49 -13
    endloop
  endfacet
  facet normal -0 0 1
    outer loop
      vertex 63.7835 51.4515 -13
      vertex 64.9699 48.5875 -13
      vertex 65.25 52.1747 -13
    endloop
  endfacet
  facet normal 0 0 1
    outer loop
      vertex 63.7835 51.4515 -13
      vertex 63.0376 47.9316 -13
      vertex 64.9699 48.5875 -13
    endloop
  endfacet
  facet normal -0 0 1
    outer loop
      vertex 62.2352 50.9259 -13
      vertex 63.0376 47.9316 -13
      vertex 63.7835 51.4515 -13
    endloop
  endfacet
  facet normal 0 0 1
    outer loop
      vertex 62.2352 50.9259 -13
      vertex 61.0362 47.5335 -13
      vertex 63.0376 47.9316 -13
    endloop
  endfacet
  facet normal -0 0 1
    outer loop
      vertex 60.6316 50.6069 -13
      vertex 61.0362 47.5335 -13
      vertex 62.2352 50.9259 -13
    endloop
  endfacet
  facet normal -0 0 1
    outer loop
      vertex 59 50.5 -13
      vertex 61.0362 47.5335 -13
      vertex 60.6316 50.6069 -13
    endloop
  endfacet
  facet normal 0 0 1
    outer loop
      vertex 59 50.5 -13
      vertex 59 47.4 -13
      vertex 61.0362 47.5335 -13
    endloop
  endfacet
  facet normal 0 0 1
    outer loop
      vertex 57.3684 50.6069 -13
      vertex 59 47.4 -13
      vertex 59 50.5 -13
    endloop
  endfacet
  facet normal 0 0 1
    outer loop
      vertex 57.3684 50.6069 -13
      vertex 56.9638 47.5335 -13
      vertex 59 47.4 -13
    endloop
  endfacet
  facet normal 0 0 1
    outer loop
      vertex 55.7648 50.9259 -13
      vertex 56.9638 47.5335 -13
      vertex 57.3684 50.6069 -13
    endloop
  endfacet
  facet normal 0 0 1
    outer loop
      vertex 55.7648 50.9259 -13
      vertex 54.9624 47.9316 -13
      vertex 56.9638 47.5335 -13
    endloop
  endfacet
  facet normal 0 0 1
    outer loop
      vertex 54.2165 51.4515 -13
      vertex 54.9624 47.9316 -13
      vertex 55.7648 50.9259 -13
    endloop
  endfacet
  facet normal 0 0 1
    outer loop
      vertex 54.2165 51.4515 -13
      vertex 53.0301 48.5875 -13
      vertex 54.9624 47.9316 -13
    endloop
  endfacet
  facet normal 0 0 1
    outer loop
      vertex 52.75 52.1747 -13
      vertex 53.0301 48.5875 -13
      vertex 54.2165 51.4515 -13
    endloop
  endfacet
  facet normal 0 0 1
    outer loop
      vertex 51.2 49.49 -13
      vertex 52.75 52.1747 -13
      vertex 51.3905 53.0831 -13
    endloop
  endfacet
  facet normal 0 0 1
    outer loop
      vertex 52.75 52.1747 -13
      vertex 51.2 49.49 -13
      vertex 53.0301 48.5875 -13
    endloop
  endfacet
  facet normal 0 0 1
    outer loop
      vertex 49.5033 50.6237 -13
      vertex 51.3905 53.0831 -13
      vertex 50.1612 54.1612 -13
    endloop
  endfacet
  facet normal 0 0 1
    outer loop
      vertex 51.3905 53.0831 -13
      vertex 49.5033 50.6237 -13
      vertex 51.2 49.49 -13
    endloop
  endfacet
  facet normal 0 0 1
    outer loop
      vertex 47.9691 51.9691 -13
      vertex 50.1612 54.1612 -13
      vertex 49.0831 55.3905 -13
    endloop
  endfacet
  facet normal 0 0 1
    outer loop
      vertex 46.6237 53.5033 -13
      vertex 49.0831 55.3905 -13
      vertex 48.1747 56.75 -13
    endloop
  endfacet
  facet normal 0 0 1
    outer loop
      vertex 50.1612 54.1612 -13
      vertex 47.9691 51.9691 -13
      vertex 49.5033 50.6237 -13
    endloop
  endfacet
  facet normal 0 0 1
    outer loop
      vertex 45.49 55.2 -13
      vertex 48.1747 56.75 -13
      vertex 47.4515 58.2165 -13
    endloop
  endfacet
  facet normal 0 0 1
    outer loop
      vertex 44.5875 57.0301 -13
      vertex 47.4515 58.2165 -13
      vertex 46.9259 59.7648 -13
    endloop
  endfacet
  facet normal 0 0 1
    outer loop
      vertex 49.0831 55.3905 -13
      vertex 46.6237 53.5033 -13
      vertex 47.9691 51.9691 -13
    endloop
  endfacet
  facet normal 0 0 1
    outer loop
      vertex 43.9316 58.9624 -13
      vertex 46.9259 59.7648 -13
      vertex 46.6069 61.3684 -13
    endloop
  endfacet
  facet normal 0 0 1
    outer loop
      vertex 43.5335 60.9638 -13
      vertex 46.6069 61.3684 -13
      vertex 46.5 63 -13
    endloop
  endfacet
  facet normal 0 0 1
    outer loop
      vertex 46.9259 66.2352 -13
      vertex 43.9316 67.0376 -13
      vertex 46.6069 64.6316 -13
    endloop
  endfacet
  facet normal 0 0 1
    outer loop
      vertex 48.1747 56.75 -13
      vertex 45.49 55.2 -13
      vertex 46.6237 53.5033 -13
    endloop
  endfacet
  facet normal -0 0 1
    outer loop
      vertex 43.5335 65.0362 -13
      vertex 46.6069 64.6316 -13
      vertex 43.9316 67.0376 -13
    endloop
  endfacet
  facet normal 0 0 1
    outer loop
      vertex 47.4515 58.2165 -13
      vertex 44.5875 57.0301 -13
      vertex 45.49 55.2 -13
    endloop
  endfacet
  facet normal 0 0 1
    outer loop
      vertex 46.6069 64.6316 -13
      vertex 43.5335 65.0362 -13
      vertex 46.5 63 -13
    endloop
  endfacet
  facet normal 0 0 1
    outer loop
      vertex 46.9259 59.7648 -13
      vertex 43.9316 58.9624 -13
      vertex 44.5875 57.0301 -13
    endloop
  endfacet
  facet normal 0 0 1
    outer loop
      vertex 43.4 63 -13
      vertex 46.5 63 -13
      vertex 43.5335 65.0362 -13
    endloop
  endfacet
  facet normal 0 0 1
    outer loop
      vertex 46.6069 61.3684 -13
      vertex 43.5335 60.9638 -13
      vertex 43.9316 58.9624 -13
    endloop
  endfacet
  facet normal 0 0 1
    outer loop
      vertex 46.5 63 -13
      vertex 43.4 63 -13
      vertex 43.5335 60.9638 -13
    endloop
  endfacet
  facet normal 0.321427 -0.946934 0
    outer loop
      vertex 53.0301 77.4125 -13
      vertex 54.9624 78.0684 4
      vertex 53.0301 77.4125 4
    endloop
  endfacet
  facet normal 0.321427 -0.946934 0
    outer loop
      vertex 54.9624 78.0684 4
      vertex 53.0301 77.4125 -13
      vertex 54.9624 78.0684 -13
    endloop
  endfacet
  facet normal -0.997858 0.0654228 0
    outer loop
      vertex 74.4665 60.9638 -13
      vertex 74.6 63 4
      vertex 74.6 63 -13
    endloop
  endfacet
  facet normal -0.997858 0.0654228 0
    outer loop
      vertex 74.6 63 4
      vertex 74.4665 60.9638 -13
      vertex 74.4665 60.9638 4
    endloop
  endfacet
  facet normal -0.980786 0.195089 0
    outer loop
      vertex 74.0684 58.9624 -13
      vertex 74.4665 60.9638 4
      vertex 74.4665 60.9638 -13
    endloop
  endfacet
  facet normal -0.980786 0.195089 0
    outer loop
      vertex 74.4665 60.9638 4
      vertex 74.0684 58.9624 -13
      vertex 74.0684 58.9624 4
    endloop
  endfacet
  facet normal -0.442287 0.896874 0
    outer loop
      vertex 66.8 49.49 -13
      vertex 64.9699 48.5875 4
      vertex 66.8 49.49 4
    endloop
  endfacet
  facet normal -0.442287 0.896874 0
    outer loop
      vertex 64.9699 48.5875 4
      vertex 66.8 49.49 -13
      vertex 64.9699 48.5875 -13
    endloop
  endfacet
  facet normal -0.195089 0.980786 0
    outer loop
      vertex 63.0376 47.9316 -13
      vertex 61.0362 47.5335 4
      vertex 63.0376 47.9316 4
    endloop
  endfacet
  facet normal -0.195089 0.980786 0
    outer loop
      vertex 61.0362 47.5335 4
      vertex 63.0376 47.9316 -13
      vertex 61.0362 47.5335 -13
    endloop
  endfacet
  facet normal -0.321427 0.946934 0
    outer loop
      vertex 64.9699 48.5875 -13
      vertex 63.0376 47.9316 4
      vertex 64.9699 48.5875 4
    endloop
  endfacet
  facet normal -0.321427 0.946934 0
    outer loop
      vertex 63.0376 47.9316 4
      vertex 64.9699 48.5875 -13
      vertex 63.0376 47.9316 -13
    endloop
  endfacet
  facet normal -0.555571 0.831469 0
    outer loop
      vertex 68.4967 50.6237 -13
      vertex 66.8 49.49 4
      vertex 68.4967 50.6237 4
    endloop
  endfacet
  facet normal -0.555571 0.831469 0
    outer loop
      vertex 66.8 49.49 4
      vertex 68.4967 50.6237 -13
      vertex 66.8 49.49 -13
    endloop
  endfacet
  facet normal -0.751854 0.65933 0
    outer loop
      vertex 70.0309 51.9691 -13
      vertex 71.3763 53.5033 4
      vertex 71.3763 53.5033 -13
    endloop
  endfacet
  facet normal -0.751854 0.65933 0
    outer loop
      vertex 71.3763 53.5033 4
      vertex 70.0309 51.9691 -13
      vertex 70.0309 51.9691 4
    endloop
  endfacet
  facet normal -0.65933 0.751854 0
    outer loop
      vertex 70.0309 51.9691 -13
      vertex 68.4967 50.6237 4
      vertex 70.0309 51.9691 4
    endloop
  endfacet
  facet normal -0.65933 0.751854 0
    outer loop
      vertex 68.4967 50.6237 4
      vertex 70.0309 51.9691 -13
      vertex 68.4967 50.6237 -13
    endloop
  endfacet
  facet normal -0.831469 0.555571 0
    outer loop
      vertex 71.3763 53.5033 -13
      vertex 72.51 55.2 4
      vertex 72.51 55.2 -13
    endloop
  endfacet
  facet normal -0.831469 0.555571 0
    outer loop
      vertex 72.51 55.2 4
      vertex 71.3763 53.5033 -13
      vertex 71.3763 53.5033 4
    endloop
  endfacet
  facet normal 0.0654228 0.997858 -0
    outer loop
      vertex 59 47.4 -13
      vertex 56.9638 47.5335 4
      vertex 59 47.4 4
    endloop
  endfacet
  facet normal 0.0654228 0.997858 0
    outer loop
      vertex 56.9638 47.5335 4
      vertex 59 47.4 -13
      vertex 56.9638 47.5335 -13
    endloop
  endfacet
  facet normal 0.442287 0.896874 -0
    outer loop
      vertex 53.0301 48.5875 -13
      vertex 51.2 49.49 4
      vertex 53.0301 48.5875 4
    endloop
  endfacet
  facet normal 0.442287 0.896874 0
    outer loop
      vertex 51.2 49.49 4
      vertex 53.0301 48.5875 -13
      vertex 51.2 49.49 -13
    endloop
  endfacet
  facet normal 0.555571 0.831469 -0
    outer loop
      vertex 51.2 49.49 -13
      vertex 49.5033 50.6237 4
      vertex 51.2 49.49 4
    endloop
  endfacet
  facet normal 0.555571 0.831469 0
    outer loop
      vertex 49.5033 50.6237 4
      vertex 51.2 49.49 -13
      vertex 49.5033 50.6237 -13
    endloop
  endfacet
  facet normal 0.321427 0.946934 -0
    outer loop
      vertex 54.9624 47.9316 -13
      vertex 53.0301 48.5875 4
      vertex 54.9624 47.9316 4
    endloop
  endfacet
  facet normal 0.321427 0.946934 0
    outer loop
      vertex 53.0301 48.5875 4
      vertex 54.9624 47.9316 -13
      vertex 53.0301 48.5875 -13
    endloop
  endfacet
  facet normal -0.0654228 0.997858 0
    outer loop
      vertex 61.0362 47.5335 -13
      vertex 59 47.4 4
      vertex 61.0362 47.5335 4
    endloop
  endfacet
  facet normal -0.0654228 0.997858 0
    outer loop
      vertex 59 47.4 4
      vertex 61.0362 47.5335 -13
      vertex 59 47.4 -13
    endloop
  endfacet
  facet normal 0.831469 0.555571 0
    outer loop
      vertex 46.6237 53.5033 4
      vertex 45.49 55.2 -13
      vertex 45.49 55.2 4
    endloop
  endfacet
  facet normal 0.831469 0.555571 0
    outer loop
      vertex 45.49 55.2 -13
      vertex 46.6237 53.5033 4
      vertex 46.6237 53.5033 -13
    endloop
  endfacet
  facet normal 0.896874 0.442287 0
    outer loop
      vertex 45.49 55.2 4
      vertex 44.5875 57.0301 -13
      vertex 44.5875 57.0301 4
    endloop
  endfacet
  facet normal 0.896874 0.442287 0
    outer loop
      vertex 44.5875 57.0301 -13
      vertex 45.49 55.2 4
      vertex 45.49 55.2 -13
    endloop
  endfacet
  facet normal 0.980786 0.195089 0
    outer loop
      vertex 43.9316 58.9624 4
      vertex 43.5335 60.9638 -13
      vertex 43.5335 60.9638 4
    endloop
  endfacet
  facet normal 0.980786 0.195089 0
    outer loop
      vertex 43.5335 60.9638 -13
      vertex 43.9316 58.9624 4
      vertex 43.9316 58.9624 -13
    endloop
  endfacet
  facet normal -0.980786 -0.195089 0
    outer loop
      vertex 74.4665 65.0362 -13
      vertex 74.0684 67.0376 4
      vertex 74.0684 67.0376 -13
    endloop
  endfacet
  facet normal -0.980786 -0.195089 0
    outer loop
      vertex 74.0684 67.0376 4
      vertex 74.4665 65.0362 -13
      vertex 74.4665 65.0362 4
    endloop
  endfacet
  facet normal -0.0654228 -0.997858 0
    outer loop
      vertex 59 78.6 -13
      vertex 61.0362 78.4665 4
      vertex 59 78.6 4
    endloop
  endfacet
  facet normal -0.0654228 -0.997858 -0
    outer loop
      vertex 61.0362 78.4665 4
      vertex 59 78.6 -13
      vertex 61.0362 78.4665 -13
    endloop
  endfacet
  facet normal 0.831469 -0.555571 0
    outer loop
      vertex 45.49 70.8 4
      vertex 46.6237 72.4967 -13
      vertex 46.6237 72.4967 4
    endloop
  endfacet
  facet normal 0.831469 -0.555571 0
    outer loop
      vertex 46.6237 72.4967 -13
      vertex 45.49 70.8 4
      vertex 45.49 70.8 -13
    endloop
  endfacet
  facet normal 0.997858 -0.0654228 0
    outer loop
      vertex 43.4 63 4
      vertex 43.5335 65.0362 -13
      vertex 43.5335 65.0362 4
    endloop
  endfacet
  facet normal 0.997858 -0.0654228 0
    outer loop
      vertex 43.5335 65.0362 -13
      vertex 43.4 63 4
      vertex 43.4 63 -13
    endloop
  endfacet
  facet normal 0.555571 -0.831469 0
    outer loop
      vertex 49.5033 75.3763 -13
      vertex 51.2 76.51 4
      vertex 49.5033 75.3763 4
    endloop
  endfacet
  facet normal 0.555571 -0.831469 0
    outer loop
      vertex 51.2 76.51 4
      vertex 49.5033 75.3763 -13
      vertex 51.2 76.51 -13
    endloop
  endfacet
  facet normal -0.946934 0.321427 0
    outer loop
      vertex 73.4125 57.0301 -13
      vertex 74.0684 58.9624 4
      vertex 74.0684 58.9624 -13
    endloop
  endfacet
  facet normal -0.946934 0.321427 0
    outer loop
      vertex 74.0684 58.9624 4
      vertex 73.4125 57.0301 -13
      vertex 73.4125 57.0301 4
    endloop
  endfacet
  facet normal 0.751854 0.65933 0
    outer loop
      vertex 47.9691 51.9691 4
      vertex 46.6237 53.5033 -13
      vertex 46.6237 53.5033 4
    endloop
  endfacet
  facet normal 0.751854 0.65933 0
    outer loop
      vertex 46.6237 53.5033 -13
      vertex 47.9691 51.9691 4
      vertex 47.9691 51.9691 -13
    endloop
  endfacet
  facet normal 0.946934 0.321427 0
    outer loop
      vertex 44.5875 57.0301 4
      vertex 43.9316 58.9624 -13
      vertex 43.9316 58.9624 4
    endloop
  endfacet
  facet normal 0.946934 0.321427 0
    outer loop
      vertex 43.9316 58.9624 -13
      vertex 44.5875 57.0301 4
      vertex 44.5875 57.0301 -13
    endloop
  endfacet
  facet normal -0.997861 -0.0653783 0
    outer loop
      vertex 71.5 63 -15
      vertex 71.3931 64.6316 -13
      vertex 71.3931 64.6316 -15
    endloop
  endfacet
  facet normal -0.997861 -0.0653783 0
    outer loop
      vertex 71.3931 64.6316 -13
      vertex 71.5 63 -15
      vertex 71.5 63 -13
    endloop
  endfacet
  facet normal 0.0653783 -0.997861 0
    outer loop
      vertex 57.3684 75.3931 -15
      vertex 59 75.5 -13
      vertex 57.3684 75.3931 -13
    endloop
  endfacet
  facet normal 0.0653783 -0.997861 0
    outer loop
      vertex 59 75.5 -13
      vertex 57.3684 75.3931 -15
      vertex 59 75.5 -15
    endloop
  endfacet
  facet normal -0.659357 -0.75183 0
    outer loop
      vertex 66.6095 72.9169 -15
      vertex 67.8388 71.8388 -13
      vertex 66.6095 72.9169 -13
    endloop
  endfacet
  facet normal -0.659357 -0.75183 -0
    outer loop
      vertex 67.8388 71.8388 -13
      vertex 66.6095 72.9169 -15
      vertex 67.8388 71.8388 -15
    endloop
  endfacet
  facet normal 0.75183 -0.659357 0
    outer loop
      vertex 49.0831 70.6095 -13
      vertex 50.1612 71.8388 -15
      vertex 50.1612 71.8388 -13
    endloop
  endfacet
  facet normal 0.75183 -0.659357 0
    outer loop
      vertex 50.1612 71.8388 -15
      vertex 49.0831 70.6095 -13
      vertex 49.0831 70.6095 -15
    endloop
  endfacet
  facet normal 0.44229 -0.896872 0
    outer loop
      vertex 52.75 73.8253 -15
      vertex 54.2165 74.5485 -13
      vertex 52.75 73.8253 -13
    endloop
  endfacet
  facet normal 0.44229 -0.896872 0
    outer loop
      vertex 54.2165 74.5485 -13
      vertex 52.75 73.8253 -15
      vertex 54.2165 74.5485 -15
    endloop
  endfacet
  facet normal -0.896872 -0.44229 0
    outer loop
      vertex 70.5485 67.7835 -15
      vertex 69.8253 69.25 -13
      vertex 69.8253 69.25 -15
    endloop
  endfacet
  facet normal -0.896872 -0.44229 0
    outer loop
      vertex 69.8253 69.25 -13
      vertex 70.5485 67.7835 -15
      vertex 70.5485 67.7835 -13
    endloop
  endfacet
  facet normal -0.321452 -0.946926 0
    outer loop
      vertex 62.2352 75.0741 -15
      vertex 63.7835 74.5485 -13
      vertex 62.2352 75.0741 -13
    endloop
  endfacet
  facet normal -0.321452 -0.946926 -0
    outer loop
      vertex 63.7835 74.5485 -13
      vertex 62.2352 75.0741 -15
      vertex 63.7835 74.5485 -15
    endloop
  endfacet
  facet normal -0.195105 -0.980782 0
    outer loop
      vertex 60.6316 75.3931 -15
      vertex 62.2352 75.0741 -13
      vertex 60.6316 75.3931 -13
    endloop
  endfacet
  facet normal -0.195105 -0.980782 -0
    outer loop
      vertex 62.2352 75.0741 -13
      vertex 60.6316 75.3931 -15
      vertex 62.2352 75.0741 -15
    endloop
  endfacet
  facet normal -0.555575 -0.831466 0
    outer loop
      vertex 65.25 73.8253 -15
      vertex 66.6095 72.9169 -13
      vertex 65.25 73.8253 -13
    endloop
  endfacet
  facet normal -0.555575 -0.831466 -0
    outer loop
      vertex 66.6095 72.9169 -13
      vertex 65.25 73.8253 -15
      vertex 66.6095 72.9169 -15
    endloop
  endfacet
  facet normal 0.896872 -0.44229 0
    outer loop
      vertex 47.4515 67.7835 -13
      vertex 48.1747 69.25 -15
      vertex 48.1747 69.25 -13
    endloop
  endfacet
  facet normal 0.896872 -0.44229 0
    outer loop
      vertex 48.1747 69.25 -15
      vertex 47.4515 67.7835 -13
      vertex 47.4515 67.7835 -15
    endloop
  endfacet
  facet normal 0.831466 -0.555575 0
    outer loop
      vertex 48.1747 69.25 -13
      vertex 49.0831 70.6095 -15
      vertex 49.0831 70.6095 -13
    endloop
  endfacet
  facet normal 0.831466 -0.555575 0
    outer loop
      vertex 49.0831 70.6095 -15
      vertex 48.1747 69.25 -13
      vertex 48.1747 69.25 -15
    endloop
  endfacet
  facet normal 0.980782 -0.195105 0
    outer loop
      vertex 46.6069 64.6316 -13
      vertex 46.9259 66.2352 -15
      vertex 46.9259 66.2352 -13
    endloop
  endfacet
  facet normal 0.980782 -0.195105 0
    outer loop
      vertex 46.9259 66.2352 -15
      vertex 46.6069 64.6316 -13
      vertex 46.6069 64.6316 -15
    endloop
  endfacet
  facet normal 0.659357 -0.75183 0
    outer loop
      vertex 50.1612 71.8388 -15
      vertex 51.3905 72.9169 -13
      vertex 50.1612 71.8388 -13
    endloop
  endfacet
  facet normal 0.659357 -0.75183 0
    outer loop
      vertex 51.3905 72.9169 -13
      vertex 50.1612 71.8388 -15
      vertex 51.3905 72.9169 -15
    endloop
  endfacet
  facet normal 0.321452 -0.946926 0
    outer loop
      vertex 54.2165 74.5485 -15
      vertex 55.7648 75.0741 -13
      vertex 54.2165 74.5485 -13
    endloop
  endfacet
  facet normal 0.321452 -0.946926 0
    outer loop
      vertex 55.7648 75.0741 -13
      vertex 54.2165 74.5485 -15
      vertex 55.7648 75.0741 -15
    endloop
  endfacet
  facet normal -0.896872 0.44229 0
    outer loop
      vertex 69.8253 56.75 -15
      vertex 70.5485 58.2165 -13
      vertex 70.5485 58.2165 -15
    endloop
  endfacet
  facet normal -0.896872 0.44229 0
    outer loop
      vertex 70.5485 58.2165 -13
      vertex 69.8253 56.75 -15
      vertex 69.8253 56.75 -13
    endloop
  endfacet
  facet normal -0.831466 0.555575 0
    outer loop
      vertex 68.9169 55.3905 -15
      vertex 69.8253 56.75 -13
      vertex 69.8253 56.75 -15
    endloop
  endfacet
  facet normal -0.831466 0.555575 0
    outer loop
      vertex 69.8253 56.75 -13
      vertex 68.9169 55.3905 -15
      vertex 68.9169 55.3905 -13
    endloop
  endfacet
  facet normal -0.980782 0.195105 0
    outer loop
      vertex 71.0741 59.7648 -15
      vertex 71.3931 61.3684 -13
      vertex 71.3931 61.3684 -15
    endloop
  endfacet
  facet normal -0.980782 0.195105 0
    outer loop
      vertex 71.3931 61.3684 -13
      vertex 71.0741 59.7648 -15
      vertex 71.0741 59.7648 -13
    endloop
  endfacet
  facet normal 0.555575 0.831466 -0
    outer loop
      vertex 52.75 52.1747 -15
      vertex 51.3905 53.0831 -13
      vertex 52.75 52.1747 -13
    endloop
  endfacet
  facet normal 0.555575 0.831466 0
    outer loop
      vertex 51.3905 53.0831 -13
      vertex 52.75 52.1747 -15
      vertex 51.3905 53.0831 -15
    endloop
  endfacet
  facet normal 0.195105 0.980782 -0
    outer loop
      vertex 57.3684 50.6069 -15
      vertex 55.7648 50.9259 -13
      vertex 57.3684 50.6069 -13
    endloop
  endfacet
  facet normal 0.195105 0.980782 0
    outer loop
      vertex 55.7648 50.9259 -13
      vertex 57.3684 50.6069 -15
      vertex 55.7648 50.9259 -15
    endloop
  endfacet
  facet normal 0.659357 0.75183 -0
    outer loop
      vertex 51.3905 53.0831 -15
      vertex 50.1612 54.1612 -13
      vertex 51.3905 53.0831 -13
    endloop
  endfacet
  facet normal 0.659357 0.75183 0
    outer loop
      vertex 50.1612 54.1612 -13
      vertex 51.3905 53.0831 -15
      vertex 50.1612 54.1612 -15
    endloop
  endfacet
  facet normal -0.946926 -0.321452 0
    outer loop
      vertex 71.0741 66.2352 -15
      vertex 70.5485 67.7835 -13
      vertex 70.5485 67.7835 -15
    endloop
  endfacet
  facet normal -0.946926 -0.321452 0
    outer loop
      vertex 70.5485 67.7835 -13
      vertex 71.0741 66.2352 -15
      vertex 71.0741 66.2352 -13
    endloop
  endfacet
  facet normal -0.980782 -0.195105 0
    outer loop
      vertex 71.3931 64.6316 -15
      vertex 71.0741 66.2352 -13
      vertex 71.0741 66.2352 -15
    endloop
  endfacet
  facet normal -0.980782 -0.195105 0
    outer loop
      vertex 71.0741 66.2352 -13
      vertex 71.3931 64.6316 -15
      vertex 71.3931 64.6316 -13
    endloop
  endfacet
  facet normal -0.75183 -0.659357 0
    outer loop
      vertex 68.9169 70.6095 -15
      vertex 67.8388 71.8388 -13
      vertex 67.8388 71.8388 -15
    endloop
  endfacet
  facet normal -0.75183 -0.659357 0
    outer loop
      vertex 67.8388 71.8388 -13
      vertex 68.9169 70.6095 -15
      vertex 68.9169 70.6095 -13
    endloop
  endfacet
  facet normal -0.831466 -0.555575 0
    outer loop
      vertex 69.8253 69.25 -15
      vertex 68.9169 70.6095 -13
      vertex 68.9169 70.6095 -15
    endloop
  endfacet
  facet normal -0.831466 -0.555575 0
    outer loop
      vertex 68.9169 70.6095 -13
      vertex 69.8253 69.25 -15
      vertex 69.8253 69.25 -13
    endloop
  endfacet
  facet normal -0.0653783 -0.997861 0
    outer loop
      vertex 59 75.5 -15
      vertex 60.6316 75.3931 -13
      vertex 59 75.5 -13
    endloop
  endfacet
  facet normal -0.0653783 -0.997861 -0
    outer loop
      vertex 60.6316 75.3931 -13
      vertex 59 75.5 -15
      vertex 60.6316 75.3931 -15
    endloop
  endfacet
  facet normal 0.946926 -0.321452 0
    outer loop
      vertex 46.9259 66.2352 -13
      vertex 47.4515 67.7835 -15
      vertex 47.4515 67.7835 -13
    endloop
  endfacet
  facet normal 0.946926 -0.321452 0
    outer loop
      vertex 47.4515 67.7835 -15
      vertex 46.9259 66.2352 -13
      vertex 46.9259 66.2352 -15
    endloop
  endfacet
  facet normal 0.997861 -0.0653783 0
    outer loop
      vertex 46.5 63 -13
      vertex 46.6069 64.6316 -15
      vertex 46.6069 64.6316 -13
    endloop
  endfacet
  facet normal 0.997861 -0.0653783 0
    outer loop
      vertex 46.6069 64.6316 -15
      vertex 46.5 63 -13
      vertex 46.5 63 -15
    endloop
  endfacet
  facet normal 0.555575 -0.831466 0
    outer loop
      vertex 51.3905 72.9169 -15
      vertex 52.75 73.8253 -13
      vertex 51.3905 72.9169 -13
    endloop
  endfacet
  facet normal 0.555575 -0.831466 0
    outer loop
      vertex 52.75 73.8253 -13
      vertex 51.3905 72.9169 -15
      vertex 52.75 73.8253 -15
    endloop
  endfacet
  facet normal 0.195105 -0.980782 0
    outer loop
      vertex 55.7648 75.0741 -15
      vertex 57.3684 75.3931 -13
      vertex 55.7648 75.0741 -13
    endloop
  endfacet
  facet normal 0.195105 -0.980782 0
    outer loop
      vertex 57.3684 75.3931 -13
      vertex 55.7648 75.0741 -15
      vertex 57.3684 75.3931 -15
    endloop
  endfacet
  facet normal -0.195105 0.980782 0
    outer loop
      vertex 62.2352 50.9259 -15
      vertex 60.6316 50.6069 -13
      vertex 62.2352 50.9259 -13
    endloop
  endfacet
  facet normal -0.195105 0.980782 0
    outer loop
      vertex 60.6316 50.6069 -13
      vertex 62.2352 50.9259 -15
      vertex 60.6316 50.6069 -15
    endloop
  endfacet
  facet normal -0.44229 0.896872 0
    outer loop
      vertex 65.25 52.1747 -15
      vertex 63.7835 51.4515 -13
      vertex 65.25 52.1747 -13
    endloop
  endfacet
  facet normal -0.44229 0.896872 0
    outer loop
      vertex 63.7835 51.4515 -13
      vertex 65.25 52.1747 -15
      vertex 63.7835 51.4515 -15
    endloop
  endfacet
  facet normal -0.555575 0.831466 0
    outer loop
      vertex 66.6095 53.0831 -15
      vertex 65.25 52.1747 -13
      vertex 66.6095 53.0831 -13
    endloop
  endfacet
  facet normal -0.555575 0.831466 0
    outer loop
      vertex 65.25 52.1747 -13
      vertex 66.6095 53.0831 -15
      vertex 65.25 52.1747 -15
    endloop
  endfacet
  facet normal -0.75183 0.659357 0
    outer loop
      vertex 67.8388 54.1612 -15
      vertex 68.9169 55.3905 -13
      vertex 68.9169 55.3905 -15
    endloop
  endfacet
  facet normal -0.75183 0.659357 0
    outer loop
      vertex 68.9169 55.3905 -13
      vertex 67.8388 54.1612 -15
      vertex 67.8388 54.1612 -13
    endloop
  endfacet
  facet normal -0.659357 0.75183 0
    outer loop
      vertex 67.8388 54.1612 -15
      vertex 66.6095 53.0831 -13
      vertex 67.8388 54.1612 -13
    endloop
  endfacet
  facet normal -0.659357 0.75183 0
    outer loop
      vertex 66.6095 53.0831 -13
      vertex 67.8388 54.1612 -15
      vertex 66.6095 53.0831 -15
    endloop
  endfacet
  facet normal -0.997861 0.0653783 0
    outer loop
      vertex 71.3931 61.3684 -15
      vertex 71.5 63 -13
      vertex 71.5 63 -15
    endloop
  endfacet
  facet normal -0.997861 0.0653783 0
    outer loop
      vertex 71.5 63 -13
      vertex 71.3931 61.3684 -15
      vertex 71.3931 61.3684 -13
    endloop
  endfacet
  facet normal 0.44229 0.896872 -0
    outer loop
      vertex 54.2165 51.4515 -15
      vertex 52.75 52.1747 -13
      vertex 54.2165 51.4515 -13
    endloop
  endfacet
  facet normal 0.44229 0.896872 0
    outer loop
      vertex 52.75 52.1747 -13
      vertex 54.2165 51.4515 -15
      vertex 52.75 52.1747 -15
    endloop
  endfacet
  facet normal 0.0653783 0.997861 -0
    outer loop
      vertex 59 50.5 -15
      vertex 57.3684 50.6069 -13
      vertex 59 50.5 -13
    endloop
  endfacet
  facet normal 0.0653783 0.997861 0
    outer loop
      vertex 57.3684 50.6069 -13
      vertex 59 50.5 -15
      vertex 57.3684 50.6069 -15
    endloop
  endfacet
  facet normal 0.831466 0.555575 0
    outer loop
      vertex 49.0831 55.3905 -13
      vertex 48.1747 56.75 -15
      vertex 48.1747 56.75 -13
    endloop
  endfacet
  facet normal 0.831466 0.555575 0
    outer loop
      vertex 48.1747 56.75 -15
      vertex 49.0831 55.3905 -13
      vertex 49.0831 55.3905 -15
    endloop
  endfacet
  facet normal 0.896872 0.44229 0
    outer loop
      vertex 48.1747 56.75 -13
      vertex 47.4515 58.2165 -15
      vertex 47.4515 58.2165 -13
    endloop
  endfacet
  facet normal 0.896872 0.44229 0
    outer loop
      vertex 47.4515 58.2165 -15
      vertex 48.1747 56.75 -13
      vertex 48.1747 56.75 -15
    endloop
  endfacet
  facet normal 0.980782 0.195105 0
    outer loop
      vertex 46.9259 59.7648 -13
      vertex 46.6069 61.3684 -15
      vertex 46.6069 61.3684 -13
    endloop
  endfacet
  facet normal 0.980782 0.195105 0
    outer loop
      vertex 46.6069 61.3684 -15
      vertex 46.9259 59.7648 -13
      vertex 46.9259 59.7648 -15
    endloop
  endfacet
  facet normal -0.44229 -0.896872 0
    outer loop
      vertex 63.7835 74.5485 -15
      vertex 65.25 73.8253 -13
      vertex 63.7835 74.5485 -13
    endloop
  endfacet
  facet normal -0.44229 -0.896872 -0
    outer loop
      vertex 65.25 73.8253 -13
      vertex 63.7835 74.5485 -15
      vertex 65.25 73.8253 -15
    endloop
  endfacet
  facet normal 0.997861 0.0653783 0
    outer loop
      vertex 46.6069 61.3684 -13
      vertex 46.5 63 -15
      vertex 46.5 63 -13
    endloop
  endfacet
  facet normal 0.997861 0.0653783 0
    outer loop
      vertex 46.5 63 -15
      vertex 46.6069 61.3684 -13
      vertex 46.6069 61.3684 -15
    endloop
  endfacet
  facet normal -0.321452 0.946926 0
    outer loop
      vertex 63.7835 51.4515 -15
      vertex 62.2352 50.9259 -13
      vertex 63.7835 51.4515 -13
    endloop
  endfacet
  facet normal -0.321452 0.946926 0
    outer loop
      vertex 62.2352 50.9259 -13
      vertex 63.7835 51.4515 -15
      vertex 62.2352 50.9259 -15
    endloop
  endfacet
  facet normal -0.946926 0.321452 0
    outer loop
      vertex 70.5485 58.2165 -15
      vertex 71.0741 59.7648 -13
      vertex 71.0741 59.7648 -15
    endloop
  endfacet
  facet normal -0.946926 0.321452 0
    outer loop
      vertex 71.0741 59.7648 -13
      vertex 70.5485 58.2165 -15
      vertex 70.5485 58.2165 -13
    endloop
  endfacet
  facet normal 0.321452 0.946926 -0
    outer loop
      vertex 55.7648 50.9259 -15
      vertex 54.2165 51.4515 -13
      vertex 55.7648 50.9259 -13
    endloop
  endfacet
  facet normal 0.321452 0.946926 0
    outer loop
      vertex 54.2165 51.4515 -13
      vertex 55.7648 50.9259 -15
      vertex 54.2165 51.4515 -15
    endloop
  endfacet
  facet normal -0.0653783 0.997861 0
    outer loop
      vertex 60.6316 50.6069 -15
      vertex 59 50.5 -13
      vertex 60.6316 50.6069 -13
    endloop
  endfacet
  facet normal -0.0653783 0.997861 0
    outer loop
      vertex 59 50.5 -13
      vertex 60.6316 50.6069 -15
      vertex 59 50.5 -15
    endloop
  endfacet
  facet normal 0.75183 0.659357 0
    outer loop
      vertex 50.1612 54.1612 -13
      vertex 49.0831 55.3905 -15
      vertex 49.0831 55.3905 -13
    endloop
  endfacet
  facet normal 0.75183 0.659357 0
    outer loop
      vertex 49.0831 55.3905 -15
      vertex 50.1612 54.1612 -13
      vertex 50.1612 54.1612 -15
    endloop
  endfacet
  facet normal 0.946926 0.321452 0
    outer loop
      vertex 47.4515 58.2165 -13
      vertex 46.9259 59.7648 -15
      vertex 46.9259 59.7648 -13
    endloop
  endfacet
  facet normal 0.946926 0.321452 0
    outer loop
      vertex 46.9259 59.7648 -15
      vertex 47.4515 58.2165 -13
      vertex 47.4515 58.2165 -15
    endloop
  endfacet
endsolid OpenSCAD_Model
